"subject","grade","item","p_all","p_treated","p_control","observed_correct_all","observed_correct_treated","observed_correct_control","response_rate_all","response_rate_treated","response_rate_control","missing_rate_all","corrected_item_total","ctt_flag_treated","ctt_flag_all","irt_constant_excluded","item_label","irt_discrimination","irt_difficulty","irt_flag","treated_minus_control","review_bucket"
"Arabic",1,"a110y3_nv3",0.491620111731844,0.473684210526316,0.511904761904762,0.49438202247191,0.473684210526316,0.518072289156626,0.994413407821229,1,0.988095238095238,0.005586592178771,0.178350341462631,"in_range","in_range",FALSE,"Listen to the story, and answer the question: Who fell in the pit ?",1,0.249023684538948,"in_range",-0.0382205513784461,NA
"Arabic",1,"a111y3_nv3",0.575418994413408,0.621052631578947,0.523809523809524,0.578651685393258,0.621052631578947,0.530120481927711,0.994413407821229,1,0.988095238095238,0.005586592178771,0.238969921420209,"in_range","in_range",FALSE,"Listen to the story, and answer the question: How did the cat get out of the pit",1,-0.290497981268812,"in_range",0.0972431077694236,NA
"Arabic",1,"a112y3_nv3",0.374301675977654,0.421052631578947,0.321428571428571,0.378531073446328,0.425531914893617,0.325301204819277,0.988826815642458,0.989473684210526,0.988095238095238,0.0111731843575419,0.185091231631946,"in_range","in_range",FALSE,"Put the pictures in the right order. (Animals helping a cat)",1,0.982267827530322,"in_range",0.0996240601503759,NA
"Arabic",1,"a113y3_nv3",0.916201117318436,0.957894736842105,0.869047619047619,0.931818181818182,0.957894736842105,0.901234567901235,0.983240223463687,1,0.964285714285714,0.0167597765363129,0.59056151955605,"very_easy","very_easy",FALSE,"Read the letters",1,-3.81638070465932,"very_easy",0.0888471177944862,"easy_high_coverage"
"Arabic",1,"a114y3_nv3",0.927374301675978,0.957894736842105,0.892857142857143,0.959537572254335,0.968085106382979,0.949367088607595,0.966480446927374,0.989473684210526,0.94047619047619,0.0335195530726257,0.636888107012626,"very_easy","very_easy",FALSE,"Read the letters",1,-4.05632341932276,"very_easy",0.0650375939849623,"easy_high_coverage"
"Arabic",1,"a115y3_nv3",0.94413407821229,0.978947368421053,0.904761904761905,0.94413407821229,0.978947368421053,0.904761904761905,1,1,1,0,0.529415933362669,"very_easy","very_easy",FALSE,"Read the letters",1,-4.47346974903401,"very_easy",0.0741854636591479,"easy_high_coverage"
"Arabic",1,"a116y3_nv3",0.832402234636871,0.894736842105263,0.761904761904762,0.832402234636871,0.894736842105263,0.761904761904762,1,1,1,0,0.577175987856338,"in_range","in_range",FALSE,"Read the letters",1,-2.50958742069487,"very_easy",0.132832080200501,NA
"Arabic",1,"a117y3_nv3",0.949720670391061,0.978947368421053,0.916666666666667,0.955056179775281,0.978947368421053,0.927710843373494,0.994413407821229,1,0.988095238095238,0.005586592178771,0.488745182003181,"very_easy","very_easy",FALSE,"Read the letters",1,-4.6334019367293,"very_easy",0.062280701754386,"easy_high_coverage"
"Arabic",1,"a118y3_nv3",0.94413407821229,0.968421052631579,0.916666666666667,0.94413407821229,0.968421052631579,0.916666666666667,1,1,1,0,0.566422869000966,"very_easy","very_easy",FALSE,"Read the letters",1,-4.47346974903401,"very_easy",0.0517543859649123,"easy_high_coverage"
"Arabic",1,"a119y3_nv3",0.94413407821229,0.989473684210526,0.892857142857143,0.954802259887006,0.989473684210526,0.914634146341463,0.988826815642458,1,0.976190476190476,0.0111731843575419,0.348988754477266,"very_easy","very_easy",FALSE,"Read the letters",1,-4.47346974903401,"very_easy",0.0966165413533834,"easy_high_coverage"
"Arabic",1,"a11y3_nv3",0.810055865921788,0.894736842105263,0.714285714285714,0.833333333333333,0.904255319148936,0.75,0.972067039106145,0.989473684210526,0.952380952380952,0.0279329608938548,0.50622925730347,"in_range","in_range",FALSE,"Describe what you see in the picture: What is the boy holding ?",1,-2.24566830947271,"very_easy",0.180451127819549,NA
"Arabic",1,"a120y3_nv3",0.877094972067039,0.926315789473684,0.821428571428571,0.877094972067039,0.926315789473684,0.821428571428572,1,1,1,0,0.651878164022573,"very_easy","in_range",FALSE,"Read the letters",1,-3.12566339356809,"very_easy",0.104887218045113,"easy_high_coverage"
"Arabic",1,"a121y3_nv3",0.899441340782123,0.936842105263158,0.857142857142857,0.930635838150289,0.946808510638298,0.911392405063291,0.966480446927374,0.989473684210526,0.94047619047619,0.0335195530726257,0.609431668647209,"very_easy","in_range",FALSE,"Read the letters",1,-3.49675582807288,"very_easy",0.0796992481203008,"easy_high_coverage"
"Arabic",1,"a122y3_nv3",0.972067039106145,1,0.94047619047619,0.972067039106145,1,0.94047619047619,1,1,1,0,0.369453173418426,"very_easy","very_easy",FALSE,"Read the letters",1,-5.45890292137282,"very_easy",0.0595238095238095,"easy_high_coverage"
"Arabic",1,"a123y3_nv3",0.860335195530726,0.947368421052632,0.761904761904762,0.875,0.957446808510638,0.780487804878049,0.983240223463687,0.989473684210526,0.976190476190476,0.0167597765363129,0.555800491017039,"very_easy","in_range",FALSE,"Read the letters",1,-2.8781552644858,"very_easy",0.18546365914787,"easy_high_coverage"
"Arabic",1,"a124y3_nv3",0.927374301675978,0.978947368421053,0.869047619047619,0.948571428571429,0.98936170212766,0.901234567901235,0.977653631284916,0.989473684210526,0.964285714285714,0.0223463687150838,0.619549353909587,"very_easy","very_easy",FALSE,"Read the letters",1,-4.05632341932276,"very_easy",0.109899749373434,"easy_high_coverage"
"Arabic",1,"a125y3_nv3",0.888268156424581,0.926315789473684,0.845238095238095,0.935294117647059,0.936170212765957,0.93421052631579,0.949720670391061,0.989473684210526,0.904761904761905,0.0502793296089385,0.753691643304946,"very_easy","in_range",FALSE,"Read the words",1,-3.30452024558796,"very_easy",0.081077694235589,"easy_high_coverage"
"Arabic",1,"a126y3_nv3",0.849162011173184,0.91578947368421,0.773809523809524,0.910179640718563,0.925531914893617,0.89041095890411,0.932960893854749,0.989473684210526,0.869047619047619,0.0670391061452514,0.750086241825676,"very_easy","in_range",FALSE,"Read the words",1,-2.72483819236187,"very_easy",0.141979949874687,"easy_high_coverage"
"Arabic",1,"a127y3_nv3",0.832402234636871,0.91578947368421,0.738095238095238,0.892215568862275,0.925531914893617,0.849315068493151,0.932960893854749,0.989473684210526,0.869047619047619,0.0670391061452514,0.821953933806495,"very_easy","in_range",FALSE,"Read the words",1,-2.50958742069487,"very_easy",0.177694235588972,"easy_high_coverage"
"Arabic",1,"a128y3_nv3",0.759776536312849,0.852631578947368,0.654761904761905,0.819277108433735,0.870967741935484,0.753424657534247,0.927374301675978,0.978947368421053,0.869047619047619,0.0726256983240223,0.787192274110725,"in_range","in_range",FALSE,"Read the words",1,-1.72539851298419,"in_range",0.197869674185464,NA
"Arabic",1,"a129y3_nv3",0.731843575418994,0.842105263157895,0.607142857142857,0.798780487804878,0.860215053763441,0.71830985915493,0.916201117318436,0.978947368421053,0.845238095238095,0.0837988826815642,0.765003761018815,"in_range","in_range",FALSE,"Read the words",1,-1.46962516909694,"in_range",0.234962406015038,NA
"Arabic",1,"a12y3_nv3",0.508379888268156,0.515789473684211,0.5,0.619047619047619,0.636363636363636,0.6,0.82122905027933,0.810526315789474,0.833333333333333,0.17877094972067,0.184568058124032,"in_range","in_range",FALSE,"Describe what you see in the picture: What is the boy doing ?",1,0.143480380278364,"in_range",0.0157894736842106,NA
"Arabic",1,"a130y3_nv3",0.770949720670391,0.831578947368421,0.702380952380952,0.836363636363636,0.868131868131868,0.797297297297297,0.921787709497207,0.957894736842105,0.880952380952381,0.0782122905027933,0.778336109763466,"in_range","in_range",FALSE,"Read the words",1,-1.83366629699128,"in_range",0.129197994987469,NA
"Arabic",1,"a131y3_nv3",0.810055865921788,0.894736842105263,0.714285714285714,0.878787878787879,0.904255319148936,0.845070422535211,0.921787709497207,0.989473684210526,0.845238095238095,0.0782122905027933,0.810260374582727,"in_range","in_range",FALSE,"Read the words",1,-2.24566830947271,"very_easy",0.180451127819549,NA
"Arabic",1,"a132y3_nv3",0.793296089385475,0.873684210526316,0.702380952380952,0.871165644171779,0.902173913043478,0.830985915492958,0.910614525139665,0.968421052631579,0.845238095238095,0.0893854748603352,0.732826400636056,"in_range","in_range",FALSE,"Read the words",1,-2.06219861581046,"very_easy",0.171303258145364,NA
"Arabic",1,"a133y3_nv3",0.715083798882682,0.8,0.619047619047619,0.771084337349398,0.808510638297872,0.722222222222222,0.927374301675978,0.989473684210526,0.857142857142857,0.0726256983240223,0.759728228651172,"in_range","in_range",FALSE,"Read the words",1,-1.32503765177522,"in_range",0.180952380952381,NA
"Arabic",1,"a134y3_nv3",0.776536312849162,0.863157894736842,0.678571428571429,0.852760736196319,0.881720430107527,0.814285714285714,0.910614525139665,0.978947368421053,0.833333333333333,0.0893854748603352,0.797963619001526,"in_range","in_range",FALSE,"Read the words",1,-1.88923181208863,"in_range",0.184586466165414,NA
"Arabic",1,"a135y3_nv3",0.720670391061452,0.842105263157895,0.583333333333333,0.796296296296296,0.869565217391304,0.7,0.905027932960894,0.968421052631579,0.833333333333333,0.0949720670391061,0.822680755134946,"in_range","in_range",FALSE,"Read the words",1,-1.37256326314561,"in_range",0.258771929824561,NA
"Arabic",1,"a136y3_nv3",0.770949720670391,0.831578947368421,0.702380952380952,0.846625766871166,0.840425531914894,0.855072463768116,0.910614525139665,0.989473684210526,0.821428571428571,0.0893854748603352,0.811354589595581,"in_range","in_range",FALSE,"Read the words",1,-1.83366629699128,"in_range",0.129197994987469,NA
"Arabic",1,"a137y3_nv3",0.70391061452514,0.778947368421053,0.619047619047619,0.768292682926829,0.787234042553192,0.742857142857143,0.916201117318436,0.989473684210526,0.833333333333333,0.0837988826815642,0.748290920981136,"in_range","in_range",FALSE,"Read the words",1,-1.23186527804321,"in_range",0.159899749373434,NA
"Arabic",1,"a138y3_nv3",0.782122905027933,0.873684210526316,0.678571428571429,0.864197530864198,0.89247311827957,0.826086956521739,0.905027932960894,0.978947368421053,0.821428571428571,0.0949720670391061,0.786818826258255,"in_range","in_range",FALSE,"Read the words",1,-1.94581029572145,"in_range",0.195112781954887,NA
"Arabic",1,"a139y3_nv3",0.692737430167598,0.810526315789474,0.55952380952381,0.760736196319018,0.819148936170213,0.681159420289855,0.910614525139665,0.989473684210526,0.821428571428571,0.0893854748603352,0.771843477270257,"in_range","in_range",FALSE,"Read the words",1,-1.14103566564481,"in_range",0.251002506265664,NA
"Arabic",1,"a13y3_nv3",0.910614525139665,0.936842105263158,0.880952380952381,0.926136363636364,0.956989247311828,0.891566265060241,0.983240223463687,0.978947368421053,0.988095238095238,0.0167597765363129,0.3291217921082,"very_easy","very_easy",FALSE,"Describe what you see in the picture: Where is the boy going?",1,-3.70507542974331,"very_easy",0.055889724310777,"easy_high_coverage"
"Arabic",1,"a140y3_nv3",0.737430167597765,0.810526315789474,0.654761904761905,0.814814814814815,0.819148936170213,0.808823529411765,0.905027932960894,0.989473684210526,0.80952380952381,0.0949720670391061,0.752774023807268,"in_range","in_range",FALSE,"Read the words",1,-1.51921804755202,"in_range",0.155764411027569,NA
"Arabic",1,"a141y3_nv3",0.709497206703911,0.789473684210526,0.619047619047619,0.774390243902439,0.806451612903226,0.732394366197183,0.916201117318436,0.978947368421053,0.845238095238095,0.0837988826815642,0.763086812494784,"in_range","in_range",FALSE,"Read the words",1,-1.27814671370341,"in_range",0.170426065162907,NA
"Arabic",1,"a142y3_nv3",0.737430167597765,0.852631578947368,0.607142857142857,0.814814814814815,0.870967741935484,0.739130434782609,0.905027932960894,0.978947368421053,0.821428571428571,0.0949720670391061,0.752774023807268,"in_range","in_range",FALSE,"Read the words",1,-1.51921804755202,"in_range",0.245488721804511,NA
"Arabic",1,"a143y3_nv3",0.748603351955307,0.821052631578947,0.666666666666667,0.82716049382716,0.838709677419355,0.811594202898551,0.905027932960894,0.978947368421053,0.821428571428571,0.0949720670391061,0.767765958443927,"in_range","in_range",FALSE,"Read the words",1,-1.62067991018511,"in_range",0.154385964912281,NA
"Arabic",1,"a144y3_nv3",0.759776536312849,0.863157894736842,0.642857142857143,0.834355828220859,0.872340425531915,0.782608695652174,0.910614525139665,0.989473684210526,0.821428571428571,0.0893854748603352,0.788275318832165,"in_range","in_range",FALSE,"Read the words",1,-1.72539851298419,"in_range",0.220300751879699,NA
"Arabic",1,"a14y3_nv3",0.620111731843575,0.6,0.642857142857143,0.660714285714286,0.647727272727273,0.675,0.93854748603352,0.926315789473684,0.952380952380952,0.0614525139664804,0.30569195812869,"in_range","in_range",FALSE,"Describe what you see in the picture: What is the girl celebrating ?",1,-0.596515626953162,"in_range",-0.0428571428571429,NA
"Arabic",1,"a15y3_nv3",0.687150837988827,0.8,0.55952380952381,0.706896551724138,0.808510638297872,0.5875,0.972067039106145,0.989473684210526,0.952380952380952,0.0279329608938548,0.363274121045,"in_range","in_range",FALSE,"Describe what you see in the picture: How old is the girl ?",1,-1.09644237397159,"in_range",0.24047619047619,NA
"Arabic",1,"a16y3_nv3",0.88268156424581,0.947368421052632,0.80952380952381,0.897727272727273,0.947368421052632,0.839506172839506,0.983240223463687,1,0.964285714285714,0.0167597765363129,0.454411893228823,"very_easy","in_range",FALSE,"Describe what you see in the picture: Who is the girl celebrating with ?",1,-3.21355910492431,"very_easy",0.137844611528822,"easy_high_coverage"
"Arabic",1,"a17y3_nv3",0.871508379888268,0.905263157894737,0.833333333333333,0.876404494382023,0.914893617021277,0.833333333333333,0.994413407821229,0.989473684210526,1,0.005586592178771,0.241507400469447,"very_easy","in_range",FALSE,"Listen to the story, and answer the question: Where does Safouane feel pain ?",1,-3.04059811324371,"very_easy",0.0719298245614035,"easy_high_coverage"
"Arabic",1,"a18y3_nv3",0.815642458100559,0.842105263157895,0.785714285714286,0.824858757062147,0.860215053763441,0.785714285714286,0.988826815642458,0.978947368421053,1,0.0111731843575419,0.316706599776875,"in_range","in_range",FALSE,"Listen to the story, and answer the question: Why did Safouane's teeth get full",1,-2.30943776780012,"very_easy",0.056390977443609,NA
"Arabic",1,"a19y3_nv3",0.581005586592179,0.589473684210526,0.571428571428571,0.581005586592179,0.589473684210526,0.571428571428571,1,1,1,0,0.31495938931966,"in_range","in_range",FALSE,"Put the pictures in the right order. (A Boy visiting the dentist)",1,-0.32785452154367,"in_range",0.0180451127819549,NA
"Arabic",1,"a245y3_nv3",0.614525139664804,0.736842105263158,0.476190476190476,0.679012345679012,0.760869565217391,0.571428571428572,0.905027932960894,0.968421052631579,0.833333333333333,0.0949720670391061,0.701004174539737,"in_range","in_range",FALSE,"Read the text",1,-0.557282845478854,"in_range",0.260651629072682,NA
"Arabic",1,"a246y3_nv3",0.731843575418994,0.821052631578947,0.630952380952381,0.784431137724551,0.847826086956522,0.706666666666667,0.932960893854749,0.968421052631579,0.892857142857143,0.0670391061452514,0.759780203318588,"in_range","in_range",FALSE,"write with the diacritical marks (vowel signs): he embarked",1,-1.46962516909694,"in_range",0.190100250626566,NA
"Arabic",1,"a247y3_nv3",0.525139664804469,0.68421052631579,0.345238095238095,0.573170731707317,0.730337078651685,0.386666666666667,0.916201117318436,0.936842105263158,0.892857142857143,0.0837988826815642,0.575998168791269,"in_range","in_range",FALSE,"write with the diacritical marks (vowel signs): a cup",1,0.0370110173837182,"in_range",0.338972431077694,NA
"Arabic",1,"a248y3_nv3",0.424581005586592,0.547368421052632,0.285714285714286,0.466257668711656,0.584269662921348,0.324324324324324,0.910614525139665,0.936842105263158,0.880952380952381,0.0893854748603352,0.56706744927264,"in_range","in_range",FALSE,"write with the diacritical marks (vowel signs): Salim",1,0.666764616311241,"in_range",0.261654135338346,NA
"Arabic",1,"a249y3_nv3",0.547486033519553,0.652631578947368,0.428571428571429,0.597560975609756,0.688888888888889,0.486486486486487,0.916201117318436,0.947368421052632,0.880952380952381,0.0837988826815642,0.65215127803181,"in_range","in_range",FALSE,"write with the diacritical marks (vowel signs): a flag",1,-0.106821087044638,"in_range",0.22406015037594,NA
"Arabic",1,"a250y3_nv3",0.592178770949721,0.747368421052632,0.416666666666667,0.654320987654321,0.797752808988764,0.479452054794521,0.905027932960894,0.936842105263158,0.869047619047619,0.0949720670391061,0.616479568227415,"in_range","in_range",FALSE,"write with the diacritical marks (vowel signs): a win",1,-0.403276242155805,"in_range",0.330701754385965,NA
"Arabic",1,"a251y3_nv3",0.581005586592179,0.71578947368421,0.428571428571429,0.662420382165605,0.764044943820225,0.529411764705882,0.877094972067039,0.936842105263158,0.80952380952381,0.122905027932961,0.648281721159103,"in_range","in_range",FALSE,"Describe what you see on the pictures (A girl drinking milk)",1,-0.32785452154367,"in_range",0.287218045112782,NA
"Arabic",1,"a522y3_nv3",0.575418994413408,0.736842105263158,0.392857142857143,0.66025641025641,0.786516853932584,0.492537313432836,0.871508379888268,0.936842105263158,0.797619047619048,0.128491620111732,0.665672018155677,"in_range","in_range",FALSE,"Describe what you see on the pictures (A boy painting)",1,-0.290497981268812,"in_range",0.343984962406015,NA
"Arabic",2,"a14y3_nv3",0.87,0.91,0.83,0.887755102040816,0.91,0.864583333333333,0.98,1,0.96,0.02,0.381097321412918,"very_easy","in_range",FALSE,"Describe what you see in the picture: What is the girl celebrating ?",1,-2.4598751573949,"very_easy",0.0800000000000001,"easy_high_coverage"
"Arabic",2,"a15y3_nv3",0.865,0.9,0.83,0.873737373737374,0.909090909090909,0.838383838383838,0.99,0.99,0.99,0.01,0.381890591732935,"very_easy","in_range",FALSE,"Describe what you see in the picture: How old is the girl ?",1,-2.40710852692351,"very_easy",0.0700000000000001,"easy_high_coverage"
"Arabic",2,"a16y3_nv3",0.9,0.92,0.88,0.909090909090909,0.92,0.897959183673469,0.99,1,0.98,0.01,0.275244115558946,"very_easy","very_easy",FALSE,"Describe what you see in the picture: Who is the girl celebrating with ?",1,-2.81397952734947,"very_easy",0.04,"easy_high_coverage"
"Arabic",2,"a214_nv",0.95,0.98,0.92,0.964467005076142,0.98,0.948453608247423,0.985,1,0.97,0.015,0.259882875008801,"very_easy","very_easy",FALSE,"Read the letters",1,-3.67032533114045,"very_easy",0.0599999999999999,"easy_high_coverage"
"Arabic",2,"a215",0.98,0.99,0.97,0.98,0.99,0.97,1,1,1,0,0.15251129890514,"very_easy","very_easy",FALSE,"Read the letters",1,-4.6976000581069,"very_easy",0.02,"easy_high_coverage"
"Arabic",2,"a217",0.985,1,0.97,0.994949494949495,1,0.989795918367347,0.99,1,0.98,0.01,0.177719438468647,"very_easy","very_easy",FALSE,"Read the letters",1,-5.00566124547638,"very_easy",0.03,"easy_high_coverage"
"Arabic",2,"a218",0.98,0.99,0.97,0.98989898989899,0.99,0.989795918367347,0.99,1,0.98,0.01,0.285757580895311,"very_easy","very_easy",FALSE,"Read the letters",1,-4.6976000581069,"very_easy",0.02,"easy_high_coverage"
"Arabic",2,"a219_nv",0.915,0.96,0.87,0.919597989949749,0.96969696969697,0.87,0.995,0.99,1,0.005,0.190316062549901,"very_easy","very_easy",FALSE,"Read the letters",1,-3.02373035147347,"very_easy",0.09,"easy_high_coverage"
"Arabic",2,"a236_nv",0.74,0.77,0.71,0.787234042553192,0.819148936170213,0.75531914893617,0.94,0.94,0.94,0.06,0.566205499415276,"in_range","in_range",FALSE,"Producing narrative sentences and connecting them based on comments on pictures.",1,-1.38571671151937,"in_range",0.06,NA
"Arabic",2,"a237_nv",0.62,0.69,0.55,0.685082872928177,0.766666666666667,0.604395604395604,0.905,0.9,0.91,0.095,0.539022383403693,"in_range","in_range",FALSE,"Producing narrative sentences and connecting them based on comments on pictures.",1,-0.649773980517635,"in_range",0.14,NA
"Arabic",2,"a238",0.615,0.67,0.56,0.679558011049724,0.744444444444444,0.615384615384615,0.905,0.9,0.91,0.095,0.529787005498364,"in_range","in_range",FALSE,"Producing narrative sentences based on comments on pictures. (Salma chose a yell",1,-0.621393008425517,"in_range",0.11,NA
"Arabic",2,"a239",0.58,0.6,0.56,0.659090909090909,0.681818181818182,0.636363636363636,0.88,0.88,0.88,0.12,0.514083517159279,"in_range","in_range",FALSE,"Producing narrative sentences based on comments on pictures. (In the end, Salma'",1,-0.425739362450484,"in_range",0.0399999999999999,NA
"Arabic",2,"a251",0.39,0.53,0.25,0.404145077720207,0.540816326530612,0.263157894736842,0.965,0.98,0.95,0.035,0.413910276222578,"in_range","in_range",FALSE,"Reading comprehension text .Put a mark (X) in front of the correct answer that e",1,0.608607491789198,"in_range",0.28,NA
"Arabic",2,"a252_nv3",0.465,0.54,0.39,0.486910994764398,0.5625,0.410526315789474,0.955,0.96,0.95,0.045,0.294069136089122,"in_range","in_range",FALSE,"Reading comprehension text. Put a mark (X) in front of the statement that explai",1,0.19795672694031,"in_range",0.15,NA
"Arabic",2,"a253",0.62,0.61,0.63,0.645833333333333,0.622448979591837,0.670212765957447,0.96,0.98,0.94,0.04,0.276870637639092,"in_range","in_range",FALSE,"Reading comprehension text .Put a mark (X) under the diagram (which picture illu",1,-0.649773980517636,"in_range",-0.02,NA
"Arabic",2,"a254_nv3",0.69,0.73,0.65,0.715025906735751,0.752577319587629,0.677083333333333,0.965,0.97,0.96,0.035,0.469150841841109,"in_range","in_range",FALSE,"Reading comprehension text .Put a mark (x) in front of the correct statement (Ho",1,-1.06333755914333,"in_range",0.08,NA
"Arabic",2,"a255",0.365,0.39,0.34,0.378238341968912,0.402061855670103,0.354166666666667,0.965,0.97,0.96,0.035,0.158872095719219,"in_range","in_range",FALSE,"Reading comprehension text .Put a mark (x) in front of the correct statement (Wh",1,0.749671670293541,"in_range",0.05,NA
"Arabic",2,"a256",0.425,0.44,0.41,0.447368421052632,0.468085106382979,0.427083333333333,0.95,0.94,0.96,0.05,0.249461383061403,"in_range","in_range",FALSE,"Reading comprehension text .Put a mark (x) in front of the correct statement (Th",1,0.415232913752211,"in_range",0.03,NA
"Arabic",2,"a257",0.345,0.41,0.28,0.363157894736842,0.422680412371134,0.301075268817204,0.95,0.97,0.93,0.05,0.264287514058778,"in_range","in_range",FALSE,"Reading comprehension text .Put a mark(x) in front of the correct statement (Why",1,0.864881643889894,"in_range",0.13,NA
"Arabic",2,"a258_nv",0.305,0.33,0.28,0.311224489795918,0.333333333333333,0.288659793814433,0.98,0.99,0.97,0.02,0.211958928598776,"in_range","in_range",FALSE,"Arrange the events (images) from 1 to 4 according to their sequence in the story",1,1.10361270894939,"in_range",0.05,NA
"Arabic",2,"a261_nv",0.365,0.53,0.2,0.384210526315789,0.552083333333333,0.212765957446809,0.95,0.96,0.94,0.05,0.495594207637905,"in_range","in_range",FALSE,"Composing simple sentences based on untidy words: Where do you practice your fav",1,0.749671670293542,"in_range",0.33,NA
"Arabic",2,"a262_nv3",0.575,0.54,0.61,0.625,0.580645161290323,0.67032967032967,0.92,0.93,0.91,0.08,0.666334816110399,"in_range","in_range",FALSE,"Bridging the events of the story, based on sequential images. (Salma went to the",1,-0.398153430512538,"in_range",-0.07,NA
"Arabic",2,"a263_nv3",0.48,0.49,0.47,0.558139534883721,0.569767441860465,0.546511627906977,0.86,0.86,0.86,0.14,0.64929613722351,"in_range","in_range",FALSE,"Bridging the events of the story, based on sequential images. (when they arrived",1,0.117020089016336,"in_range",0.02,NA
"Arabic",2,"a264_nv3",0.44,0.49,0.39,0.530120481927711,0.590361445783132,0.469879518072289,0.83,0.83,0.83,0.17,0.647896775023148,"in_range","in_range",FALSE,"Bridging the events of the story, based on sequential images. (and they had icec",1,0.333414105526532,"in_range",0.1,NA
"Arabic",2,"a265_nv3",0.4,0.47,0.33,0.48780487804878,0.580246913580247,0.397590361445783,0.82,0.81,0.83,0.18,0.570574551478672,"in_range","in_range",FALSE,"Bridging the events of the story, based on sequential images. (by sunset, Salma",1,0.552934911070669,"in_range",0.14,NA
"Arabic",2,"a321y3_nv3",0.845,0.89,0.8,0.853535353535354,0.898989898989899,0.808080808080808,0.99,0.99,0.99,0.01,0.444728404569917,"in_range","in_range",FALSE,"write this word (dictation word) with the diacritical marks (vowel signs) (he em",1,-2.20939705502648,"very_easy",0.09,NA
"Arabic",2,"a322y3_nv3",0.595,0.58,0.61,0.601010101010101,0.585858585858586,0.616161616161616,0.99,0.99,0.99,0.01,0.531521153966654,"in_range","in_range",FALSE,"write this word (dictation word) with the diacritical marks (vowel signs) (Salim",1,-0.509001331578501,"in_range",-0.03,NA
"Arabic",2,"a323y3_nv3",0.725,0.77,0.68,0.736040609137056,0.777777777777778,0.693877551020408,0.985,0.99,0.98,0.015,0.470014739721012,"in_range","in_range",FALSE,"write this word (dictation word) with the diacritical marks (vowel signs) (a win",1,-1.28587407294645,"in_range",0.09,NA
"Arabic",2,"a324y3_nv3",0.49,0.58,0.4,0.505154639175258,0.58,0.425531914893617,0.97,1,0.94,0.03,0.45642529066642,"in_range","in_range",FALSE,"Composing simple sentences based on untidy words: The birds fly above the tree",1,0.0631272537888931,"in_range",0.18,NA
"Arabic",2,"a330y3_nv3",0.265,0.31,0.22,0.348684210526316,0.397435897435897,0.297297297297297,0.76,0.78,0.74,0.24,0.428629429945556,"in_range","in_range",FALSE,"Use of logical connectors",1,1.35743254602046,"in_range",0.09,NA
"Arabic",2,"a331y3_nv3",0.525,0.56,0.49,0.6,0.64367816091954,0.556818181818182,0.875,0.87,0.88,0.125,0.588770427237603,"in_range","in_range",FALSE,"Clarity of the handwriting",1,-0.12564957286733,"in_range",0.0700000000000001,NA
"Arabic",2,"a332y3_nv3",0.33,0.35,0.31,0.38150289017341,0.402298850574713,0.36046511627907,0.865,0.87,0.86,0.135,0.592059307344971,"in_range","in_range",FALSE,"Use of keywords",1,0.952963470681412,"in_range",0.04,NA
"Arabic",3,"a2100",0.295,0.27,0.32,0.388157894736842,0.341772151898734,0.438356164383562,0.76,0.79,0.73,0.24,0.466034259280681,"in_range","in_range",FALSE,"Complete the story: Imagine the rest of the story based on this beginning (Do no",1.6009145603383,0.798014678619533,"in_range",-0.05,NA
"Arabic",3,"a2101",0.46,0.44,0.48,0.613333333333333,0.571428571428571,0.657534246575342,0.75,0.77,0.73,0.25,0.615078180900407,"in_range","in_range",FALSE,"Complete the story: readable writing",2.42015623460821,0.147406958885183,"in_range",-0.04,NA
"Arabic",3,"a2102",0.245,0.25,0.24,0.360294117647059,0.347222222222222,0.375,0.68,0.72,0.64,0.32,0.53071969320825,"in_range","in_range",FALSE,"Complete the story: writing at least 4 lines",2.33777841926235,0.871454908840789,"in_range",0.01,NA
"Arabic",3,"a214_nv",0.975,0.98,0.97,0.979899497487437,0.98,0.97979797979798,0.995,1,0.99,0.005,0.16783878517561,"very_easy","very_easy",FALSE,"Read the letters",1.5352588760985,-3.09966646283413,"very_easy",0.01,"easy_high_coverage"
"Arabic",3,"a215",0.99,1,0.98,0.99,1,0.98,1,1,1,0,0.169417855445184,"very_easy","very_easy",FALSE,"Read the letters",4.05487776338805,-2.6630001882598,"very_easy",0.02,"easy_high_coverage"
"Arabic",3,"a217",0.975,0.99,0.96,0.979899497487437,0.99,0.96969696969697,0.995,1,0.99,0.005,0.103708944419075,"very_easy","very_easy",FALSE,"Read the letters",0.8842325274382,-4.57035006024324,"very_easy",0.03,"easy_high_coverage"
"Arabic",3,"a218",0.97,1,0.94,0.974874371859296,1,0.94949494949495,0.995,1,0.99,0.005,0.247774437305961,"very_easy","very_easy",FALSE,"Read the letters",2.0346654498268,-2.58015424441323,"very_easy",0.06,"easy_high_coverage"
"Arabic",3,"a219_nv",0.945,0.97,0.92,0.945,0.97,0.92,1,1,1,0,0.293226907861462,"very_easy","very_easy",FALSE,"Read the letters",1.89688709677013,-2.23517380836115,"very_easy",0.0499999999999999,"easy_high_coverage"
"Arabic",3,"a236_nv",0.815,0.87,0.76,0.819095477386935,0.87,0.767676767676768,0.995,1,0.99,0.005,0.369851577191356,"in_range","in_range",FALSE,"Producing narrative sentences and connecting them based on comments on pictures.",1.34516295278419,-1.45018966760775,"in_range",0.11,NA
"Arabic",3,"a237_nv",0.795,0.84,0.75,0.807106598984772,0.848484848484848,0.76530612244898,0.985,0.99,0.98,0.015,0.565649058930653,"in_range","in_range",FALSE,"Producing narrative sentences and connecting them based on comments on pictures.",2.86125273547292,-0.959858439627081,"in_range",0.09,NA
"Arabic",3,"a261_nv",0.45,0.58,0.32,0.483870967741935,0.630434782608696,0.340425531914894,0.93,0.92,0.94,0.07,0.639411370328115,"in_range","in_range",FALSE,"Composing simple sentences based on untidy words: Where do you practice your fav",2.39499846338706,0.17867967773056,"in_range",0.26,NA
"Arabic",3,"a269",0.655,0.71,0.6,0.704301075268817,0.75531914893617,0.652173913043478,0.93,0.94,0.92,0.07,0.529440955633818,"in_range","in_range",FALSE,"Producing narrative sentences based on a sequence of photos. (hunter vs. ant and",1.67116191044475,-0.555161761095416,"in_range",0.11,NA
"Arabic",3,"a270",0.62,0.66,0.58,0.666666666666667,0.702127659574468,0.630434782608696,0.93,0.94,0.92,0.07,0.561796442837774,"in_range","in_range",FALSE,"Linguistic consistency: Producing narrative sentences based on a sequence of pho",1.79568427692259,-0.404744562891632,"in_range",0.0800000000000001,NA
"Arabic",3,"a271",0.7,0.74,0.66,0.756756756756757,0.787234042553192,0.725274725274725,0.925,0.94,0.91,0.075,0.527950960270617,"in_range","in_range",FALSE,"Using key words: friendship, help, ants, rain (using at least 4 key words)",1.76014790239836,-0.719042827938157,"in_range",0.08,NA
"Arabic",3,"a282",0.625,0.66,0.59,0.631313131313131,0.666666666666667,0.595959595959596,0.99,0.99,0.99,0.01,0.27003213645318,"in_range","in_range",FALSE,"Reading comprehension text .Put (x) in front of the correct statement (How did t",0.586053954852213,-0.936373268058278,"in_range",0.0700000000000001,NA
"Arabic",3,"a287",0.435,0.45,0.42,0.441624365482233,0.459183673469388,0.424242424242424,0.985,0.98,0.99,0.015,0.518785415676844,"in_range","in_range",FALSE,"Reading comprehension text .Put a tick next to the correct answer that explains",1.44475532857032,0.266495056195302,"in_range",0.03,NA
"Arabic",3,"a288_nv3",0.52,0.54,0.5,0.525252525252525,0.551020408163265,0.5,0.99,0.98,1,0.01,0.433595431320134,"in_range","in_range",FALSE,"Reading comprehension text Mark (X) in front of the statement that explains why",0.994504944733557,-0.087334516012458,"in_range",0.04,NA
"Arabic",3,"a289",0.7,0.73,0.67,0.717948717948718,0.760416666666667,0.676767676767677,0.975,0.96,0.99,0.025,0.412222902718163,"in_range","in_range",FALSE,"Reading comprehension text .Put a mark under the diagram. What is the picture th",1.04913760845407,-0.978731089238188,"in_range",0.0599999999999999,NA
"Arabic",3,"a290",0.55,0.66,0.44,0.555555555555556,0.673469387755102,0.44,0.99,0.98,1,0.01,0.469796639577446,"in_range","in_range",FALSE,"Reading comprehension text Mark (X) in front of the correct statement : The arts",1.21772773152603,-0.200602427921545,"in_range",0.22,NA
"Arabic",3,"a291",0.31,0.35,0.27,0.314720812182741,0.360824742268041,0.27,0.985,0.97,1,0.015,0.381170148674491,"in_range","in_range",FALSE,"Reading comprehension text Mark (X) in front of the general idea of the text (th",0.976775530308185,0.985067435675667,"in_range",0.08,NA
"Arabic",3,"a294",0.38,0.48,0.28,0.395833333333333,0.494845360824742,0.294736842105263,0.96,0.97,0.95,0.04,0.65504872340184,"in_range","in_range",FALSE,"Composing simple sentences based on untidy words: (Wait for your turn on the lin",2.69408383595833,0.38728260892575,"in_range",0.2,NA
"Arabic",3,"a297",0.53,0.55,0.51,0.650306748466258,0.647058823529412,0.653846153846154,0.815,0.85,0.78,0.185,0.585244863289226,"in_range","in_range",FALSE,"Complete the story: Imagine the rest of the story based on this beginning (Talk",2.0596146292489,-0.0768884664238634,"in_range",0.04,NA
"Arabic",3,"a298",0.445,0.48,0.41,0.585526315789474,0.585365853658537,0.585714285714286,0.76,0.82,0.7,0.24,0.648616080030796,"in_range","in_range",FALSE,"Complete the story: Imagine the rest of the story based on this beginning (Talk",2.77872181998663,0.189260427279971,"in_range",0.07,NA
"Arabic",3,"a299",0.435,0.45,0.42,0.583892617449664,0.5625,0.608695652173913,0.745,0.8,0.69,0.255,0.646846503288791,"in_range","in_range",FALSE,"Complete the story: Imagine the rest of the story based on this beginning (Talk",2.85252851990265,0.218121582730139,"in_range",0.03,NA
"Arabic",3,"a324y3_nv3",0.455,0.59,0.32,0.481481481481482,0.621052631578947,0.340425531914894,0.945,0.95,0.94,0.055,0.677461495830903,"in_range","in_range",FALSE,"Composing simple sentences based on untidy words: The birds fly above the tree",2.65367828445472,0.160519087084815,"in_range",0.27,NA
"Arabic",3,"a412y3_nv3",0.245,0.25,0.24,0.247474747474748,0.255102040816327,0.24,0.99,0.98,1,0.01,0.188111032319373,"in_range","in_range",FALSE,"Reading comprehension text .Put (x) in front of the correct statement (What's th",0.433736902564314,2.70260403178953,"very_hard",0.01,NA
"Arabic",3,"a413y3_nv3",0.46,0.52,0.4,0.531791907514451,0.571428571428571,0.48780487804878,0.865,0.91,0.82,0.135,0.4560885982341,"in_range","in_range",FALSE,"Reading comprehension text .Put (x) in front of the correct statement (Why did S",1.22976876912282,0.182221876469836,"in_range",0.12,NA
"Arabic",3,"a414y3_nv3",0.39,0.43,0.35,0.404145077720207,0.452631578947368,0.357142857142857,0.965,0.95,0.98,0.035,0.538990596240476,"in_range","in_range",FALSE,"Reading comprehension text .Put the events in the right order. (3-4-2-1)",1.58159885697395,0.424897621818009,"in_range",0.08,NA
"Arabic",3,"a415y3_nv3",0.395,0.35,0.44,0.475903614457831,0.416666666666667,0.536585365853659,0.83,0.84,0.82,0.17,0.552675643257979,"in_range","in_range",FALSE,"Reading comprehension text . (Why does the sea feel sad and angry ?)",1.77768997274791,0.386544632985901,"in_range",-0.09,NA
"Arabic",3,"a421y3_nv3",0.355,0.47,0.24,0.364102564102564,0.479591836734694,0.247422680412371,0.975,0.98,0.97,0.025,0.51894039514996,"in_range","in_range",FALSE,"Composing simple sentences based on untidy words: Nature became beautiful after",1.57263274486199,0.561123573079129,"in_range",0.23,NA
"Arabic",3,"a422y3_nv3",0.2,0.29,0.11,0.21978021978022,0.337209302325581,0.114583333333333,0.91,0.86,0.96,0.09,0.440131446694548,"in_range","in_range",FALSE,"Composing simple sentences based on untidy words: (The kids always practice spor",1.54787168351757,1.2591029027286,"in_range",0.18,NA
"Arabic",4,"a2103",0.625,0.72,0.53,0.718390804597701,0.8,0.630952380952381,0.87,0.9,0.84,0.13,0.605466525992825,"in_range","in_range",FALSE,"Speaking for 2 min about Eid Al Adha and its traditions",2.73618404809446,-0.372036314779371,"in_range",0.19,NA
"Arabic",4,"a2104",0.525,0.63,0.42,0.614035087719298,0.707865168539326,0.51219512195122,0.855,0.89,0.82,0.145,0.627900401009706,"in_range","in_range",FALSE,"Linguistic accuracy : Using clear and accurate arabic language: Eid Al Adha",2.61380347781102,-0.0647299820249584,"in_range",0.21,NA
"Arabic",4,"a2105",0.46,0.55,0.37,0.541176470588235,0.617977528089888,0.45679012345679,0.85,0.89,0.81,0.15,0.528334982951946,"in_range","in_range",FALSE,"Cohesion: Consistent and accurate ideas: Eid Al Adha",1.74394095487106,0.15149268220087,"in_range",0.18,NA
"Arabic",4,"a2106",0.365,0.41,0.32,0.426900584795322,0.460674157303371,0.390243902439024,0.855,0.89,0.82,0.145,0.512950898693929,"in_range","in_range",FALSE,"Fluency: Speaking fluently: Eid Al Adha",1.65211958971752,0.506911763949208,"in_range",0.09,NA
"Arabic",4,"a2108",0.715,0.79,0.64,0.768817204301075,0.831578947368421,0.703296703296703,0.93,0.95,0.91,0.07,0.593464809056938,"in_range","in_range",FALSE,"Discussing a subject, persuading, and expressing a perspective. (Talk between a",3.56736198953957,-0.631106946401924,"in_range",0.15,NA
"Arabic",4,"a2109",0.575,0.68,0.47,0.618279569892473,0.71578947368421,0.516483516483517,0.93,0.95,0.91,0.07,0.586049639042047,"in_range","in_range",FALSE,"Linguistic accuracy : Using clear and accurate arabic language: hunter vs. ant a",2.44370366377883,-0.223570551731568,"in_range",0.21,NA
"Arabic",4,"a2110",0.555,0.62,0.49,0.60989010989011,0.659574468085106,0.556818181818182,0.91,0.94,0.88,0.09,0.579268598102564,"in_range","in_range",FALSE,"Cohesion: Consistent and accurate ideas: hunter vs. ant and pigeon",2.32752817189348,-0.163058838470141,"in_range",0.13,NA
"Arabic",4,"a2111",0.48,0.5,0.46,0.524590163934426,0.531914893617021,0.51685393258427,0.915,0.94,0.89,0.085,0.574963151859322,"in_range","in_range",FALSE,"Fluency: Speaking fluently: hunter vs. ant and pigeon",2.05446242182031,0.0772121659638925,"in_range",0.04,NA
"Arabic",4,"a2119",0.375,0.4,0.35,0.454545454545455,0.449438202247191,0.460526315789474,0.825,0.89,0.76,0.175,0.426004721707283,"in_range","in_range",FALSE,"Reading comprehension: Explain the reasons behind the behaviour described (clap)",1.03936758605718,0.60684859528114,"in_range",0.05,NA
"Arabic",4,"a2122",0.505,0.54,0.47,0.51530612244898,0.556701030927835,0.474747474747475,0.98,0.97,0.99,0.02,0.446195913431428,"in_range","in_range",FALSE,"Put a mark (x) in front the correct answer: who built Badi palace?",1.04381159545189,-0.0171979364574359,"in_range",0.0700000000000001,NA
"Arabic",4,"a2123",0.325,0.38,0.27,0.416666666666667,0.463414634146341,0.364864864864865,0.78,0.82,0.74,0.22,0.580490450909171,"in_range","in_range",FALSE,"From where did the Koutoubia Mosque get its name",1.7152412554584,0.652042385412882,"in_range",0.11,NA
"Arabic",4,"a2125",0.325,0.39,0.26,0.357142857142857,0.438202247191011,0.279569892473118,0.91,0.89,0.93,0.09,0.458852101109558,"in_range","in_range",FALSE,"Put a mark (x) in front the correct answer: why was Marrakesh described as a res",1.20228192890426,0.785823124087978,"in_range",0.13,NA
"Arabic",4,"a2126",0.215,0.22,0.21,0.338582677165354,0.35483870967742,0.323076923076923,0.635,0.62,0.65,0.365,0.428807717275146,"in_range","in_range",FALSE,"Explain how water in supplied to the gardens of Al-Manazih",1.32485734834193,1.28903732882555,"in_range",0.01,NA
"Arabic",4,"a2127_nv3",0.35,0.41,0.29,0.424242424242424,0.525641025641026,0.333333333333333,0.825,0.78,0.87,0.175,0.559969121768718,"in_range","in_range",FALSE,"Complete the identification card of the city of Marrakesh: location",1.58306273189631,0.575996004060383,"in_range",0.12,NA
"Arabic",4,"a2128",0.385,0.39,0.38,0.44,0.481481481481481,0.404255319148936,0.875,0.81,0.94,0.125,0.468531351642441,"in_range","in_range",FALSE,"Put a mark (x) in front the correct answer: what value do you infer from the tex",1.0951472086361,0.538651852947116,"in_range",0.01,NA
"Arabic",4,"a2130_nv",0.275,0.33,0.22,0.474137931034483,0.568965517241379,0.379310344827586,0.58,0.58,0.58,0.42,0.542227228521868,"in_range","in_range",FALSE,"Writing an argumentative text about usage of internet : Write 2 Benefits of inte",1.93421229114673,0.812992737290322,"in_range",0.11,NA
"Arabic",4,"a2131",0.165,0.18,0.15,0.323529411764706,0.339622641509434,0.306122448979592,0.51,0.53,0.49,0.49,0.527006251360513,"in_range","in_range",FALSE,"Writing an argumentative text about usage of internet : Presenting at least 3 ar",2.36532549974927,1.2188723811104,"in_range",0.03,NA
"Arabic",4,"a2132_nv",0.21,0.24,0.18,0.403846153846154,0.428571428571429,0.375,0.52,0.56,0.48,0.48,0.525254257605376,"in_range","in_range",FALSE,"Write a text about internet use: no more than 9 errors",2.13087388449827,1.05103812260035,"in_range",0.06,NA
"Arabic",4,"a2133",0.285,0.34,0.23,0.542857142857143,0.607142857142857,0.469387755102041,0.525,0.56,0.49,0.475,0.480936377538518,"in_range","in_range",FALSE,"Write a text about internet use: clear handwriting with no more than 4 scribblin",1.50573732273252,0.865788087605459,"in_range",0.11,NA
"Arabic",4,"a2134",0.215,0.26,0.17,0.41747572815534,0.481481481481482,0.346938775510204,0.515,0.54,0.49,0.485,0.450281896364907,"in_range","in_range",FALSE,"Write a text about internet use: write at least 3 lines (30 words)",1.59377643525924,1.16602198969307,"in_range",0.09,NA
"Arabic",4,"a2263_nv3",0.31,0.36,0.26,0.382716049382716,0.467532467532468,0.305882352941177,0.81,0.77,0.85,0.19,0.553912638763359,"in_range","in_range",FALSE,"Complete the identification card of the city of Marrakesh: founder",1.66600849490081,0.720844720986365,"in_range",0.1,NA
"Arabic",4,"a2273_nv3",0.41,0.42,0.4,0.5,0.545454545454545,0.459770114942529,0.82,0.77,0.87,0.18,0.506630112274324,"in_range","in_range",FALSE,"Complete the identification card of the city of Marrakesh: year of foundation",1.36762871390438,0.369843956157132,"in_range",0.02,NA
"Arabic",4,"a269",0.775,0.79,0.76,0.807291666666667,0.822916666666667,0.791666666666667,0.96,0.96,0.96,0.04,0.471514943351601,"in_range","in_range",FALSE,"Producing narrative sentences based on a sequence of photos. (hunter vs. ant and",2.18777007381726,-0.964389643380776,"in_range",0.03,NA
"Arabic",4,"a294",0.385,0.4,0.37,0.475308641975309,0.533333333333333,0.425287356321839,0.81,0.75,0.87,0.19,0.57007289031718,"in_range","in_range",FALSE,"Composing simple sentences based on untidy words: (Wait for your turn on the lin",1.73589619497336,0.421910050311672,"in_range",0.03,NA
"Arabic",4,"a412y3_nv3",0.35,0.4,0.3,0.351758793969849,0.4,0.303030303030303,0.995,1,0.99,0.005,0.492733994062112,"in_range","in_range",FALSE,"Reading comprehension text .Put (x) in front of the correct statement (What's th",1.33112805449224,0.629781991178479,"in_range",0.1,NA
"Arabic",4,"a413y3_nv3",0.68,0.76,0.6,0.693877551020408,0.775510204081633,0.612244897959184,0.98,0.98,0.98,0.02,0.288371819410632,"in_range","in_range",FALSE,"Reading comprehension text .Put (x) in front of the correct statement (Why did S",0.631459123107449,-1.29744296109914,"in_range",0.16,NA
"Arabic",4,"a414y3_nv3",0.51,0.56,0.46,0.542553191489362,0.577319587628866,0.505494505494505,0.94,0.97,0.91,0.06,0.475430335501249,"in_range","in_range",FALSE,"Reading comprehension text .Put the events in the right order. (3-4-2-1)",1.08412089552407,-0.0392852336259102,"in_range",0.1,NA
"Arabic",4,"a415y3_nv3",0.5,0.49,0.51,0.537634408602151,0.505154639175258,0.573033707865169,0.93,0.97,0.89,0.07,0.563173482249082,"in_range","in_range",FALSE,"Reading comprehension text . (Why does the sea feel sad and angry ?)",1.52445846565703,0.00925689700955896,"in_range",-0.02,NA
"Arabic",4,"a422y3_nv3",0.165,0.24,0.09,0.197604790419162,0.296296296296296,0.104651162790698,0.835,0.81,0.86,0.165,0.426952707713392,"in_range","in_range",FALSE,"Composing simple sentences based on untidy words: (The kids always practice spor",1.53934423451671,1.4649773483548,"in_range",0.15,NA
"Arabic",4,"a515y3_nv3",0.41,0.38,0.44,0.418367346938776,0.383838383838384,0.45360824742268,0.98,0.99,0.97,0.02,0.527514168686527,"in_range","in_range",FALSE,"Reading comprehension: put the evens in the right order. (4-1-2-3)",1.52174631513564,0.350600664749252,"in_range",-0.06,NA
"Arabic",4,"a516y3_nv3",0.255,0.31,0.2,0.320754716981132,0.378048780487805,0.25974025974026,0.795,0.82,0.77,0.205,0.262882817976355,"in_range","in_range",FALSE,"Reading comprehension: What's the proof that Nouhaila and Badr's father is proud",0.620024953919281,1.87326406491207,"in_range",0.11,NA
"Arabic",4,"a519y3_nv3",0.335,0.36,0.31,0.394117647058823,0.439024390243902,0.352272727272727,0.85,0.82,0.88,0.15,0.581496500957783,"in_range","in_range",FALSE,"Extract from the text 3 historical monuments",1.74290888244245,0.608808329571797,"in_range",0.05,NA
"Arabic",4,"a526y3_nv3",0.155,0.19,0.12,0.233082706766917,0.296875,0.173913043478261,0.665,0.64,0.69,0.335,0.320233326417434,"in_range","in_range",FALSE,"What's the historical monument that's the most visited in Marrakesh ?",0.985979653305994,2.02441819022972,"very_hard",0.07,NA
"Arabic",5,"a2122",0.641025641025641,0.673684210526316,0.61,0.654450261780105,0.688172043010753,0.622448979591837,0.97948717948718,0.978947368421053,0.98,0.0205128205128206,0.397724413241203,"in_range","in_range",FALSE,"Put a mark (x) in front the correct answer: who built Badi palace?",1.00112153273346,-0.686819295702175,"in_range",0.0636842105263158,NA
"Arabic",5,"a2123",0.615384615384615,0.663157894736842,0.57,0.666666666666667,0.7,0.633333333333333,0.923076923076923,0.947368421052632,0.9,0.0769230769230769,0.532825783823523,"in_range","in_range",FALSE,"From where did the Koutoubia Mosque get its name",1.52099233193275,-0.415038024063469,"in_range",0.0931578947368421,NA
"Arabic",5,"a2130_nv",0.425641025641026,0.463157894736842,0.39,0.728070175438596,0.698412698412698,0.764705882352941,0.584615384615385,0.663157894736842,0.51,0.415384615384615,0.605482866958528,"in_range","in_range",FALSE,"Writing an argumentative text about usage of internet : Write 2 Benefits of inte",2.54959404903358,0.257082909512932,"in_range",0.0731578947368421,NA
"Arabic",5,"a2137",0.958974358974359,0.968421052631579,0.95,0.979057591623037,0.989247311827957,0.969387755102041,0.97948717948718,0.978947368421053,0.98,0.0205128205128206,0.329859828236442,"very_easy","very_easy",FALSE,"Take the floor and speak freely about the end of the year party: mention the act",3.07832855589747,-2.10119522528949,"very_easy",0.018421052631579,"easy_high_coverage"
"Arabic",5,"a2138",0.866666666666667,0.88421052631579,0.85,0.928571428571428,0.943820224719101,0.913978494623656,0.933333333333333,0.936842105263158,0.93,0.0666666666666667,0.353164479570829,"in_range","in_range",FALSE,"Take the floor and speak freely about the end of the year party: at leat one rea",1.3801788596502,-1.78910809848977,"in_range",0.0342105263157895,NA
"Arabic",5,"a2139",0.507692307692308,0.589473684210526,0.43,0.589285714285714,0.651162790697674,0.524390243902439,0.861538461538462,0.905263157894737,0.82,0.138461538461538,0.473342242993635,"in_range","in_range",FALSE,"Take the floor and speak freely about the end of the year party: mention at leas",1.30168487123219,-0.0126014366292014,"in_range",0.159473684210526,NA
"Arabic",5,"a2140",0.430769230769231,0.515789473684211,0.35,0.456521739130435,0.544444444444445,0.372340425531915,0.943589743589744,0.947368421052632,0.94,0.0564102564102564,0.550414877226799,"in_range","in_range",FALSE,"Take the floor and speak freely about the end of the year party: Speaking with f",1.68798397486714,0.26868954480859,"in_range",0.165789473684211,NA
"Arabic",5,"a2141",0.646153846153846,0.757894736842105,0.54,0.67741935483871,0.791208791208791,0.568421052631579,0.953846153846154,0.957894736842105,0.95,0.0461538461538461,0.58151964067534,"in_range","in_range",FALSE,"Take the floor and speak freely about the end of the year party: Do not commit m",1.98053926805797,-0.464544782943519,"in_range",0.217894736842105,NA
"Arabic",5,"a2142_nv",0.846153846153846,0.88421052631579,0.81,0.877659574468085,0.903225806451613,0.852631578947368,0.964102564102564,0.978947368421053,0.95,0.0358974358974359,0.460532636512119,"in_range","in_range",FALSE,"Take the floor and speak freely about convincing a friend to not leave school :",1.77085321107893,-1.43460246541182,"in_range",0.0742105263157894,NA
"Arabic",5,"a2143_nv",0.630769230769231,0.705263157894737,0.56,0.683333333333333,0.770114942528736,0.602150537634409,0.923076923076923,0.91578947368421,0.93,0.0769230769230769,0.43677374425621,"in_range","in_range",FALSE,"Take the floor and speak freely about convincing a friend to not leave school :a",1.18691866186175,-0.56035065187709,"in_range",0.145263157894737,NA
"Arabic",5,"a2144_nv",0.671794871794872,0.789473684210526,0.56,0.731843575418994,0.833333333333333,0.629213483146068,0.917948717948718,0.947368421052632,0.89,0.0820512820512821,0.504640129995356,"in_range","in_range",FALSE,"Take the floor and speak freely about convincing a friend to not leave school :",1.51412182847486,-0.646882244170407,"in_range",0.229473684210526,NA
"Arabic",5,"a2145_nv",0.482051282051282,0.557894736842105,0.41,0.508108108108108,0.582417582417582,0.436170212765957,0.948717948717949,0.957894736842105,0.94,0.0512820512820513,0.493092975775422,"in_range","in_range",FALSE,"Take the floor and speak freely about convincing a friend to not leave school :F",1.39452095424781,0.0901826687279262,"in_range",0.147894736842105,NA
"Arabic",5,"a2146",0.553846153846154,0.694736842105263,0.42,0.580645161290323,0.725274725274725,0.442105263157895,0.953846153846154,0.957894736842105,0.95,0.0461538461538461,0.63019567689046,"in_range","in_range",FALSE,"Take the floor and speak freely about convincing a friend to not leave school :a",2.1498458570481,-0.137008083626345,"in_range",0.274736842105263,NA
"Arabic",5,"a2147_nv",0.6,0.71578947368421,0.49,0.625668449197861,0.739130434782609,0.51578947368421,0.958974358974359,0.968421052631579,0.95,0.041025641025641,0.58757628385855,"in_range","in_range",FALSE,"Take the floor and speak freely about convincing a friend to not leave school :a",1.96531497631935,-0.302968558630483,"in_range",0.225789473684211,NA
"Arabic",5,"a2151_nv3",0.584615384615385,0.621052631578947,0.55,0.590673575129534,0.627659574468085,0.555555555555556,0.98974358974359,0.989473684210526,0.99,0.0102564102564102,0.35985626870221,"in_range","in_range",FALSE,"Put a mark (x) in front the correct answer:who tells the story of earth? Choices",0.827370181646016,-0.46511982153356,"in_range",0.0710526315789474,NA
"Arabic",5,"a2152",0.507692307692308,0.568421052631579,0.45,0.556179775280899,0.658536585365854,0.46875,0.912820512820513,0.863157894736842,0.96,0.0871794871794872,0.559815310158541,"in_range","in_range",FALSE,"Fill in the table with information from the text. Session of the year mentioned",1.72983351585262,-4.82123391918901e-05,"in_range",0.118421052631579,NA
"Arabic",5,"a2153",0.482051282051282,0.557894736842105,0.41,0.516483516483517,0.616279069767442,0.427083333333333,0.933333333333333,0.905263157894737,0.96,0.0666666666666667,0.555335624831845,"in_range","in_range",FALSE,"Write down the tools the farmer uses in his field mentioned in the text",1.64482863553798,0.088802083046893,"in_range",0.147894736842105,NA
"Arabic",5,"a2154",0.651282051282051,0.747368421052632,0.56,0.717514124293785,0.806818181818182,0.629213483146068,0.907692307692308,0.926315789473684,0.89,0.0923076923076923,0.477336133589473,"in_range","in_range",FALSE,"Why did the mother refuse that her sons leave school before the summer break ?",1.31787706690801,-0.61206103037303,"in_range",0.187368421052632,NA
"Arabic",5,"a2155",0.482051282051282,0.536842105263158,0.43,0.556213017751479,0.6,0.511904761904762,0.866666666666667,0.894736842105263,0.84,0.133333333333333,0.57982434224158,"in_range","in_range",FALSE,"What do you think about the father's behavior? Justify your answer",1.82240169228653,0.0887879903346266,"in_range",0.106842105263158,NA
"Arabic",5,"a2159",0.364102564102564,0.421052631578947,0.31,0.401129943502825,0.465116279069767,0.340659340659341,0.907692307692308,0.905263157894737,0.91,0.0923076923076923,0.378902909056406,"in_range","in_range",FALSE,"What are the arts the text talks about?",0.94100015760142,0.710039282997556,"in_range",0.111052631578947,NA
"Arabic",5,"a2160",0.528205128205128,0.589473684210526,0.47,0.581920903954802,0.629213483146068,0.534090909090909,0.907692307692308,0.936842105263158,0.88,0.0923076923076923,0.574247977916626,"in_range","in_range",FALSE,"Understanding informational texts: Why is theater called the father of the arts?",1.75516813580098,-0.0702673803246148,"in_range",0.119473684210526,NA
"Arabic",5,"a2161",0.461538461538462,0.505263157894737,0.42,0.5625,0.6,0.525,0.82051282051282,0.842105263157895,0.8,0.17948717948718,0.548965836993127,"in_range","in_range",FALSE,"Understanding informational texts: How does theater contribute to the education",1.68834348817025,0.160555277993398,"in_range",0.0852631578947369,NA
"Arabic",5,"a2162_nv",0.446153846153846,0.452631578947368,0.44,0.547169811320755,0.551282051282051,0.54320987654321,0.815384615384615,0.821052631578947,0.81,0.184615384615385,0.478747374704948,"in_range","in_range",FALSE,"Understanding informational texts: ite what each of the images attached to the t",1.35071485076333,0.233153546231408,"in_range",0.0126315789473684,NA
"Arabic",5,"a2163",0.307692307692308,0.368421052631579,0.25,0.48780487804878,0.546875,0.423728813559322,0.630769230769231,0.673684210526316,0.59,0.369230769230769,0.595039073162094,"in_range","in_range",FALSE,"Understanding informational texts: Extract from the text what indicates that cin",2.36472586955691,0.63149156441229,"in_range",0.118421052631579,NA
"Arabic",5,"a2164_nv",0.0358974358974359,0.0421052631578947,0.03,0.0432098765432099,0.0493827160493827,0.0370370370370371,0.830769230769231,0.852631578947368,0.81,0.169230769230769,0.171458268337475,"very_hard","very_hard",FALSE,"Understanding informational texts: Put an X in front of all the similarities. 6",0.952196675225828,3.86492808550302,"very_hard",0.0121052631578947,"hard_high_coverage"
"Arabic",5,"a2165_nv2",0.394871794871795,0.389473684210526,0.4,0.513333333333333,0.474358974358974,0.555555555555556,0.769230769230769,0.821052631578947,0.72,0.230769230769231,0.306607412786751,"in_range","in_range",FALSE,"link each paragraph to the main idea",0.74797227001272,0.647710739708142,"in_range",-0.0105263157894737,NA
"Arabic",5,"a2166",0.461538461538462,0.547368421052632,0.38,0.629370629370629,0.666666666666667,0.584615384615385,0.733333333333333,0.821052631578947,0.65,0.266666666666667,0.573487695195545,"in_range","in_range",FALSE,"Theater or cinema: do you prefer theater or cinema? Justify your answer",1.95448378026093,0.155973787002824,"in_range",0.167368421052632,NA
"Arabic",5,"a2171",0.235897435897436,0.294736842105263,0.18,0.442307692307692,0.491228070175439,0.382978723404255,0.533333333333333,0.6,0.47,0.466666666666667,0.485874621936986,"in_range","in_range",FALSE,"Write a text about internet use: write at least 5 lines (50 words)",2.1766799177828,0.91511089622545,"in_range",0.114736842105263,NA
"Arabic",5,"a519y3_nv3",0.42051282051282,0.452631578947368,0.39,0.491017964071856,0.544303797468354,0.443181818181818,0.856410256410256,0.831578947368421,0.88,0.143589743589744,0.575330260239333,"in_range","in_range",FALSE,"Extract from the text 3 historical monuments",1.94086399344206,0.290873040304634,"in_range",0.0626315789473684,NA
"Arabic",5,"a629y3_nv3",0.374358974358974,0.442105263157895,0.31,0.669724770642202,0.688524590163935,0.645833333333333,0.558974358974359,0.642105263157895,0.48,0.441025641025641,0.609909334320774,"in_range","in_range",FALSE,"Writing an argumentative text about usage of internet : Presenting at least 2 ar",3.15151405112697,0.390696031934319,"in_range",0.132105263157895,NA
"Arabic",5,"a630y3_nv3",0.292307692307692,0.368421052631579,0.22,0.513513513513513,0.564516129032258,0.448979591836735,0.569230769230769,0.652631578947368,0.49,0.430769230769231,0.614328023843582,"in_range","in_range",FALSE,"Write a text about internet use: no more than 8 errors",3.83250794279581,0.603614589777508,"in_range",0.148421052631579,NA
"Arabic",5,"a631y3_nv3",0.37948717948718,0.452631578947368,0.31,0.672727272727273,0.693548387096774,0.645833333333333,0.564102564102564,0.652631578947368,0.48,0.435897435897436,0.569690132026366,"in_range","in_range",FALSE,"Write a text about internet use: clear handwriting",2.48011730645772,0.396613818684449,"in_range",0.142631578947368,NA
"Arabic",6,"a2130_nv",0.333333333333333,0.326315789473684,0.34,0.722222222222222,0.688888888888889,0.755555555555556,0.461538461538462,0.473684210526316,0.45,0.538461538461538,0.595270249134081,"in_range","in_range",FALSE,"Writing an argumentative text about usage of internet : Write 2 Benefits of inte",3.32426876045828,0.522877191195933,"in_range",-0.0136842105263158,NA
"Arabic",6,"a2142_nv",0.764102564102564,0.8,0.73,0.814207650273224,0.853932584269663,0.776595744680851,0.938461538461538,0.936842105263158,0.94,0.0615384615384615,0.540047893400152,"in_range","in_range",FALSE,"Take the floor and speak freely about convincing a friend to not leave school :",1.77049233153045,-0.992531678734499,"in_range",0.0700000000000001,NA
"Arabic",6,"a2143_nv",0.528205128205128,0.526315789473684,0.53,0.616766467065868,0.602409638554217,0.630952380952381,0.856410256410256,0.873684210526316,0.84,0.143589743589744,0.445754250932381,"in_range","in_range",FALSE,"Take the floor and speak freely about convincing a friend to not leave school :a",1.12155357863753,-0.106192060317843,"in_range",-0.00368421052631585,NA
"Arabic",6,"a2144_nv",0.57948717948718,0.673684210526316,0.49,0.672619047619048,0.744186046511628,0.597560975609756,0.861538461538462,0.905263157894737,0.82,0.138461538461538,0.408119853814842,"in_range","in_range",FALSE,"Take the floor and speak freely about convincing a friend to not leave school :",0.958384385358353,-0.384161892462046,"in_range",0.183684210526316,NA
"Arabic",6,"a2145_nv",0.425641025641026,0.463157894736842,0.39,0.488235294117647,0.530120481927711,0.448275862068966,0.871794871794872,0.873684210526316,0.87,0.128205128205128,0.566076162062181,"in_range","in_range",FALSE,"Take the floor and speak freely about convincing a friend to not leave school :F",1.5736334793315,0.303970019405111,"in_range",0.0731578947368421,NA
"Arabic",6,"a2146",0.492307692307692,0.547368421052632,0.44,0.558139534883721,0.619047619047619,0.5,0.882051282051282,0.88421052631579,0.88,0.117948717948718,0.611465548752581,"in_range","in_range",FALSE,"Take the floor and speak freely about convincing a friend to not leave school :a",1.91804142005242,0.0661418265525656,"in_range",0.107368421052632,NA
"Arabic",6,"a2147_nv",0.543589743589744,0.536842105263158,0.55,0.616279069767442,0.6,0.632183908045977,0.882051282051282,0.894736842105263,0.87,0.117948717948718,0.51504919059096,"in_range","in_range",FALSE,"Take the floor and speak freely about convincing a friend to not leave school :a",1.34729790149817,-0.148552794954702,"in_range",-0.0131578947368421,NA
"Arabic",6,"a2160",0.871794871794872,0.863157894736842,0.88,0.876288659793814,0.863157894736842,0.888888888888889,0.994871794871795,1,0.99,0.00512820512820511,0.171348419253566,"in_range","in_range",FALSE,"Understanding informational texts: Why is theater called the father of the arts?",0.52636318770973,-3.83490964078428,"very_easy",-0.0168421052631579,NA
"Arabic",6,"a2161",0.712820512820513,0.789473684210526,0.64,0.785310734463277,0.824175824175824,0.744186046511628,0.907692307692308,0.957894736842105,0.86,0.0923076923076923,0.442242347744906,"in_range","in_range",FALSE,"Understanding informational texts: How does theater contribute to the education",1.26549625357965,-0.921286021881804,"in_range",0.149473684210526,NA
"Arabic",6,"a2162_nv",0.794871794871795,0.831578947368421,0.76,0.846994535519126,0.877777777777778,0.817204301075269,0.938461538461538,0.947368421052632,0.93,0.0615384615384615,0.296257916370909,"in_range","in_range",FALSE,"Understanding informational texts: ite what each of the images attached to the t",0.791786859568443,-1.92363712288162,"in_range",0.0715789473684211,NA
"Arabic",6,"a2164_nv",0.517948717948718,0.505263157894737,0.53,0.528795811518325,0.505263157894737,0.552083333333333,0.97948717948718,1,0.96,0.0205128205128206,0.159460489293931,"in_range","in_range",FALSE,"Understanding informational texts: Put an X in front of all the similarities. 6",0.327618570110497,-0.222653739907923,"in_range",-0.0247368421052632,NA
"Arabic",6,"a610y3_nv3",0.523076923076923,0.494736842105263,0.55,0.573033707865169,0.566265060240964,0.578947368421053,0.912820512820513,0.873684210526316,0.95,0.0871794871794872,0.547508386952711,"in_range","in_range",FALSE,"Take the floor and speak freely about convincing a friend about dangers of elect",1.45584591704835,-0.0592246490964705,"in_range",-0.0552631578947369,NA
"Arabic",6,"a611y3_nv3",0.517948717948718,0.48421052631579,0.55,0.567415730337079,0.547619047619048,0.585106382978723,0.912820512820513,0.88421052631579,0.94,0.0871794871794872,0.485307768856959,"in_range","in_range",FALSE,"Take the floor and speak freely about convincing a friend about dangers of elect",1.2406618273225,-0.0519787285385797,"in_range",-0.0657894736842106,NA
"Arabic",6,"a619y3_nv3",0.553846153846154,0.652631578947368,0.46,0.610169491525424,0.704545454545455,0.51685393258427,0.907692307692308,0.926315789473684,0.89,0.0923076923076923,0.37439075483693,"in_range","in_range",FALSE,"write the main idea of the last paragraph",0.841335724537154,-0.283954692098716,"in_range",0.192631578947368,NA
"Arabic",6,"a620y3_nv3",0.364102564102564,0.347368421052632,0.38,0.486301369863014,0.492537313432836,0.481012658227848,0.748717948717949,0.705263157894737,0.79,0.251282051282051,0.458039845166928,"in_range","in_range",FALSE,"Understanding literary texts: why does said insist on aswering",1.21856654672387,0.606672877124096,"in_range",-0.0326315789473684,NA
"Arabic",6,"a621y3_nv3",0.37948717948718,0.442105263157895,0.32,0.4625,0.51219512195122,0.41025641025641,0.82051282051282,0.863157894736842,0.78,0.17948717948718,0.443553149147041,"in_range","in_range",FALSE,"Understanding literary texts: extract from the text what indicate said loves dyn",1.19683640033406,0.543946981117854,"in_range",0.122105263157895,NA
"Arabic",6,"a622y3_nv3",0.61025641025641,0.589473684210526,0.63,0.70414201183432,0.674698795180723,0.732558139534884,0.866666666666667,0.873684210526316,0.86,0.133333333333333,0.552073550092717,"in_range","in_range",FALSE,"Understanding literary texts: how did said obtain the dynausor skeleton picture",1.60522222387891,-0.376823665609233,"in_range",-0.0405263157894737,NA
"Arabic",6,"a623y3_nv3",0.492307692307692,0.505263157894737,0.48,0.615384615384616,0.64,0.592592592592593,0.8,0.789473684210526,0.81,0.2,0.479213282340046,"in_range","in_range",FALSE,"Understanding literary texts: for the text what indicate that dynausors lived on",1.26516218516742,0.055812117779873,"in_range",0.0252631578947369,NA
"Arabic",6,"a624y3_nv3",0.517948717948718,0.557894736842105,0.48,0.726618705035971,0.736111111111111,0.716417910447761,0.712820512820513,0.757894736842105,0.67,0.287179487179487,0.603341147674832,"in_range","in_range",FALSE,"Understanding literary texts: from your pov what do you need to do to suceed in",1.97599045363331,-0.0172787499405803,"in_range",0.0778947368421052,NA
"Arabic",6,"a625y3_nv3",0.830769230769231,0.831578947368421,0.83,0.870967741935484,0.887640449438202,0.855670103092783,0.953846153846154,0.936842105263158,0.97,0.0461538461538461,0.35679406556636,"in_range","in_range",FALSE,"Understanding informational texts: where does Corona appeared the first time",1.12445129186132,-1.74105338532346,"in_range",0.00157894736842112,NA
"Arabic",6,"a626y3_nv3",0.425641025641026,0.48421052631579,0.37,0.572413793103448,0.676470588235294,0.48051948051948,0.743589743589744,0.71578947368421,0.77,0.256410256410256,0.559512409071045,"in_range","in_range",FALSE,"Understanding informational texts: from the text what measure where put in place",1.77062758714147,0.293081835353273,"in_range",0.114210526315789,NA
"Arabic",6,"a627y3_nv3",0.564102564102564,0.6,0.53,0.6875,0.7125,0.6625,0.82051282051282,0.842105263157895,0.8,0.17948717948718,0.409986853847926,"in_range","in_range",FALSE,"Understanding informational texts: what the writer mean by circle correct answer",1.06646291854701,-0.279896937241458,"in_range",0.07,NA
"Arabic",6,"a628y3_nv3",0.456410256410256,0.48421052631579,0.43,0.741666666666667,0.73015873015873,0.754385964912281,0.615384615384615,0.663157894736842,0.57,0.384615384615385,0.499175579146815,"in_range","in_range",FALSE,"Understanding informational texts: extract from the text what indicate that coro",1.49162317590842,0.193808766085677,"in_range",0.0542105263157895,NA
"Arabic",6,"a629y3_nv3",0.246153846153846,0.28421052631579,0.21,0.607594936708861,0.710526315789474,0.51219512195122,0.405128205128205,0.4,0.41,0.594871794871795,0.549151550399471,"in_range","in_range",FALSE,"Writing an argumentative text about usage of internet : Presenting at least 2 ar",3.05532105711996,0.79900916420408,"in_range",0.0742105263157895,NA
"Arabic",6,"a629y3_nv3_el",0.128205128205128,0.115789473684211,0.14,0.211864406779661,0.196428571428571,0.225806451612903,0.605128205128205,0.589473684210526,0.62,0.394871794871795,0.337791521940284,"in_range","in_range",FALSE,"Understanding informational texts: from the text how corona spread quickly",1.42643204285642,1.76557121478512,"in_range",-0.0242105263157895,"hard_low_coverage"
"Arabic",6,"a630y3_nv3",0.215384615384615,0.252631578947368,0.18,0.494117647058824,0.558139534883721,0.428571428571429,0.435897435897436,0.452631578947368,0.42,0.564102564102564,0.572006442204972,"in_range","in_range",FALSE,"Write a text about internet use: no more than 8 errors",4.41040498127911,0.841111587530829,"in_range",0.0726315789473684,NA
"Arabic",6,"a630y3_nv3_el",0.276923076923077,0.273684210526316,0.28,0.47787610619469,0.5,0.459016393442623,0.57948717948718,0.547368421052632,0.61,0.42051282051282,0.578397016857554,"in_range","in_range",FALSE,"Understanding informational texts: from the text why the children are more affec",2.34943729299953,0.751366850971753,"in_range",-0.00631578947368422,NA
"Arabic",6,"a631y3_nv3",0.307692307692308,0.357894736842105,0.26,0.681818181818182,0.755555555555556,0.604651162790698,0.451282051282051,0.473684210526316,0.43,0.548717948717949,0.605572690515332,"in_range","in_range",FALSE,"Write a text about internet use: clear handwriting",4.04609152438441,0.578307292434557,"in_range",0.0978947368421053,NA
"Arabic",6,"a631y3_nv3_el",0.333333333333333,0.378947368421053,0.29,0.601851851851852,0.705882352941176,0.508771929824561,0.553846153846154,0.536842105263158,0.57,0.446153846153846,0.620099223814351,"in_range","in_range",FALSE,"Understanding informational texts: whats the main idea of the first paragraph",2.77137850953824,0.541195056866288,"in_range",0.0889473684210527,NA
"Arabic",6,"a632y3_nv3_el",0.282051282051282,0.31578947368421,0.25,0.572916666666667,0.652173913043478,0.5,0.492307692307692,0.48421052631579,0.5,0.507692307692308,0.580129669370657,"in_range","in_range",FALSE,"Understanding informational texts: imagine a family member got corona use the te",2.6388501855237,0.709230905436712,"in_range",0.0657894736842105,NA
"Arabic",6,"a634y3_nv3",0.348717948717949,0.357894736842105,0.34,0.764044943820225,0.772727272727273,0.755555555555556,0.456410256410256,0.463157894736842,0.45,0.543589743589744,0.602126140562405,"in_range","in_range",FALSE,"Writing an argumentative text about usage of internet : Write 2 dangers of inter",3.78291171507148,0.471335021723914,"in_range",0.0178947368421052,NA
"Arabic",6,"a638y3_nv3",0.158974358974359,0.189473684210526,0.13,0.348314606741573,0.4,0.295454545454545,0.456410256410256,0.473684210526316,0.44,0.543589743589744,0.491232244072097,"in_range","in_range",FALSE,"Write a text about internet use: write at least 6 lines (60 words)",3.31559792485815,1.10086610539734,"in_range",0.0594736842105263,NA
"Arabic",6,"a67y3_nv3",0.748717948717949,0.778947368421053,0.72,0.776595744680851,0.804347826086957,0.75,0.964102564102564,0.968421052631579,0.96,0.0358974358974359,0.440004421142142,"in_range","in_range",FALSE,"Take the floor and speak freely about convincing a friend about dangers of elect",1.23589413336238,-1.12615707298504,"in_range",0.0589473684210526,NA
"Arabic",6,"a68y3_nv3",0.753846153846154,0.789473684210526,0.72,0.825842696629213,0.833333333333333,0.818181818181818,0.912820512820513,0.947368421052632,0.88,0.0871794871794872,0.400951686050785,"in_range","in_range",FALSE,"Take the floor and speak freely about convincing a friend about dangers of elect",1.18438765463969,-1.18686505447499,"in_range",0.0694736842105264,NA
"Arabic",6,"a69y3_nv3",0.502564102564103,0.494736842105263,0.51,0.544444444444445,0.552941176470588,0.536842105263158,0.923076923076923,0.894736842105263,0.95,0.0769230769230769,0.507229779972244,"in_range","in_range",FALSE,"Take the floor and speak freely about convincing a friend about dangers of elect",1.33900097827218,0.0156955277046723,"in_range",-0.0152631578947369,NA
"French",1,"f21",0.271794871794872,0.47,0.0631578947368421,0.726027397260274,0.796610169491525,0.428571428571429,0.374358974358974,0.59,0.147368421052632,0.625641025641026,0.51044224919693,"in_range","in_range",FALSE,"TU AS QUEL AGE ? QUEL AGE AS-TU ?",1,1.38710206076416,"in_range",0.406842105263158,NA
"French",1,"f210",0.728205128205128,0.9,0.547368421052632,0.747368421052631,0.9,0.577777777777778,0.974358974358974,1,0.947368421052632,0.0256410256410257,0.287058037659009,"very_easy","in_range",FALSE,"JE VAIS DIRE UN MOT ET TU DOIS ME MONTRER L'IMAGE CORRESPONDANTE: Une pomme",1,-1.43506315154398,"in_range",0.352631578947368,"easy_high_coverage"
"French",1,"f211",0.733333333333333,0.84,0.621052631578947,0.740932642487047,0.84,0.634408602150538,0.98974358974359,1,0.978947368421053,0.0102564102564102,0.510196448637351,"in_range","in_range",FALSE,"JE VAIS DIRE UN MOT ET TU DOIS ME MONTRER L'IMAGE CORRESPONDANTE: La fenêtre",1,-1.47056556893282,"in_range",0.218947368421053,NA
"French",1,"f212",0.712820512820513,0.92,0.494736842105263,0.72020725388601,0.92,0.505376344086022,0.98974358974359,1,0.978947368421053,0.0102564102564102,0.425877940664532,"very_easy","in_range",FALSE,"JE VAIS DIRE UN MOT ET TU DOIS ME MONTRER L'IMAGE CORRESPONDANTE: Un cahier",1,-1.3304459904529,"in_range",0.425263157894737,"easy_high_coverage"
"French",1,"f213",0.712820512820513,0.76,0.663157894736842,0.72020725388601,0.767676767676768,0.670212765957447,0.98974358974359,0.99,0.989473684210526,0.0102564102564102,0.388847579569985,"in_range","in_range",FALSE,"JE VAIS DIRE UN MOT ET TU DOIS ME MONTRER L'IMAGE CORRESPONDANTE: Un Pantalon",1,-1.3304459904529,"in_range",0.096842105263158,NA
"French",1,"f214",0.507692307692308,0.5,0.515789473684211,0.510309278350515,0.5,0.521276595744681,0.994871794871795,1,0.989473684210526,0.00512820512820511,0.132970204244858,"in_range","in_range",FALSE,"JE VAIS DIRE UN PHRASE ET TU DOIS ME MONTRER L'IMAGE CORRESPONDANTE:  Amine mang",1,-0.0828976892545714,"in_range",-0.0157894736842106,NA
"French",1,"f215",0.482051282051282,0.5,0.463157894736842,0.492146596858639,0.515463917525773,0.468085106382979,0.97948717948718,0.97,0.989473684210526,0.0205128205128206,0.14822494612305,"in_range","in_range",FALSE,"JE VAIS DIRE UN PHRASE ET TU DOIS ME MONTRER L'IMAGE CORRESPONDANTE: Amine saute",1,0.0661048923546988,"in_range",0.0368421052631579,NA
"French",1,"f216",0.564102564102564,0.59,0.536842105263158,0.564102564102564,0.59,0.536842105263158,1,1,1,0,0.138173058301306,"in_range","in_range",FALSE,"JE VAIS DIRE UN PHRASE ET TU DOIS ME MONTRER L'IMAGE CORRESPONDANTE: Amine se la",1,-0.411274163593541,"in_range",0.0531578947368421,NA
"French",1,"f217",0.57948717948718,0.69,0.463157894736842,0.763513513513513,0.821428571428572,0.6875,0.758974358974359,0.84,0.673684210526316,0.241025641025641,0.569675985800318,"in_range","in_range",FALSE,"LIS LES LETTRES SUIVANTES A VOIX HAUTE: L",1,-0.501658270627046,"in_range",0.226842105263158,NA
"French",1,"f218",0.923076923076923,0.99,0.852631578947368,0.962566844919786,1,0.920454545454545,0.958974358974359,0.99,0.926315789473684,0.041025641025641,0.395726886566892,"very_easy","very_easy",FALSE,"LIS LES LETTRES SUIVANTES A VOIX HAUTE:A",1,-3.31862209833302,"very_easy",0.137368421052632,"easy_high_coverage"
"French",1,"f219",0.507692307692308,0.67,0.336842105263158,0.722627737226277,0.80722891566265,0.592592592592593,0.702564102564103,0.83,0.568421052631579,0.297435897435897,0.672528520541968,"in_range","in_range",FALSE,"LIS LES LETTRES SUIVANTES A VOIX HAUTE:R",1,-0.0828976892545709,"in_range",0.333157894736842,NA
"French",1,"f22",0.18974358974359,0.31,0.0631578947368421,0.660714285714286,0.775,0.375,0.287179487179487,0.4,0.168421052631579,0.712820512820513,0.431644564765323,"in_range","in_range",FALSE,"TU ES EN QUELLE CLASSE ?",1,2.04233857129797,"very_hard",0.246842105263158,NA
"French",1,"f220",0.302564102564103,0.3,0.305263157894737,0.468253968253968,0.441176470588235,0.5,0.646153846153846,0.68,0.610526315789474,0.353846153846154,0.484574252030227,"in_range","in_range",FALSE,"LIS LES LETTRES SUIVANTES A VOIX HAUTE: J",1,1.17207526293687,"in_range",-0.00526315789473686,NA
"French",1,"f221",0.61025641025641,0.74,0.473684210526316,0.739130434782609,0.840909090909091,0.616438356164384,0.825641025641026,0.88,0.768421052631579,0.174358974358974,0.567016584710754,"in_range","in_range",FALSE,"LIS LES LETTRES SUIVANTES A VOIX HAUTE:E",1,-0.684474951455131,"in_range",0.266315789473684,NA
"French",1,"f222",0.641025641025641,0.75,0.526315789473684,0.796178343949045,0.88235294117647,0.694444444444444,0.805128205128205,0.85,0.757894736842105,0.194871794871795,0.616584794446673,"in_range","in_range",FALSE,"LIS LES LETTRES SUIVANTES A VOIX HAUTE: F",1,-0.871116801738299,"in_range",0.223684210526316,NA
"French",1,"f223",0.692307692307692,0.77,0.610526315789474,0.813253012048193,0.855555555555556,0.763157894736842,0.851282051282051,0.9,0.8,0.148717948717949,0.566419681911354,"in_range","in_range",FALSE,"LIS LES LETTRES SUIVANTES A VOIX HAUTE: D",1,-1.19486718785973,"in_range",0.159473684210526,NA
"French",1,"f224",0.676923076923077,0.78,0.568421052631579,0.840764331210191,0.896551724137931,0.771428571428571,0.805128205128205,0.87,0.736842105263158,0.194871794871795,0.606093053965219,"in_range","in_range",FALSE,"LIS LES LETTRES SUIVANTES A VOIX HAUTE: N",1,-1.0957040208549,"in_range",0.211578947368421,NA
"French",1,"f225",0.753846153846154,0.78,0.726315789473684,0.869822485207101,0.866666666666667,0.873417721518987,0.866666666666667,0.9,0.831578947368421,0.133333333333333,0.442107117092131,"in_range","in_range",FALSE,"LIS LES LETTRES SUIVANTES A VOIX HAUTE:B",1,-1.61614070500086,"in_range",0.0536842105263158,NA
"French",1,"f226",0.492307692307692,0.55,0.431578947368421,0.690647482014388,0.753424657534247,0.621212121212121,0.712820512820513,0.73,0.694736842105263,0.287179487179487,0.606915835674343,"in_range","in_range",FALSE,"LIS LES LETTRES SUIVANTES A VOIX HAUTE: V",1,0.00645145980589291,"in_range",0.118421052631579,NA
"French",1,"f227",0.851282051282051,0.92,0.778947368421053,0.932584269662921,0.968421052631579,0.891566265060241,0.912820512820513,0.95,0.873684210526316,0.0871794871794872,0.470336437282276,"very_easy","in_range",FALSE,"LIS LES LETTRES SUIVANTES A VOIX HAUTE:O",1,-2.42811748299777,"very_easy",0.141052631578947,"easy_high_coverage"
"French",1,"f228",0.630769230769231,0.62,0.642105263157895,0.727810650887574,0.704545454545455,0.753086419753086,0.866666666666667,0.88,0.852631578947368,0.133333333333333,0.202394949101266,"in_range","in_range",FALSE,"LIS LES LETTRES SUIVANTES A VOIX HAUTE: C",1,-0.80839085413974,"in_range",-0.0221052631578947,NA
"French",1,"f229",0.328205128205128,0.45,0.2,0.556521739130435,0.681818181818182,0.387755102040816,0.58974358974359,0.66,0.515789473684211,0.41025641025641,0.65077260261817,"in_range","in_range",FALSE,"LIS LES MOTS SUIVANTS A VOIX HAUTE:bali",1,1.00125610181112,"in_range",0.25,NA
"French",1,"f23",0.0769230769230769,0.07,0.0842105263157895,0.394736842105263,0.4375,0.363636363636364,0.194871794871795,0.16,0.231578947368421,0.805128205128205,0.285143261764088,"very_hard","very_hard",FALSE,"C'EST QUEL JOUR AUJOURD'HUI ?",1,3.41870962639563,"very_hard",-0.0142105263157895,"hard_low_coverage"
"French",1,"f230",0.37948717948718,0.5,0.252631578947368,0.621848739495798,0.746268656716418,0.461538461538462,0.61025641025641,0.67,0.547368421052632,0.38974358974359,0.683758865244432,"in_range","in_range",FALSE,"LIS LES MOTS SUIVANTS A VOIX HAUTE: banane",1,0.67647463000729,"in_range",0.247368421052632,NA
"French",1,"f231",0.471794871794872,0.54,0.4,0.696969696969697,0.72972972972973,0.655172413793103,0.676923076923077,0.74,0.610526315789474,0.323076923076923,0.743348672787902,"in_range","in_range",FALSE,"LIS LES MOTS SUIVANTS A VOIX HAUTE:ami",1,0.125876603637276,"in_range",0.14,NA
"French",1,"f232_nv",0.261538461538462,0.34,0.178947368421053,0.472222222222222,0.557377049180328,0.361702127659574,0.553846153846154,0.61,0.494736842105263,0.446153846153846,0.667230903172411,"in_range","in_range",FALSE,"LIS LES MOTS SUIVANTS A VOIX HAUTE:limonade",1,1.46171557428761,"in_range",0.161052631578947,NA
"French",1,"f233_nv",0.271794871794872,0.33,0.210526315789474,0.456896551724138,0.492537313432836,0.408163265306122,0.594871794871795,0.67,0.515789473684211,0.405128205128205,0.656977316016596,"in_range","in_range",FALSE,"LIS LES MOTS SUIVANTS A VOIX HAUTE:dune",1,1.38710206076416,"in_range",0.119473684210526,NA
"French",1,"f234",0.415384615384615,0.52,0.305263157894737,0.648,0.732394366197183,0.537037037037037,0.641025641025641,0.71,0.568421052631579,0.358974358974359,0.732076179840362,"in_range","in_range",FALSE,"LIS LES MOTS SUIVANTS A VOIX HAUTE:tomate",1,0.458667885743508,"in_range",0.214736842105263,NA
"French",1,"f235_nv",0.292307692307692,0.42,0.157894736842105,0.495652173913043,0.636363636363636,0.306122448979592,0.58974358974359,0.66,0.515789473684211,0.41025641025641,0.649423257015939,"in_range","in_range",FALSE,"LIS LES MOTS SUIVANTS A VOIX HAUTE:pire",1,1.24240750269598,"in_range",0.262105263157895,NA
"French",1,"f236",0.415384615384615,0.52,0.305263157894737,0.686440677966102,0.742857142857143,0.604166666666667,0.605128205128205,0.7,0.505263157894737,0.394871794871795,0.681481263883438,"in_range","in_range",FALSE,"LIS LES MOTS SUIVANTS A VOIX HAUTE: lama",1,0.458667885743509,"in_range",0.214736842105263,NA
"French",1,"f237",0.384615384615385,0.55,0.210526315789474,0.590551181102362,0.743243243243243,0.377358490566038,0.651282051282051,0.74,0.557894736842105,0.348717948717949,0.722654102008225,"in_range","in_range",FALSE,"LIS LES MOTS SUIVANTS A VOIX HAUTE:Sofa",1,0.644962924989748,"in_range",0.339473684210526,NA
"French",1,"f238_nv3",0.312820512820513,0.43,0.189473684210526,0.504132231404959,0.614285714285714,0.352941176470588,0.62051282051282,0.7,0.536842105263158,0.37948717948718,0.68079602922152,"in_range","in_range",FALSE,"LIS LES MOTS SUIVANTS A VOIX HAUTE:Dire",1,1.10293776554328,"in_range",0.240526315789474,NA
"French",1,"f239",0.302564102564103,0.41,0.189473684210526,0.551401869158878,0.650793650793651,0.409090909090909,0.548717948717949,0.63,0.463157894736842,0.451282051282051,0.710657199235577,"in_range","in_range",FALSE,"LIS LES LMOTS SUIVANTS A VOIX HAUTE: vélo",1,1.17207526293687,"in_range",0.220526315789474,NA
"French",1,"f24",0.241025641025641,0.25,0.231578947368421,0.522222222222222,0.520833333333333,0.523809523809524,0.461538461538462,0.48,0.442105263157895,0.538461538461538,0.402263516172546,"in_range","in_range",FALSE,"METS LE DOIGT SUR CHAQUE IMAGE ET DIS-MOI CE QUE C'EST EN FRANÇAIS :Chien",1,1.61620767444014,"in_range",0.018421052631579,NA
"French",1,"f240",0.328205128205128,0.4,0.252631578947368,0.503937007874016,0.533333333333333,0.461538461538462,0.651282051282051,0.75,0.547368421052632,0.348717948717949,0.678596680137717,"in_range","in_range",FALSE,"LIS LES MOTS SUIVANTS A VOIX HAUTE: sale",1,1.00125610181112,"in_range",0.147368421052632,NA
"French",1,"f241",0.461538461538462,0.53,0.389473684210526,0.708661417322835,0.706666666666667,0.711538461538461,0.651282051282051,0.75,0.547368421052632,0.348717948717949,0.714581176953396,"in_range","in_range",FALSE,"LIS LES MOTS SUIVANTS A VOIX HAUTE: moto",1,0.185808752812813,"in_range",0.140526315789474,NA
"French",1,"f242",0.138461538461538,0.14,0.136842105263158,0.275510204081633,0.25,0.30952380952381,0.502564102564103,0.56,0.442105263157895,0.497435897435897,0.502307838971698,"in_range","in_range",FALSE,"LIS LES MOTS SUIVANTS A VOIX HAUTE:fuji",1,2.5568095817084,"very_hard",0.00315789473684211,"hard_low_coverage"
"French",1,"f243",0.251282051282051,0.3,0.2,0.480392156862745,0.508474576271186,0.441860465116279,0.523076923076923,0.59,0.452631578947368,0.476923076923077,0.588482020263217,"in_range","in_range",FALSE,"LIS LES MOTS SUIVANTS A VOIX HAUTE:zoro",1,1.53802987042641,"in_range",0.1,NA
"French",1,"f244",0.194871794871795,0.26,0.126315789473684,0.311475409836066,0.361111111111111,0.24,0.625641025641026,0.72,0.526315789473684,0.374358974358974,0.638897109114865,"in_range","in_range",FALSE,"LIS LES LMOTS SUIVANTS A VOIX HAUTE: caméra",1,1.99655352406882,"in_range",0.133684210526316,NA
"French",1,"f245",0.430769230769231,0.52,0.336842105263158,0.454054054054054,0.530612244897959,0.367816091954023,0.948717948717949,0.98,0.91578947368421,0.0512820512820513,0.378893028165358,"in_range","in_range",FALSE,"RELIE CHAQUE MOT A L'IMAGE CORRESPONDANTE: vache",1,0.367002932841757,"in_range",0.183157894736842,NA
"French",1,"f246",0.487179487179487,0.55,0.421052631578947,0.50531914893617,0.561224489795918,0.444444444444444,0.964102564102564,0.98,0.947368421052632,0.0358974358974359,0.507654788537346,"in_range","in_range",FALSE,"RELIE CHAQUE MOT A L'IMAGE CORRESPONDANTE:tapis",1,0.0362660000221583,"in_range",0.128947368421053,NA
"French",1,"f247",0.38974358974359,0.49,0.28421052631579,0.415300546448087,0.510416666666667,0.310344827586207,0.938461538461538,0.96,0.91578947368421,0.0615384615384615,0.469325097977727,"in_range","in_range",FALSE,"RELIE CHAQUE MOT A L'IMAGE CORRESPONDANTE: poule",1,0.613595095145733,"in_range",0.205789473684211,NA
"French",1,"f248",0.605128205128205,0.67,0.536842105263158,0.608247422680412,0.67,0.542553191489362,0.994871794871795,1,0.989473684210526,0.00512820512820511,0.262489598537886,"in_range","in_range",FALSE,"COPIE CHAQUE MOT UNE SEULE FOIS: La banane",1,-0.65377679518669,"in_range",0.133157894736842,NA
"French",1,"f249",0.774358974358974,0.78,0.768421052631579,0.778350515463918,0.78,0.776595744680851,0.994871794871795,1,0.989473684210526,0.00512820512820511,0.332310567069509,"in_range","in_range",FALSE,"COPIE CHAQUE MOT UNE SEULE FOIS: Je parle",1,-1.76830418132345,"in_range",0.0115789473684211,NA
"French",1,"f25",0.456410256410256,0.54,0.368421052631579,0.723577235772358,0.794117647058824,0.636363636363636,0.630769230769231,0.68,0.578947368421053,0.369230769230769,0.465546282788998,"in_range","in_range",FALSE,"METS LE DOIGT SUR CHAQUE IMAGE ET DIS-MOI CE QUE C'EST EN FRANÇAIS :Cheval",1,0.215848383342355,"in_range",0.171578947368421,NA
"French",1,"f26",0.661538461538462,0.85,0.463157894736842,0.871621621621622,0.944444444444444,0.758620689655172,0.758974358974359,0.9,0.610526315789474,0.241025641025641,0.412121311563016,"in_range","in_range",FALSE,"METS LE DOIGT SUR CHAQUE IMAGE ET DIS-MOI CE QUE C'EST EN FRANÇAIS :Gomme",1,-0.99839480746878,"in_range",0.386842105263158,NA
"French",1,"f27",0.41025641025641,0.6,0.210526315789474,0.714285714285714,0.821917808219178,0.512820512820513,0.574358974358974,0.73,0.410526315789474,0.425641025641026,0.539455987628402,"in_range","in_range",FALSE,"METS LE DOIGT SUR CHAQUE IMAGE ET DIS-MOI CE QUE C'EST EN FRANÇAIS : Lit",1,0.489420969545393,"in_range",0.389473684210526,NA
"French",1,"f28",0.441025641025641,0.56,0.31578947368421,0.774774774774775,0.861538461538462,0.652173913043478,0.569230769230769,0.65,0.48421052631579,0.430769230769231,0.489075050915194,"in_range","in_range",FALSE,"METS LE DOIGT SUR CHAQUE IMAGE ET DIS-MOI CE QUE C'EST EN FRANÇAIS : Maison",1,0.306327288611822,"in_range",0.24421052631579,NA
"French",1,"f29",0.348717948717949,0.37,0.326315789473684,0.68,0.711538461538461,0.645833333333333,0.512820512820513,0.52,0.505263157894737,0.487179487179487,0.403939056084184,"in_range","in_range",FALSE,"METS LE DOIGT SUR CHAQUE IMAGE ET DIS-MOI CE QUE C'EST EN FRANÇAIS :Voiture/auto",1,0.86899765233727,"in_range",0.0436842105263158,NA
"French",2,"f21",0.0954773869346734,0.16,0.0303030303030303,0.487179487179487,0.592592592592593,0.25,0.195979899497487,0.27,0.121212121212121,0.804020100502513,0.330914802708365,"in_range","very_hard",FALSE,"TU AS QUEL AGE ? QUEL AGE AS-TU ?",1.28926883152574,2.18161925543308,"very_hard",0.12969696969697,NA
"French",2,"f211",0.688442211055276,0.8,0.575757575757576,0.706185567010309,0.833333333333333,0.581632653061224,0.974874371859296,0.96,0.98989898989899,0.0251256281407035,0.404778752870964,"in_range","in_range",FALSE,"JE VAIS DIRE UN MOT ET TU DOIS ME MONTRER L'IMAGE CORRESPONDANTE: La fenêtre",0.934055421655066,-0.993513126044417,"in_range",0.224242424242424,NA
"French",2,"f22_nv",0.14572864321608,0.24,0.0505050505050505,0.408450704225352,0.452830188679245,0.277777777777778,0.35678391959799,0.53,0.181818181818182,0.64321608040201,0.295199106926973,"in_range","in_range",FALSE,"QU'EST-CE QUE TU FAIS EN CLASSE?",0.805216350610183,2.45587172336326,"very_hard",0.18949494949495,NA
"French",2,"f23",0.170854271356784,0.11,0.232323232323232,0.53968253968254,0.392857142857143,0.657142857142857,0.316582914572864,0.28,0.353535353535354,0.683417085427136,0.251805872864159,"in_range","in_range",FALSE,"C'EST QUEL JOUR AUJOURD'HUI ?",0.753446103678888,2.32379129545467,"very_hard",-0.122323232323232,"hard_low_coverage"
"French",2,"f232_nv",0.371859296482412,0.37,0.373737373737374,0.448484848484849,0.430232558139535,0.468354430379747,0.829145728643216,0.86,0.797979797979798,0.170854271356784,0.623597899794085,"in_range","in_range",FALSE,"LIS LES MOTS SUIVANTS A VOIX HAUTE:limonade",2.37316680329919,0.423598696523938,"in_range",-0.00373737373737376,NA
"French",2,"f233_nv",0.391959798994975,0.4,0.383838383838384,0.475609756097561,0.470588235294118,0.481012658227848,0.824120603015075,0.85,0.797979797979798,0.175879396984925,0.586118527145114,"in_range","in_range",FALSE,"LIS LES MOTS SUIVANTS A VOIX HAUTE:dune",2.15093388013783,0.370591495043196,"in_range",0.0161616161616162,NA
"French",2,"f235_nv",0.376884422110553,0.35,0.404040404040404,0.451807228915663,0.406976744186047,0.5,0.834170854271357,0.86,0.808080808080808,0.165829145728643,0.594037433249263,"in_range","in_range",FALSE,"LIS LES MOTS SUIVANTS A VOIX HAUTE:pire",2.23829681760791,0.414879769262687,"in_range",-0.0540404040404041,NA
"French",2,"f245",0.64321608040201,0.73,0.555555555555556,0.680851063829787,0.752577319587629,0.604395604395604,0.944723618090452,0.97,0.919191919191919,0.0552763819095478,0.473306073684602,"in_range","in_range",FALSE,"RELIE CHAQUE MOT A L'IMAGE CORRESPONDANTE: vache",1.18450510009713,-0.621408380636078,"in_range",0.174444444444444,NA
"French",2,"f246",0.592964824120603,0.66,0.525252525252525,0.624338624338624,0.673469387755102,0.571428571428572,0.949748743718593,0.98,0.919191919191919,0.050251256281407,0.580878657996184,"in_range","in_range",FALSE,"RELIE CHAQUE MOT A L'IMAGE CORRESPONDANTE:tapis",2.02494220848236,-0.282276243632024,"in_range",0.134747474747475,NA
"French",2,"f247",0.5678391959799,0.66,0.474747474747475,0.60752688172043,0.694736842105263,0.516483516483517,0.934673366834171,0.95,0.919191919191919,0.0653266331658291,0.556871593984202,"in_range","in_range",FALSE,"RELIE CHAQUE MOT A L'IMAGE CORRESPONDANTE: poule",1.63459291076128,-0.224970421411001,"in_range",0.185252525252525,NA
"French",2,"f253",0.562814070351759,0.72,0.404040404040404,0.586387434554974,0.782608695652174,0.404040404040404,0.959798994974874,0.92,1,0.0402010050251256,0.418781932931009,"in_range","in_range",FALSE,"JE VAIS DIRE UN MOT ET TU DOIS ME MONTRER L'IMAGE CORRESPONDANTE: Une chaise",0.918106908994096,-0.31459154580075,"in_range",0.315959595959596,NA
"French",2,"f255",0.698492462311558,0.85,0.545454545454545,0.716494845360825,0.885416666666667,0.551020408163265,0.974874371859296,0.96,0.98989898989899,0.0251256281407035,0.406561716230566,"in_range","in_range",FALSE,"JE VAIS DIRE UN MOT ET TU DOIS ME MONTRER L'IMAGE CORRESPONDANTE: Une fleur",1.04758264358997,-0.968575995633004,"in_range",0.304545454545455,NA
"French",2,"f256",0.507537688442211,0.58,0.434343434343434,0.540106951871658,0.651685393258427,0.438775510204082,0.939698492462312,0.89,0.98989898989899,0.0603015075376885,0.249018241295007,"in_range","in_range",FALSE,"JE VAIS DIRE UNE PHRASE ET TU DOIS ME MONTRER L'IMAGE CORRESPONDANTE: Amine dort",0.465926563181241,-0.064822541104788,"in_range",0.145656565656566,NA
"French",2,"f257",0.582914572864322,0.81,0.353535353535354,0.610526315789474,0.880434782608696,0.357142857142857,0.954773869346734,0.92,0.98989898989899,0.0452261306532663,0.313438255851883,"in_range","in_range",FALSE,"JE VAIS DIRE UNE PHRASE ET TU DOIS ME MONTRER L'IMAGE CORRESPONDANTE: Amine dess",0.580610378569928,-0.616804073214625,"in_range",0.456464646464647,NA
"French",2,"f258",0.542713567839196,0.66,0.424242424242424,0.559585492227979,0.694736842105263,0.428571428571429,0.969849246231156,0.95,0.98989898989899,0.0301507537688442,0.276343549509105,"in_range","in_range",FALSE,"JE VAIS DIRE UNE PHRASE ET TU DOIS ME MONTRER L'IMAGE CORRESPONDANTE: Amine boit",0.513576149044968,-0.350407461462841,"in_range",0.235757575757576,NA
"French",2,"f259",0.311557788944724,0.42,0.202020202020202,0.775,0.777777777777778,0.769230769230769,0.402010050251256,0.54,0.262626262626263,0.597989949748744,0.484545992208227,"in_range","in_range",FALSE,"C'EST AMINE SUR L'IMAGE. JE VAIS TE POSER DES QUESTIONS. REPONDS-MOI AVEC UNE PH",1.26790623305693,0.823525470175012,"in_range",0.217979797979798,NA
"French",2,"f260",0.190954773869347,0.23,0.151515151515152,0.633333333333333,0.560975609756098,0.789473684210526,0.301507537688442,0.41,0.191919191919192,0.698492462311558,0.287077866153912,"in_range","in_range",FALSE,"C'EST AMINE SUR L'IMAGE. JE VAIS TE POSER DES QUESTIONS. REPONDS-MOI AVEC UNE PH",0.766140139164267,2.10077605251044,"very_hard",0.0784848484848485,NA
"French",2,"f261",0.301507537688442,0.53,0.0707070707070707,0.8,0.841269841269841,0.583333333333333,0.376884422110553,0.63,0.121212121212121,0.623115577889447,0.526870496097128,"in_range","in_range",FALSE,"C'EST Lina SUR L'IMAGE. JE VAIS TE POSER DES QUESTIONS. REPONDS-MOI AVEC UNE PHR",1.42300817920934,0.815856337229338,"in_range",0.459292929292929,NA
"French",2,"f262",0.0804020100502513,0.13,0.0303030303030303,0.30188679245283,0.302325581395349,0.3,0.266331658291457,0.43,0.101010101010101,0.733668341708543,0.413743737148015,"in_range","very_hard",FALSE,"C'EST Lina SUR L'IMAGE. JE VAIS TE POSER DES QUESTIONS. REPONDS-MOI AVEC UNE PHR",2.05294384980373,1.81440087389756,"in_range",0.0996969696969697,"hard_low_coverage"
"French",2,"f263",0.085427135678392,0.13,0.0404040404040404,0.220779220779221,0.240740740740741,0.173913043478261,0.386934673366834,0.54,0.232323232323232,0.613065326633166,0.321747702654463,"in_range","very_hard",FALSE,"C'EST Lina SUR L'IMAGE. JE VAIS TE POSER DES QUESTIONS. REPONDS-MOI AVEC UNE PHR",1.33723262287223,2.23637645534289,"very_hard",0.0895959595959596,"hard_low_coverage"
"French",2,"f264",0.577889447236181,0.61,0.545454545454545,0.701219512195122,0.701149425287356,0.701298701298701,0.824120603015075,0.87,0.777777777777778,0.175879396984925,0.565477980201382,"in_range","in_range",FALSE,"LIS LES MOTS SUIVANTS A VOIX HAUTE :karima",2.20257302301556,-0.221878763989955,"in_range",0.0645454545454546,NA
"French",2,"f265",0.271356783919598,0.35,0.191919191919192,0.412213740458015,0.492957746478873,0.316666666666667,0.658291457286432,0.71,0.606060606060606,0.341708542713568,0.56389142017063,"in_range","in_range",FALSE,"LIS LES MOTS SUIVANTS A VOIX HAUTE :régal",2.024352163704,0.808833782122421,"in_range",0.158080808080808,NA
"French",2,"f266",0.4321608040201,0.47,0.393939393939394,0.551282051282051,0.580246913580247,0.52,0.78391959798995,0.81,0.757575757575758,0.21608040201005,0.649173163127844,"in_range","in_range",FALSE,"LIS LES MOTS SUIVANTS A VOIX HAUTE :puma",2.75831572967994,0.225206930307912,"in_range",0.076060606060606,NA
"French",2,"f267",0.256281407035176,0.28,0.232323232323232,0.344594594594595,0.354430379746835,0.333333333333333,0.743718592964824,0.79,0.696969696969697,0.256281407035176,0.602898391521876,"in_range","in_range",FALSE,"LIS LES MOTS SUIVANTS A VOIX HAUTE :douche",2.61157636589704,0.798323602712835,"in_range",0.0476767676767677,NA
"French",2,"f268",0.452261306532663,0.47,0.434343434343434,0.584415584415584,0.573170731707317,0.597222222222222,0.773869346733668,0.82,0.727272727272727,0.226130653266332,0.580052132008019,"in_range","in_range",FALSE,"LIS LES MOTS SUIVANTS A VOIX HAUTE :lavabo",2.10755709082991,0.177137486637634,"in_range",0.0356565656565656,NA
"French",2,"f269",0.517587939698492,0.58,0.454545454545455,0.631901840490798,0.659090909090909,0.6,0.819095477386935,0.88,0.757575757575758,0.180904522613065,0.525641036313256,"in_range","in_range",FALSE,"LIS LES PHRASES SUIVANTES : Ce",1.76153174769862,-0.0392823730377741,"in_range",0.125454545454545,NA
"French",2,"f270",0.311557788944724,0.43,0.191919191919192,0.394904458598726,0.494252873563218,0.271428571428571,0.78894472361809,0.87,0.707070707070707,0.21105527638191,0.619517224728965,"in_range","in_range",FALSE,"LIS LES PHRASES SUIVANTES : matin",2.42637378402337,0.619228438479368,"in_range",0.238080808080808,NA
"French",2,"f271",0.316582914572864,0.43,0.202020202020202,0.414473684210526,0.511904761904762,0.294117647058824,0.763819095477387,0.84,0.686868686868687,0.236180904522613,0.638647317754616,"in_range","in_range",FALSE,"LIS LES PHRASES SUIVANTES: j'ai",2.58106677104467,0.591522222154665,"in_range",0.227979797979798,NA
"French",2,"f272",0.386934673366834,0.43,0.343434343434343,0.513333333333333,0.530864197530864,0.492753623188406,0.753768844221106,0.81,0.696969696969697,0.246231155778894,0.606763252409092,"in_range","in_range",FALSE,"LIS LES PHRASES SUIVANTES:vu",2.15696323016642,0.386736709217024,"in_range",0.0865656565656566,NA
"French",2,"f273",0.648241206030151,0.66,0.636363636363636,0.821656050955414,0.795180722891566,0.851351351351351,0.78894472361809,0.83,0.747474747474748,0.21105527638191,0.600933906269022,"in_range","in_range",FALSE,"LIS LES PHRASES SUIVANTES :une",3.05694305219058,-0.402260501375723,"in_range",0.0236363636363637,NA
"French",2,"f274",0.221105527638191,0.3,0.141414141414141,0.323529411764706,0.394736842105263,0.233333333333333,0.683417085427136,0.76,0.606060606060606,0.316582914572864,0.65531808411388,"in_range","in_range",FALSE,"LIS LES PHRASES SUIVANTES : grande",3.281702783396,0.882137375462244,"in_range",0.158585858585859,NA
"French",2,"f275",0.21608040201005,0.17,0.262626262626263,0.311594202898551,0.232876712328767,0.4,0.693467336683417,0.73,0.656565656565657,0.306532663316583,0.47216773341362,"in_range","in_range",FALSE,"LIS LES PHRASES SUIVANTES : girafe",1.78833803429359,1.09111419324353,"in_range",-0.0926262626262626,NA
"French",2,"f276",0.170854271356784,0.23,0.111111111111111,0.170854271356784,0.23,0.111111111111111,1,1,1,0,0.642849558013217,"in_range","in_range",FALSE,"Fluidité: Ce matin j'ai vu une grande girafe",4.69120344851536,1.02476480834846,"in_range",0.118888888888889,NA
"French",2,"f277",0.618090452261307,0.75,0.484848484848485,0.814569536423841,0.862068965517241,0.75,0.758793969849246,0.87,0.646464646464647,0.241206030150754,0.580956122878164,"in_range","in_range",FALSE,"LIS LES PHRASES SUIVANTES : Je",2.34351507863852,-0.344010724764313,"in_range",0.265151515151515,NA
"French",2,"f278",0.281407035175879,0.37,0.191919191919192,0.366013071895425,0.44047619047619,0.27536231884058,0.768844221105528,0.84,0.696969696969697,0.231155778894472,0.638721299039152,"in_range","in_range",FALSE,"LIS LES PHRASES SUIVANTES : mange",2.53183431234977,0.715152566119188,"in_range",0.178080808080808,NA
"French",2,"f279",0.417085427135678,0.53,0.303030303030303,0.553333333333333,0.646341463414634,0.441176470588235,0.753768844221106,0.82,0.686868686868687,0.246231155778894,0.701167708210326,"in_range","in_range",FALSE,"LIS LES PHRASES SUIVANTES : des",3.26485968017059,0.259604476791857,"in_range",0.226969696969697,NA
"French",2,"f280",0.125628140703518,0.12,0.131313131313131,0.179856115107914,0.164383561643836,0.196969696969697,0.698492462311558,0.73,0.666666666666667,0.301507537688442,0.507492015407768,"in_range","in_range",FALSE,"LIS LES PHRASES SUIVANTES :fruits",2.66942722774629,1.35555974052315,"in_range",-0.0113131313131313,"hard_low_coverage"
"French",2,"f281",0.653266331658292,0.78,0.525252525252525,0.855263157894737,0.939759036144578,0.753623188405797,0.763819095477387,0.83,0.696969696969697,0.236180904522613,0.515140877381238,"in_range","in_range",FALSE,"LIS LES PHRASES SUIVANTES : à",1.9281158684469,-0.503468154575982,"in_range",0.254747474747475,NA
"French",2,"f282",0.663316582914573,0.78,0.545454545454545,0.862745098039216,0.928571428571429,0.782608695652174,0.768844221105528,0.84,0.696969696969697,0.231155778894472,0.599312463339375,"in_range","in_range",FALSE,"LIS LES PHRASES SUIVANTES : la",3.09150593242479,-0.44785347802218,"in_range",0.234545454545455,NA
"French",2,"f283",0.190954773869347,0.21,0.171717171717172,0.25503355704698,0.253012048192771,0.257575757575758,0.748743718592965,0.83,0.666666666666667,0.251256281407035,0.544453141620194,"in_range","in_range",FALSE,"LIS LES PHRASES SUIVANTES : fin",2.30926574585182,1.0945552258384,"in_range",0.0382828282828283,NA
"French",2,"f284",0.472361809045226,0.49,0.454545454545455,0.630872483221477,0.583333333333333,0.692307692307692,0.748743718592965,0.84,0.656565656565657,0.251256281407035,0.639778847583536,"in_range","in_range",FALSE,"LIS LES PHRASES SUIVANTES : du",2.74768831356583,0.107654810541246,"in_range",0.0354545454545455,NA
"French",2,"f285",0.160804020100503,0.25,0.0707070707070707,0.23021582733813,0.333333333333333,0.109375,0.698492462311558,0.75,0.646464646464647,0.301507537688442,0.560676319618654,"in_range","in_range",FALSE,"LIS LES PHRASES SUIVANTES : déjeuner",2.85899833117526,1.15822635046416,"in_range",0.179292929292929,NA
"French",2,"f286",0.14070351758794,0.17,0.111111111111111,0.14070351758794,0.17,0.111111111111111,1,1,1,0,0.537272123339789,"in_range","in_range",FALSE,"Fluidité: Je mange des fruits à la fin du déjeuner",3.08118169072545,1.22988288861979,"in_range",0.0588888888888889,NA
"French",2,"f293",0.346733668341709,0.34,0.353535353535354,0.372972972972973,0.357894736842105,0.388888888888889,0.92964824120603,0.95,0.909090909090909,0.0703517587939698,0.0629149981616343,"in_range","in_range",FALSE,"LIS LA QUESTION ET MONTRE-MOI LA BONNE REPONSE. QUE FAIT ALI ? Ali saute sur le",0.187709173809357,3.40361328651954,"very_hard",-0.0135353535353535,NA
"French",2,"f294_nv",0.236180904522613,0.24,0.232323232323232,0.252688172043011,0.252631578947368,0.252747252747253,0.934673366834171,0.95,0.919191919191919,0.0653266331658291,0.26720141854717,"in_range","in_range",FALSE,"LIS LA QUESTION ET MONTRE-MOI LA BONNE REPONSE. QUE FAIT SALMA? Elle joue.",0.682136570064767,1.88790951054146,"in_range",0.00767676767676767,NA
"French",2,"f295",0.175879396984925,0.17,0.181818181818182,0.4375,0.414634146341463,0.461538461538462,0.402010050251256,0.41,0.393939393939394,0.597989949748744,0.489073262876597,"in_range","in_range",FALSE,"ECRIS LE MOT CORRESPONDANT A L'IMAGE:cheval",1.81425259953127,1.28068868838759,"in_range",-0.0118181818181818,NA
"French",2,"f296",0.291457286432161,0.34,0.242424242424242,0.471544715447154,0.5,0.436363636363636,0.618090452261307,0.68,0.555555555555556,0.381909547738693,0.473097238336712,"in_range","in_range",FALSE,"ECRIS LE MOT CORRESPONDANT A L'IMAGE:cahier/livre",1.44961636833733,0.852016022580171,"in_range",0.0975757575757576,NA
"French",2,"f297_nv",0.412060301507538,0.58,0.242424242424242,0.422680412371134,0.58,0.25531914893617,0.974874371859296,1,0.94949494949495,0.0251256281407035,0.44310362334428,"in_range","in_range",FALSE,"ECRIS UNE PHRASE A PARTIR DES MOTS SUIVANTS: une fleur, Omar, dessine",1.10100901704367,0.41303444785084,"in_range",0.337575757575758,NA
"French",2,"f298",0.331658291457286,0.39,0.272727272727273,0.34020618556701,0.39,0.287234042553192,0.974874371859296,1,0.94949494949495,0.0251256281407035,0.450909543652023,"in_range","in_range",FALSE,"ECRIS UNE PHRASE A PARTIR DES MOTS SUIVANTS: rouge, est, mon cartable",1.21493748032462,0.749805428027537,"in_range",0.117272727272727,NA
"French",2,"f299",0.170854271356784,0.27,0.0707070707070707,0.177083333333333,0.27,0.0760869565217391,0.964824120603015,1,0.929292929292929,0.035175879396985,0.513767831744311,"in_range","in_range",FALSE,"ECRIS UNE PHRASE A PARTIR DES MOTS SUIVANTS: sous, est, la table, le chien",1.87607783333684,1.28757403170339,"in_range",0.199292929292929,NA
"French",3,"f21",0.29,0.48,0.1,0.651685393258427,0.666666666666667,0.588235294117647,0.445,0.72,0.17,0.555,0.346196782904002,"in_range","in_range",FALSE,"TU AS QUEL AGE ? QUEL AGE AS-TU ?",1,1.31879905296408,"in_range",0.38,NA
"French",3,"f211",0.72,0.8,0.64,0.761904761904762,0.888888888888889,0.646464646464646,0.945,0.9,0.99,0.055,0.387308744795941,"in_range","in_range",FALSE,"JE VAIS DIRE UN MOT ET TU DOIS ME MONTRER L'IMAGE CORRESPONDANTE: La fenêtre",1,-1.39609960499383,"in_range",0.16,NA
"French",3,"f22_nv",0.125,0.15,0.1,0.280898876404494,0.254237288135593,0.333333333333333,0.445,0.59,0.3,0.555,0.473650361965405,"in_range","in_range",FALSE,"QU'EST-CE QUE TU FAIS EN CLASSE?",1,2.75070642921326,"very_hard",0.05,"hard_low_coverage"
"French",3,"f23",0.19,0.11,0.27,0.612903225806452,0.366666666666667,0.84375,0.31,0.3,0.32,0.69,0.333985466556172,"in_range","in_range",FALSE,"C'EST QUEL JOUR AUJOURD'HUI ?",1,2.09219174855125,"very_hard",-0.16,"hard_low_coverage"
"French",3,"f232_nv",0.555,0.59,0.52,0.613259668508287,0.602040816326531,0.626506024096386,0.905,0.98,0.83,0.095,0.647708977042872,"in_range","in_range",FALSE,"LIS LES MOTS SUIVANTS A VOIX HAUTE:limonade",1,-0.327436050685376,"in_range",0.07,NA
"French",3,"f233_nv",0.42,0.48,0.36,0.46927374301676,0.505263157894737,0.428571428571429,0.895,0.95,0.84,0.105,0.621319742666983,"in_range","in_range",FALSE,"LIS LES MOTS SUIVANTS A VOIX HAUTE:dune",1,0.484495386103977,"in_range",0.12,NA
"French",3,"f235_nv",0.43,0.44,0.42,0.480446927374302,0.458333333333333,0.506024096385542,0.895,0.96,0.83,0.105,0.551327210892547,"in_range","in_range",FALSE,"LIS LES MOTS SUIVANTS A VOIX HAUTE:pire",1,0.423798724685592,"in_range",0.02,NA
"French",3,"f245",0.695,0.78,0.61,0.712820512820513,0.795918367346939,0.628865979381443,0.975,0.98,0.97,0.025,0.512251637128832,"in_range","in_range",FALSE,"RELIE CHAQUE MOT A L'IMAGE CORRESPONDANTE: vache",1,-1.22080977132182,"in_range",0.17,NA
"French",3,"f246",0.755,0.81,0.7,0.774358974358974,0.826530612244898,0.721649484536082,0.975,0.98,0.97,0.025,0.505568413457543,"in_range","in_range",FALSE,"RELIE CHAQUE MOT A L'IMAGE CORRESPONDANTE:tapis",1,-1.65511726715181,"in_range",0.11,NA
"French",3,"f247",0.66,0.78,0.54,0.68041237113402,0.795918367346939,0.5625,0.97,0.98,0.96,0.03,0.532499512286311,"in_range","in_range",FALSE,"RELIE CHAQUE MOT A L'IMAGE CORRESPONDANTE: poule",1,-0.985833953057977,"in_range",0.24,NA
"French",3,"f253",0.605,0.8,0.41,0.633507853403141,0.851063829787234,0.422680412371134,0.955,0.94,0.97,0.045,0.484596272097922,"in_range","in_range",FALSE,"JE VAIS DIRE UN MOT ET TU DOIS ME MONTRER L'IMAGE CORRESPONDANTE: Une chaise",1,-0.634485238530765,"in_range",0.39,NA
"French",3,"f255",0.745,0.79,0.7,0.796791443850267,0.897727272727273,0.707070707070707,0.935,0.88,0.99,0.065,0.298849117015808,"in_range","in_range",FALSE,"JE VAIS DIRE UN MOT ET TU DOIS ME MONTRER L'IMAGE CORRESPONDANTE: Une fleur",1,-1.57924926784967,"in_range",0.0900000000000001,NA
"French",3,"f256",0.525,0.61,0.44,0.538461538461539,0.635416666666667,0.444444444444444,0.975,0.96,0.99,0.025,0.246507932940898,"in_range","in_range",FALSE,"JE VAIS DIRE UNE PHRASE ET TU DOIS ME MONTRER L'IMAGE CORRESPONDANTE: Amine dort",1,-0.146473527002656,"in_range",0.17,NA
"French",3,"f257",0.595,0.73,0.46,0.61025641025641,0.744897959183673,0.474226804123711,0.975,0.98,0.97,0.025,0.37547115676391,"in_range","in_range",FALSE,"JE VAIS DIRE UNE PHRASE ET TU DOIS ME MONTRER L'IMAGE CORRESPONDANTE: Amine dess",1,-0.572337845912579,"in_range",0.27,NA
"French",3,"f258",0.655,0.66,0.65,0.668367346938776,0.68041237113402,0.656565656565657,0.98,0.97,0.99,0.02,0.317696283699649,"in_range","in_range",FALSE,"JE VAIS DIRE UNE PHRASE ET TU DOIS ME MONTRER L'IMAGE CORRESPONDANTE: Amine boit",1,-0.953092982953602,"in_range",0.01,NA
"French",3,"f259",0.41,0.51,0.31,0.738738738738739,0.71830985915493,0.775,0.555,0.71,0.4,0.445,0.487816759351786,"in_range","in_range",FALSE,"C'EST AMINE SUR L'IMAGE. JE VAIS TE POSER DES QUESTIONS. REPONDS-MOI AVEC UNE PH",1,0.545477574211193,"in_range",0.2,NA
"French",3,"f260",0.285,0.34,0.23,0.633333333333333,0.557377049180328,0.793103448275862,0.45,0.61,0.29,0.55,0.4964969288788,"in_range","in_range",FALSE,"C'EST AMINE SUR L'IMAGE. JE VAIS TE POSER DES QUESTIONS. REPONDS-MOI AVEC UNE PH",1,1.35361651892165,"in_range",0.11,NA
"French",3,"f261",0.255,0.4,0.11,0.548387096774194,0.615384615384615,0.392857142857143,0.465,0.65,0.28,0.535,0.482587115342551,"in_range","in_range",FALSE,"C'EST Lina SUR L'IMAGE. JE VAIS TE POSER DES QUESTIONS. REPONDS-MOI AVEC UNE PHR",1,1.56932552106852,"in_range",0.29,NA
"French",3,"f262",0.115,0.1,0.13,0.338235294117647,0.24390243902439,0.481481481481482,0.34,0.41,0.27,0.66,0.356991793870196,"very_hard","in_range",FALSE,"C'EST Lina SUR L'IMAGE. JE VAIS TE POSER DES QUESTIONS. REPONDS-MOI AVEC UNE PHR",1,2.87293354855622,"very_hard",-0.03,"hard_low_coverage"
"French",3,"f263",0.165,0.23,0.1,0.317307692307692,0.315068493150685,0.32258064516129,0.52,0.73,0.31,0.48,0.427733217946948,"in_range","in_range",FALSE,"C'EST Lina SUR L'IMAGE. JE VAIS TE POSER DES QUESTIONS. REPONDS-MOI AVEC UNE PHR",1,2.32347874376551,"very_hard",0.13,NA
"French",3,"f264",0.73,0.83,0.63,0.802197802197802,0.838383838383838,0.759036144578313,0.91,0.99,0.83,0.09,0.593046541555915,"in_range","in_range",FALSE,"LIS LES MOTS SUIVANTS A VOIX HAUTE :karima",1,-1.46832089789929,"in_range",0.2,NA
"French",3,"f265",0.32,0.32,0.32,0.429530201342282,0.421052631578947,0.438356164383562,0.745,0.76,0.73,0.255,0.520226556253314,"in_range","in_range",FALSE,"LIS LES MOTS SUIVANTS A VOIX HAUTE :régal",1,1.11548723813007,"in_range",0,NA
"French",3,"f266",0.445,0.47,0.42,0.526627218934911,0.528089887640449,0.525,0.845,0.89,0.8,0.155,0.612426499789972,"in_range","in_range",FALSE,"LIS LES MOTS SUIVANTS A VOIX HAUTE :puma",1,0.33319371378922,"in_range",0.05,NA
"French",3,"f267",0.39,0.38,0.4,0.458823529411765,0.422222222222222,0.5,0.85,0.9,0.8,0.15,0.557512279240132,"in_range","in_range",FALSE,"LIS LES MOTS SUIVANTS A VOIX HAUTE :douche",1,0.668482645971956,"in_range",-0.02,NA
"French",3,"f268",0.69,0.79,0.59,0.784090909090909,0.831578947368421,0.728395061728395,0.88,0.95,0.81,0.12,0.684510050537547,"in_range","in_range",FALSE,"LIS LES MOTS SUIVANTS A VOIX HAUTE :lavabo",1,-1.1865584660572,"in_range",0.2,NA
"French",3,"f269",0.575,0.6,0.55,0.657142857142857,0.638297872340426,0.679012345679012,0.875,0.94,0.81,0.125,0.57037064271559,"in_range","in_range",FALSE,"LIS LES PHRASES SUIVANTES : Ce",1,-0.449235254516908,"in_range",0.0499999999999999,NA
"French",3,"f270",0.455,0.53,0.38,0.52,0.576086956521739,0.457831325301205,0.875,0.92,0.83,0.125,0.658431032229061,"in_range","in_range",FALSE,"LIS LES PHRASES SUIVANTES : matin",1,0.273022483257098,"in_range",0.15,NA
"French",3,"f271",0.57,0.62,0.52,0.670588235294118,0.696629213483146,0.641975308641975,0.85,0.89,0.81,0.15,0.514327350661879,"in_range","in_range",FALSE,"LIS LES PHRASES SUIVANTES: j'ai",1,-0.418676278637014,"in_range",0.1,NA
"French",3,"f272",0.53,0.55,0.51,0.634730538922156,0.632183908045977,0.6375,0.835,0.87,0.8,0.165,0.598294264188357,"in_range","in_range",FALSE,"LIS LES PHRASES SUIVANTES:vu",1,-0.176525763183917,"in_range",0.04,NA
"French",3,"f273",0.715,0.75,0.68,0.841176470588235,0.824175824175824,0.860759493670886,0.85,0.91,0.79,0.15,0.563184733662564,"in_range","in_range",FALSE,"LIS LES PHRASES SUIVANTES :une",1,-1.36046540503858,"in_range",0.07,NA
"French",3,"f274",0.38,0.39,0.37,0.484076433121019,0.458823529411765,0.513888888888889,0.785,0.85,0.72,0.215,0.680796814909657,"in_range","in_range",FALSE,"LIS LES PHRASES SUIVANTES : grande",1,0.730602875221444,"in_range",0.02,NA
"French",3,"f275",0.35,0.36,0.34,0.448717948717949,0.433734939759036,0.465753424657534,0.78,0.83,0.73,0.22,0.494027829359351,"in_range","in_range",FALSE,"LIS LES PHRASES SUIVANTES : girafe",1,0.920073401147023,"in_range",0.02,NA
"French",3,"f276",0.275,0.32,0.23,0.275,0.32,0.23,1,1,1,0,0.627792717823242,"in_range","in_range",FALSE,"Fluidité: Ce matin j'ai vu une grande girafe",1,1.42416452333835,"in_range",0.09,NA
"French",3,"f277",0.72,0.81,0.63,0.813559322033898,0.84375,0.777777777777778,0.885,0.96,0.81,0.115,0.620935204912994,"in_range","in_range",FALSE,"LIS LES PHRASES SUIVANTES : Je",1,-1.39609960499383,"in_range",0.18,NA
"French",3,"f278",0.4,0.43,0.37,0.457142857142857,0.457446808510638,0.45679012345679,0.875,0.94,0.81,0.125,0.627855083514574,"in_range","in_range",FALSE,"LIS LES PHRASES SUIVANTES : mange",1,0.606790817935283,"in_range",0.06,NA
"French",3,"f279",0.575,0.59,0.56,0.657142857142857,0.627659574468085,0.691358024691358,0.875,0.94,0.81,0.125,0.687922850325932,"in_range","in_range",FALSE,"LIS LES PHRASES SUIVANTES : des",1,-0.449235254516908,"in_range",0.0299999999999999,NA
"French",3,"f280",0.27,0.2,0.34,0.323353293413174,0.222222222222222,0.441558441558442,0.835,0.9,0.77,0.165,0.612791866719442,"in_range","in_range",FALSE,"LIS LES PHRASES SUIVANTES :fruits",1,1.45992344711249,"in_range",-0.14,"treated_below_control"
"French",3,"f281",0.77,0.85,0.69,0.865168539325843,0.876288659793814,0.851851851851852,0.89,0.97,0.81,0.11,0.589608682959236,"in_range","in_range",FALSE,"LIS LES PHRASES SUIVANTES : à",1,-1.77215606251104,"in_range",0.16,NA
"French",3,"f282",0.78,0.86,0.7,0.876404494382023,0.88659793814433,0.864197530864198,0.89,0.97,0.81,0.11,0.657513056105667,"in_range","in_range",FALSE,"LIS LES PHRASES SUIVANTES : la",1,-1.85258448110201,"in_range",0.16,NA
"French",3,"f283",0.295,0.27,0.32,0.339080459770115,0.28421052631579,0.405063291139241,0.87,0.95,0.79,0.13,0.550761818541238,"in_range","in_range",FALSE,"LIS LES PHRASES SUIVANTES : fin",1,1.28426810212917,"in_range",-0.05,NA
"French",3,"f284",0.53,0.54,0.52,0.60919540229885,0.574468085106383,0.65,0.87,0.94,0.8,0.13,0.639569124622922,"in_range","in_range",FALSE,"LIS LES PHRASES SUIVANTES : du",1,-0.176525763183917,"in_range",0.02,NA
"French",3,"f285",0.36,0.53,0.19,0.439024390243902,0.602272727272727,0.25,0.82,0.88,0.76,0.18,0.676011832108478,"in_range","in_range",FALSE,"LIS LES PHRASES SUIVANTES : déjeuner",1,0.856341191186591,"in_range",0.34,NA
"French",3,"f286",0.285,0.34,0.23,0.285,0.34,0.23,1,1,1,0,0.651315913839711,"in_range","in_range",FALSE,"Fluidité: Je mange des fruits à la fin du déjeuner",1,1.35361651892165,"in_range",0.11,NA
"French",3,"f293",0.495,0.57,0.42,0.515625,0.575757575757576,0.451612903225806,0.96,0.99,0.93,0.04,0.409041460033079,"in_range","in_range",FALSE,"LIS LA QUESTION ET MONTRE-MOI LA BONNE REPONSE. QUE FAIT ALI ? Ali saute sur le",1,0.0333290359119113,"in_range",0.15,NA
"French",3,"f294_nv",0.245,0.29,0.2,0.256544502617801,0.295918367346939,0.21505376344086,0.955,0.98,0.93,0.045,0.308909606683045,"in_range","in_range",FALSE,"LIS LA QUESTION ET MONTRE-MOI LA BONNE REPONSE. QUE FAIT SALMA? Elle joue.",1,1.64420267287243,"in_range",0.09,NA
"French",3,"f295",0.38,0.56,0.2,0.575757575757576,0.636363636363636,0.454545454545455,0.66,0.88,0.44,0.34,0.552824685082284,"in_range","in_range",FALSE,"ECRIS LE MOT CORRESPONDANT A L'IMAGE:cheval",1,0.730602875221445,"in_range",0.36,NA
"French",3,"f296",0.385,0.44,0.33,0.509933774834437,0.488888888888889,0.540983606557377,0.755,0.9,0.61,0.245,0.48631999449688,"in_range","in_range",FALSE,"ECRIS LE MOT CORRESPONDANT A L'IMAGE:cahier/livre",1,0.699485999029831,"in_range",0.11,NA
"French",3,"f297_nv",0.465,0.54,0.39,0.467336683417085,0.54,0.393939393939394,0.995,1,0.99,0.005,0.484626948134879,"in_range","in_range",FALSE,"ECRIS UNE PHRASE A PARTIR DES MOTS SUIVANTS: une fleur, Omar, dessine",1,0.21298955415335,"in_range",0.15,NA
"French",3,"f298",0.53,0.62,0.44,0.538071065989848,0.62,0.45360824742268,0.985,1,0.97,0.015,0.572771480228472,"in_range","in_range",FALSE,"ECRIS UNE PHRASE A PARTIR DES MOTS SUIVANTS: rouge, est, mon cartable",1,-0.176525763183916,"in_range",0.18,NA
"French",3,"f299",0.28,0.37,0.19,0.282828282828283,0.37,0.193877551020408,0.99,1,0.98,0.01,0.497191321127568,"in_range","in_range",FALSE,"ECRIS UNE PHRASE A PARTIR DES MOTS SUIVANTS: sous, est, la table, le chien",1,1.38873372425311,"in_range",0.18,NA
"French",4,"f21",0.38,0.59,0.17,0.826086956521739,0.86764705882353,0.708333333333333,0.46,0.68,0.24,0.54,0.560353110320562,"in_range","in_range",FALSE,"TU AS QUEL AGE ? QUEL AGE AS-TU ?",1.88291752675131,0.405077265821698,"in_range",0.42,NA
"French",4,"f2100",0.065,0.09,0.04,0.342105263157895,0.375,0.285714285714286,0.19,0.24,0.14,0.81,0.393927241842631,"very_hard","very_hard",FALSE,"A QUELLE HEURE TU VIENS A L'ECOLE LE MATIN ?",1.97643483489623,2.04550935451747,"very_hard",0.05,"hard_low_coverage"
"French",4,"f2101",0.07,0.06,0.08,0.358974358974359,0.272727272727273,0.470588235294118,0.195,0.22,0.17,0.805,0.237426335059199,"very_hard","very_hard",FALSE,"COMMENT TU VIENS A L'ECOLE ?",0.87079900931216,3.33166148453151,"very_hard",-0.02,"hard_low_coverage"
"French",4,"f2102",0.115,0.12,0.11,0.621621621621622,0.571428571428571,0.6875,0.185,0.21,0.16,0.815,0.442932422680247,"in_range","in_range",FALSE,"QU'EST-CE QUE TU FAIS PENDANT LES VACANCES?",1.68075634447906,1.72941082841227,"in_range",0.01,"hard_low_coverage"
"French",4,"f2104",0.175,0.26,0.09,0.729166666666667,0.764705882352941,0.642857142857143,0.24,0.34,0.14,0.76,0.465265250996876,"in_range","in_range",FALSE,"QUELLE EST TA MATIERE PREFEREE A L'ECOLE ?",1.49985954737343,1.41662340431319,"in_range",0.17,NA
"French",4,"f2105",0.18,0.24,0.12,0.765957446808511,0.774193548387097,0.75,0.235,0.31,0.16,0.765,0.414548940456959,"in_range","in_range",FALSE,"QUEL EST TON PLAT PREFERE?",1.21443179648002,1.57355284498757,"in_range",0.12,NA
"French",4,"f2107",0.05,0.06,0.04,0.238095238095238,0.24,0.235294117647059,0.21,0.25,0.17,0.79,0.301509092970561,"very_hard","very_hard",FALSE,"Lina se réveille le matin.",1.55249424744801,2.52570778101682,"very_hard",0.02,"hard_low_coverage"
"French",4,"f2108",0.17,0.26,0.08,0.395348837209302,0.481481481481482,0.25,0.43,0.54,0.32,0.57,0.557757842740103,"in_range","in_range",FALSE,"Lina va à la plage avec sa famille.",2.26596892929267,1.19671291811947,"in_range",0.18,NA
"French",4,"f2109",0.17,0.29,0.05,0.618181818181818,0.659090909090909,0.454545454545455,0.275,0.44,0.11,0.725,0.526474445557633,"in_range","in_range",FALSE,"Lina nage dans la mer.",2.00707903676593,1.25554090814974,"in_range",0.24,NA
"French",4,"f2110",0.18,0.26,0.1,0.642857142857143,0.634146341463415,0.666666666666667,0.28,0.41,0.15,0.72,0.560174939626325,"in_range","in_range",FALSE,"Lina joue sur le sable.",2.48610322220425,1.11048094273122,"in_range",0.16,NA
"French",4,"f2111",0.425,0.57,0.28,0.794392523364486,0.826086956521739,0.736842105263158,0.535,0.69,0.38,0.465,0.628912298113566,"in_range","in_range",FALSE,"Lina mange une glace.",2.42320831903131,0.224936450594094,"in_range",0.29,NA
"French",4,"f2112",0.105,0.17,0.04,0.428571428571429,0.515151515151515,0.25,0.245,0.33,0.16,0.755,0.489133616140912,"in_range","in_range",FALSE,"Lina dort dans son lit",2.31222603348446,1.57336796433872,"in_range",0.13,NA
"French",4,"f2113",0.475,0.51,0.44,0.48469387755102,0.520408163265306,0.448979591836735,0.98,0.98,0.98,0.02,0.335337569146772,"in_range","in_range",FALSE,"TU VAS ECOUTER UNE HISTOIRE AUDIO. REGARDE BIEN LES IMAGES. TU DOIS METTRE LES N",0.768087528091191,0.144096154473321,"in_range",0.07,NA
"French",4,"f2114",0.575,0.67,0.48,0.592783505154639,0.697916666666667,0.489795918367347,0.97,0.96,0.98,0.03,0.460054302095071,"in_range","in_range",FALSE,"TU VAS ECOUTER UNE AUTRE HISTOIRE AUDIO. REGARDE BIEN LES IMAGES. TU DOIS METTRE",1.32662434009526,-0.309626255806847,"in_range",0.19,NA
"French",4,"f2118",0.915,0.95,0.88,0.933673469387755,0.969387755102041,0.897959183673469,0.98,0.98,0.98,0.02,0.350770547603216,"very_easy","very_easy",FALSE,"RELIE CHAQUE MOT A L'IMAGE CORRESPONDANTE: tomate",3.34462076911809,-1.54133163208893,"in_range",0.07,"easy_high_coverage"
"French",4,"f2119",0.87,0.94,0.8,0.887755102040816,0.959183673469388,0.816326530612245,0.98,0.98,0.98,0.02,0.420257643142448,"very_easy","in_range",FALSE,"RELIE CHAQUE MOT A L'IMAGE CORRESPONDANTE: école",3.57977966252653,-1.25149741225681,"in_range",0.14,"easy_high_coverage"
"French",4,"f2126",0.1,0.15,0.05,0.103092783505155,0.153061224489796,0.0520833333333333,0.97,0.98,0.96,0.03,0.391158270375512,"in_range","very_hard",FALSE,"RELIS LE TEXTE ET MET EN ORDRE LES IMAGES",1.53234547058577,1.94615822884116,"in_range",0.1,"hard_high_coverage"
"French",4,"f2127",0.35,0.45,0.25,0.366492146596859,0.46875,0.263157894736842,0.955,0.96,0.95,0.045,0.188014927941398,"in_range","in_range",FALSE,"Quand se promène Dina avec sa famille? L'après-midi",0.497758823765098,1.31299874873114,"in_range",0.2,NA
"French",4,"f2128",0.15,0.19,0.11,0.263157894736842,0.256756756756757,0.275,0.57,0.74,0.4,0.43,0.46881364410881,"in_range","in_range",FALSE,"C'EST AMINE SUR LES IMAGES. ECRIS UNE PHRASE POUR DECRIRE L'IMAGE, COMME DANS L'",1.75982017605013,1.45099765206001,"in_range",0.08,NA
"French",4,"f2129",0.15,0.2,0.1,0.319148936170213,0.344827586206897,0.277777777777778,0.47,0.58,0.36,0.53,0.44097888563119,"in_range","in_range",FALSE,"C'EST AMINE SUR LES IMAGES. ECRIS UNE PHRASE POUR DECRIRE L'IMAGE, COMME DANS L'",1.61525788160086,1.51496301186056,"in_range",0.1,NA
"French",4,"f2130",0.225,0.28,0.17,0.333333333333333,0.345679012345679,0.314814814814815,0.675,0.81,0.54,0.325,0.560849083069011,"in_range","in_range",FALSE,"C'EST AMINE SUR LES IMAGES. ECRIS UNE PHRASE POUR DECRIRE L'IMAGE, COMME DANS L'",2.28238028973112,0.940722149063568,"in_range",0.11,NA
"French",4,"f2131",0.15,0.24,0.06,0.277777777777778,0.32,0.181818181818182,0.54,0.75,0.33,0.46,0.515401784800246,"in_range","in_range",FALSE,"C'EST AMINE SUR LES IMAGES. ECRIS UNE PHRASE POUR DECRIRE L'IMAGE, COMME DANS L'",2.17934865669945,1.32196686494828,"in_range",0.18,NA
"French",4,"f23",0.27,0.23,0.31,0.72,0.71875,0.72093023255814,0.375,0.32,0.43,0.625,0.380547129214958,"in_range","in_range",FALSE,"C'EST QUEL JOUR AUJOURD'HUI ?",1.05669516524759,1.14320445899022,"in_range",-0.08,NA
"French",4,"f232_nv",0.645,0.73,0.56,0.724719101123595,0.793478260869565,0.651162790697674,0.89,0.92,0.86,0.11,0.502537166755477,"in_range","in_range",FALSE,"LIS LES MOTS SUIVANTS A VOIX HAUTE:limonade",1.96825832648436,-0.498720438695771,"in_range",0.17,NA
"French",4,"f233_nv",0.575,0.6,0.55,0.631868131868132,0.638297872340426,0.625,0.91,0.94,0.88,0.09,0.427586054120268,"in_range","in_range",FALSE,"LIS LES MOTS SUIVANTS A VOIX HAUTE:dune",1.30631434993173,-0.312330719541128,"in_range",0.0499999999999999,NA
"French",4,"f235_nv",0.49,0.59,0.39,0.544444444444445,0.627659574468085,0.453488372093023,0.9,0.94,0.86,0.1,0.399258838075202,"in_range","in_range",FALSE,"LIS LES MOTS SUIVANTS A VOIX HAUTE:pire",1.15682972525354,0.0387688029481086,"in_range",0.2,NA
"French",4,"f247",0.71,0.84,0.58,0.728205128205128,0.857142857142857,0.597938144329897,0.975,0.98,0.97,0.025,0.46534711558174,"in_range","in_range",FALSE,"RELIE CHAQUE MOT A L'IMAGE CORRESPONDANTE: poule",1.74052536065719,-0.77916549673851,"in_range",0.26,NA
"French",4,"f293",0.49,0.62,0.36,0.502564102564103,0.63265306122449,0.371134020618557,0.975,0.98,0.97,0.025,0.33410656617808,"in_range","in_range",FALSE,"LIS LA QUESTION ET MONTRE-MOI LA BONNE REPONSE. QUE FAIT ALI ? Ali saute sur le",0.748269820638378,0.0570205127983893,"in_range",0.26,NA
"French",4,"f294_nv",0.41,0.54,0.28,0.422680412371134,0.556701030927835,0.288659793814433,0.97,0.97,0.97,0.03,0.479922917357784,"in_range","in_range",FALSE,"LIS LA QUESTION ET MONTRE-MOI LA BONNE REPONSE. QUE FAIT SALMA? Elle joue.",1.28475704538913,0.36771538668838,"in_range",0.26,NA
"French",4,"f297_nv",0.62,0.77,0.47,0.635897435897436,0.77,0.494736842105263,0.975,1,0.95,0.025,0.527166780591173,"in_range","in_range",FALSE,"ECRIS UNE PHRASE A PARTIR DES MOTS SUIVANTS: une fleur, Omar, dessine",1.96438524957084,-0.411233794246798,"in_range",0.3,NA
"French",4,"f298",0.74,0.77,0.71,0.751269035532995,0.77,0.731958762886598,0.985,1,0.97,0.015,0.325342737215927,"in_range","in_range",FALSE,"ECRIS UNE PHRASE A PARTIR DES MOTS SUIVANTS: rouge, est, mon cartable",0.965893015746575,-1.28535739838715,"in_range",0.06,NA
"French",4,"f299",0.48,0.57,0.39,0.487309644670051,0.57,0.402061855670103,0.985,1,0.97,0.015,0.453516263092139,"in_range","in_range",FALSE,"ECRIS UNE PHRASE A PARTIR DES MOTS SUIVANTS: sous, est, la table, le chien",1.31546964643079,0.0754055699732377,"in_range",0.18,NA
"French",5,"f21",0.348717948717949,0.410526315789474,0.29,0.781609195402299,0.764705882352941,0.805555555555556,0.446153846153846,0.536842105263158,0.36,0.553846153846154,0.585095843152084,"in_range","in_range",FALSE,"TU AS QUEL AGE ? QUEL AGE AS-TU ?",1,0.904539784045927,"in_range",0.120526315789474,NA
"French",5,"f2100",0.112820512820513,0.168421052631579,0.06,0.4,0.484848484848485,0.272727272727273,0.282051282051282,0.347368421052632,0.22,0.717948717948718,0.555683400555141,"in_range","in_range",FALSE,"A QUELLE HEURE TU VIENS A L'ECOLE LE MATIN ?",1,3.08812681928462,"very_hard",0.108421052631579,NA
"French",5,"f2101",0.0974358974358974,0.115789473684211,0.08,0.431818181818182,0.407407407407407,0.470588235294118,0.225641025641026,0.28421052631579,0.17,0.774358974358974,0.374305217554315,"in_range","very_hard",FALSE,"COMMENT TU VIENS A L'ECOLE ?",1,3.32408867520257,"very_hard",0.0357894736842105,"hard_low_coverage"
"French",5,"f2102",0.2,0.242105263157895,0.16,0.722222222222222,0.676470588235294,0.8,0.276923076923077,0.357894736842105,0.2,0.723076923076923,0.581809575245572,"in_range","in_range",FALSE,"QU'EST-CE QUE TU FAIS PENDANT LES VACANCES?",1,2.08020239120996,"very_hard",0.0821052631578947,NA
"French",5,"f2104",0.348717948717949,0.568421052631579,0.14,0.906666666666667,0.9,0.933333333333333,0.384615384615385,0.631578947368421,0.15,0.615384615384615,0.647759639010292,"in_range","in_range",FALSE,"QUELLE EST TA MATIERE PREFEREE A L'ECOLE ?",1,0.904539784045926,"in_range",0.428421052631579,NA
"French",5,"f2105",0.261538461538462,0.378947368421053,0.15,0.836065573770492,0.837209302325581,0.833333333333333,0.312820512820513,0.452631578947368,0.18,0.687179487179487,0.553317152366952,"in_range","in_range",FALSE,"QUEL EST TON PLAT PREFERE?",1,1.54510710577257,"in_range",0.228947368421053,NA
"French",5,"f2107",0.082051282051282,0.136842105263158,0.03,0.470588235294118,0.590909090909091,0.25,0.174358974358974,0.231578947368421,0.12,0.825641025641026,0.509674959554611,"in_range","very_hard",FALSE,"Lina se réveille le matin.",1,3.59140975179574,"very_hard",0.106842105263158,"hard_low_coverage"
"French",5,"f2108",0.205128205128205,0.242105263157895,0.17,0.555555555555556,0.511111111111111,0.62962962962963,0.369230769230769,0.473684210526316,0.27,0.630769230769231,0.616490260351162,"in_range","in_range",FALSE,"Lina va à la plage avec sa famille.",1,2.03175276689602,"very_hard",0.0721052631578947,NA
"French",5,"f2109",0.143589743589744,0.221052631578947,0.07,0.622222222222222,0.65625,0.538461538461538,0.230769230769231,0.336842105263158,0.13,0.769230769230769,0.613920910457167,"in_range","in_range",FALSE,"Lina nage dans la mer.",1,2.68201393249094,"very_hard",0.151052631578947,NA
"French",5,"f2110",0.235897435897436,0.326315789473684,0.15,0.779661016949153,0.837837837837838,0.681818181818182,0.302564102564103,0.389473684210526,0.22,0.697435897435897,0.616756224770625,"in_range","in_range",FALSE,"Lina joue sur le sable.",1,1.75690190657594,"in_range",0.176315789473684,NA
"French",5,"f2111",0.42051282051282,0.494736842105263,0.35,0.836734693877551,0.87037037037037,0.795454545454545,0.502564102564103,0.568421052631579,0.44,0.497435897435897,0.688910113701508,"in_range","in_range",FALSE,"Lina mange une glace.",1,0.434074651588803,"in_range",0.144736842105263,NA
"French",5,"f2112",0.138461538461538,0.178947368421053,0.1,0.6,0.62962962962963,0.555555555555556,0.230769230769231,0.28421052631579,0.18,0.769230769230769,0.486980962581816,"in_range","in_range",FALSE,"Lina dort dans son lit",1,2.74481022683118,"very_hard",0.0789473684210526,NA
"French",5,"f2113",0.533333333333333,0.610526315789474,0.46,0.533333333333333,0.610526315789474,0.46,1,1,1,0,0.456096704345349,"in_range","in_range",FALSE,"TU VAS ECOUTER UNE HISTOIRE AUDIO. REGARDE BIEN LES IMAGES. TU DOIS METTRE LES N",1,-0.261173468350328,"in_range",0.150526315789474,NA
"French",5,"f2114",0.651282051282051,0.736842105263158,0.57,0.654639175257732,0.736842105263158,0.575757575757576,0.994871794871795,1,0.99,0.00512820512820511,0.443212096021716,"in_range","in_range",FALSE,"TU VAS ECOUTER UNE AUTRE HISTOIRE AUDIO. REGARDE BIEN LES IMAGES. TU DOIS METTRE",1,-0.996944502594775,"in_range",0.166842105263158,NA
"French",5,"f2118",0.917948717948718,0.957894736842105,0.88,0.927461139896373,0.978494623655914,0.88,0.98974358974359,0.978947368421053,1,0.0102564102564102,0.37442213720451,"very_easy","very_easy",FALSE,"RELIE CHAQUE MOT A L'IMAGE CORRESPONDANTE: tomate",1,-3.49075060604074,"very_easy",0.0778947368421052,"easy_high_coverage"
"French",5,"f2119",0.882051282051282,0.957894736842105,0.81,0.88659793814433,0.968085106382979,0.81,0.994871794871795,0.989473684210526,1,0.00512820512820511,0.391291261948676,"very_easy","in_range",FALSE,"RELIE CHAQUE MOT A L'IMAGE CORRESPONDANTE: école",1,-2.95825250290154,"very_easy",0.147894736842105,"easy_high_coverage"
"French",5,"f2126",0.133333333333333,0.231578947368421,0.04,0.13903743315508,0.239130434782609,0.0421052631578947,0.958974358974359,0.968421052631579,0.95,0.041025641025641,0.4949763665666,"in_range","in_range",FALSE,"RELIS LE TEXTE ET MET EN ORDRE LES IMAGES",1,2.80936888173996,"very_hard",0.191578947368421,NA
"French",5,"f2127",0.261538461538462,0.326315789473684,0.2,0.275675675675676,0.344444444444444,0.210526315789474,0.948717948717949,0.947368421052632,0.95,0.0512820512820513,0.257141746519105,"in_range","in_range",FALSE,"Quand se promène Dina avec sa famille? L'après-midi",1,1.54510710577257,"in_range",0.126315789473684,NA
"French",5,"f2128",0.128205128205128,0.168421052631579,0.09,0.245098039215686,0.262295081967213,0.219512195121951,0.523076923076923,0.642105263157895,0.41,0.476923076923077,0.477668541772833,"in_range","in_range",FALSE,"C'EST AMINE SUR LES IMAGES. ECRIS UNE PHRASE POUR DECRIRE L'IMAGE, COMME DANS L'",1,2.87582246622738,"very_hard",0.078421052631579,NA
"French",5,"f2129",0.205128205128205,0.242105263157895,0.17,0.470588235294118,0.46,0.485714285714286,0.435897435897436,0.526315789473684,0.35,0.564102564102564,0.63293244371149,"in_range","in_range",FALSE,"C'EST AMINE SUR LES IMAGES. ECRIS UNE PHRASE POUR DECRIRE L'IMAGE, COMME DANS L'",1,2.03175276689602,"very_hard",0.0721052631578947,NA
"French",5,"f2130",0.276923076923077,0.336842105263158,0.22,0.412213740458015,0.426666666666667,0.392857142857143,0.671794871794872,0.789473684210526,0.56,0.328205128205128,0.554167878484994,"in_range","in_range",FALSE,"C'EST AMINE SUR LES IMAGES. ECRIS UNE PHRASE POUR DECRIRE L'IMAGE, COMME DANS L'",1,1.42413087207033,"in_range",0.116842105263158,NA
"French",5,"f2131",0.128205128205128,0.189473684210526,0.07,0.316455696202532,0.382978723404255,0.21875,0.405128205128205,0.494736842105263,0.32,0.594871794871795,0.522924226278804,"in_range","in_range",FALSE,"C'EST AMINE SUR LES IMAGES. ECRIS UNE PHRASE POUR DECRIRE L'IMAGE, COMME DANS L'",1,2.87582246622738,"very_hard",0.119473684210526,NA
"French",5,"f23",0.405128205128205,0.463157894736842,0.35,0.759615384615385,0.862745098039216,0.660377358490566,0.533333333333333,0.536842105263158,0.53,0.466666666666667,0.585098941787814,"in_range","in_range",FALSE,"C'EST QUEL JOUR AUJOURD'HUI ?",1,0.532072403402603,"in_range",0.113157894736842,NA
"French",5,"f232_nv",0.692307692307692,0.768421052631579,0.62,0.74585635359116,0.802197802197802,0.688888888888889,0.928205128205128,0.957894736842105,0.9,0.0717948717948718,0.519164079967659,"in_range","in_range",FALSE,"LIS LES MOTS SUIVANTS A VOIX HAUTE:limonade",1,-1.27080043029631,"in_range",0.148421052631579,NA
"French",5,"f233_nv",0.584615384615385,0.652631578947368,0.52,0.633333333333333,0.688888888888889,0.577777777777778,0.923076923076923,0.947368421052632,0.9,0.0769230769230769,0.441634421998714,"in_range","in_range",FALSE,"LIS LES MOTS SUIVANTS A VOIX HAUTE:dune",1,-0.575388747027851,"in_range",0.132631578947368,NA
"French",5,"f235_nv",0.507692307692308,0.610526315789474,0.41,0.543956043956044,0.630434782608696,0.455555555555556,0.933333333333333,0.968421052631579,0.9,0.0666666666666667,0.434107878840793,"in_range","in_range",FALSE,"LIS LES MOTS SUIVANTS A VOIX HAUTE:pire",1,-0.104964748202762,"in_range",0.200526315789474,NA
"French",5,"f247",0.743589743589744,0.88421052631579,0.61,0.747422680412371,0.893617021276596,0.61,0.994871794871795,0.989473684210526,1,0.00512820512820511,0.452635184411967,"in_range","in_range",FALSE,"RELIE CHAQUE MOT A L'IMAGE CORRESPONDANTE: poule",1,-1.63900338741131,"in_range",0.274210526315789,NA
"French",5,"f293",0.471794871794872,0.515789473684211,0.43,0.486772486772487,0.521276595744681,0.452631578947368,0.969230769230769,0.989473684210526,0.95,0.0307692307692308,0.431418676786836,"in_range","in_range",FALSE,"LIS LA QUESTION ET MONTRE-MOI LA BONNE REPONSE. QUE FAIT ALI ? Ali saute sur le",1,0.114635949126926,"in_range",0.0857894736842106,NA
"French",5,"f294_nv",0.456410256410256,0.547368421052632,0.37,0.473404255319149,0.553191489361702,0.393617021276596,0.964102564102564,0.989473684210526,0.94,0.0358974358974359,0.42991306956567,"in_range","in_range",FALSE,"LIS LA QUESTION ET MONTRE-MOI LA BONNE REPONSE. QUE FAIT SALMA? Elle joue.",1,0.209537494545113,"in_range",0.177368421052632,NA
"French",5,"f297_nv",0.630769230769231,0.705263157894737,0.56,0.634020618556701,0.712765957446808,0.56,0.994871794871795,0.989473684210526,1,0.00512820512820511,0.595654201116076,"in_range","in_range",FALSE,"ECRIS UNE PHRASE A PARTIR DES MOTS SUIVANTS: une fleur, Omar, dessine",1,-0.864801491559563,"in_range",0.145263157894737,NA
"French",5,"f298",0.743589743589744,0.8,0.69,0.759162303664921,0.808510638297872,0.711340206185567,0.97948717948718,0.989473684210526,0.97,0.0205128205128206,0.482657157570511,"in_range","in_range",FALSE,"ECRIS UNE PHRASE A PARTIR DES MOTS SUIVANTS: rouge, est, mon cartable",1,-1.63900338741131,"in_range",0.11,NA
"French",5,"f299",0.42051282051282,0.610526315789474,0.24,0.427083333333333,0.617021276595745,0.244897959183673,0.984615384615385,0.989473684210526,0.98,0.0153846153846153,0.623326913220845,"in_range","in_range",FALSE,"ECRIS UNE PHRASE A PARTIR DES MOTS SUIVANTS: sous, est, la table, le chien",1,0.434074651588803,"in_range",0.370526315789474,NA
"French",6,"f21",0.533333333333333,0.694736842105263,0.38,0.845528455284553,0.904109589041096,0.76,0.630769230769231,0.768421052631579,0.5,0.369230769230769,0.642792448022513,"in_range","in_range",FALSE,"TU AS QUEL AGE ? QUEL AGE AS-TU ?",2.36863032929317,-0.118977739883363,"in_range",0.314736842105263,NA
"French",6,"f2100",0.235897435897436,0.242105263157895,0.23,0.621621621621622,0.638888888888889,0.605263157894737,0.37948717948718,0.378947368421053,0.38,0.62051282051282,0.523479955413823,"in_range","in_range",FALSE,"A QUELLE HEURE TU VIENS A L'ECOLE LE MATIN ?",1.82020326554777,1.00546345692145,"in_range",0.0121052631578947,NA
"French",6,"f2101",0.215384615384615,0.273684210526316,0.16,0.583333333333333,0.68421052631579,0.470588235294118,0.369230769230769,0.4,0.34,0.630769230769231,0.464124404047139,"in_range","in_range",FALSE,"COMMENT TU VIENS A L'ECOLE ?",1.52884101847696,1.19492376329722,"in_range",0.113684210526316,NA
"French",6,"f2102",0.338461538461538,0.410526315789474,0.27,0.758620689655172,0.795918367346939,0.710526315789474,0.446153846153846,0.515789473684211,0.38,0.553846153846154,0.582772298820996,"in_range","in_range",FALSE,"QU'EST-CE QUE TU FAIS PENDANT LES VACANCES?",1.93813695450322,0.562613832757012,"in_range",0.140526315789474,NA
"French",6,"f2104",0.471794871794872,0.652631578947368,0.3,0.929292929292929,0.96875,0.857142857142857,0.507692307692308,0.673684210526316,0.35,0.492307692307692,0.577531289072004,"in_range","in_range",FALSE,"QUELLE EST TA MATIERE PREFEREE A L'ECOLE ?",1.78050895955832,0.091486406106122,"in_range",0.352631578947368,NA
"French",6,"f2105",0.446153846153846,0.642105263157895,0.26,0.935483870967742,0.983870967741935,0.838709677419355,0.476923076923077,0.652631578947368,0.31,0.523076923076923,0.664852876830339,"in_range","in_range",FALSE,"QUEL EST TON PLAT PREFERE?",2.4561163768919,0.15873887661186,"in_range",0.382105263157895,NA
"French",6,"f2107",0.117948717948718,0.147368421052632,0.09,0.389830508474576,0.4,0.375,0.302564102564103,0.368421052631579,0.24,0.697435897435897,0.502170765140699,"in_range","in_range",FALSE,"Lina se réveille le matin.",3.03798229556232,1.4082373799091,"in_range",0.0573684210526316,"hard_low_coverage"
"French",6,"f2108",0.307692307692308,0.357894736842105,0.26,0.625,0.641509433962264,0.604651162790698,0.492307692307692,0.557894736842105,0.43,0.507692307692308,0.701671446373718,"in_range","in_range",FALSE,"Lina va à la plage avec sa famille.",3.40536911706879,0.580850332235756,"in_range",0.0978947368421053,NA
"French",6,"f2109",0.18974358974359,0.326315789473684,0.06,0.596774193548387,0.738095238095238,0.3,0.317948717948718,0.442105263157895,0.2,0.682051282051282,0.516022636282122,"in_range","in_range",FALSE,"Lina nage dans la mer.",1.87043182259158,1.21633933692328,"in_range",0.266315789473684,NA
"French",6,"f2110",0.241025641025641,0.294736842105263,0.19,0.573170731707317,0.636363636363636,0.5,0.42051282051282,0.463157894736842,0.38,0.579487179487179,0.581470483784037,"in_range","in_range",FALSE,"Lina joue sur le sable.",2.33641628483238,0.897092666357948,"in_range",0.104736842105263,NA
"French",6,"f2111",0.553846153846154,0.6,0.51,0.805970149253731,0.814285714285714,0.796875,0.687179487179487,0.736842105263158,0.64,0.312820512820513,0.604098036770496,"in_range","in_range",FALSE,"Lina mange une glace.",2.14113214587867,-0.188844120409914,"in_range",0.09,NA
"French",6,"f2112",0.215384615384615,0.305263157894737,0.13,0.575342465753425,0.659090909090909,0.448275862068966,0.374358974358974,0.463157894736842,0.29,0.625641025641026,0.557951953221615,"in_range","in_range",FALSE,"Lina dort dans son lit",2.19072762613174,1.02743582269189,"in_range",0.175263157894737,NA
"French",6,"f2113",0.651282051282051,0.673684210526316,0.63,0.658031088082901,0.673684210526316,0.642857142857143,0.98974358974359,1,0.98,0.0102564102564102,0.322093567921339,"in_range","in_range",FALSE,"TU VAS ECOUTER UNE HISTOIRE AUDIO. REGARDE BIEN LES IMAGES. TU DOIS METTRE LES N",0.815554343847241,-0.879466850132614,"in_range",0.0436842105263158,NA
"French",6,"f2114",0.769230769230769,0.831578947368421,0.71,0.77319587628866,0.831578947368421,0.717171717171717,0.994871794871795,1,0.99,0.00512820512820511,0.344764943500382,"in_range","in_range",FALSE,"TU VAS ECOUTER UNE AUTRE HISTOIRE AUDIO. REGARDE BIEN LES IMAGES. TU DOIS METTRE",1.08865208285892,-1.3620139386786,"in_range",0.121578947368421,NA
"French",6,"f2118",0.958974358974359,0.978947368421053,0.94,0.958974358974359,0.978947368421053,0.94,1,1,1,0,0.245676048699096,"very_easy","very_easy",FALSE,"RELIE CHAQUE MOT A L'IMAGE CORRESPONDANTE: tomate",2.10998550964476,-2.26481631071468,"very_easy",0.0389473684210527,"easy_high_coverage"
"French",6,"f2119",0.948717948717949,0.989473684210526,0.91,0.948717948717949,0.989473684210526,0.91,1,1,1,0,0.239802871997491,"very_easy","very_easy",FALSE,"RELIE CHAQUE MOT A L'IMAGE CORRESPONDANTE: école",1.6628298448871,-2.38538578393592,"very_easy",0.0794736842105263,"easy_high_coverage"
"French",6,"f2126",0.235897435897436,0.305263157894737,0.17,0.237113402061856,0.308510638297872,0.17,0.994871794871795,0.989473684210526,1,0.00512820512820511,0.596024810036653,"in_range","in_range",FALSE,"RELIS LE TEXTE ET MET EN ORDRE LES IMAGES",2.21845226349875,0.933707953630864,"in_range",0.135263157894737,NA
"French",6,"f2127",0.446153846153846,0.452631578947368,0.44,0.453125,0.462365591397849,0.444444444444444,0.984615384615385,0.978947368421053,0.99,0.0153846153846153,0.150254985305776,"in_range","in_range",FALSE,"Quand se promène Dina avec sa famille? L'après-midi",0.319889763999017,0.692519235702985,"in_range",0.0126315789473684,NA
"French",6,"f2128",0.18974358974359,0.263157894736842,0.12,0.333333333333333,0.373134328358209,0.272727272727273,0.569230769230769,0.705263157894737,0.44,0.430769230769231,0.530849602821121,"in_range","in_range",FALSE,"C'EST AMINE SUR LES IMAGES. ECRIS UNE PHRASE POUR DECRIRE L'IMAGE, COMME DANS L'",1.96054836789603,1.19366630509166,"in_range",0.143157894736842,NA
"French",6,"f2129",0.184615384615385,0.221052631578947,0.15,0.349514563106796,0.344262295081967,0.357142857142857,0.528205128205128,0.642105263157895,0.42,0.471794871794872,0.577826814733693,"in_range","in_range",FALSE,"C'EST AMINE SUR LES IMAGES. ECRIS UNE PHRASE POUR DECRIRE L'IMAGE, COMME DANS L'",2.60264338791486,1.11270258490483,"in_range",0.0710526315789474,NA
"French",6,"f2130",0.338461538461538,0.410526315789474,0.27,0.452054794520548,0.448275862068966,0.457627118644068,0.748717948717949,0.91578947368421,0.59,0.251282051282051,0.60159445033623,"in_range","in_range",FALSE,"C'EST AMINE SUR LES IMAGES. ECRIS UNE PHRASE POUR DECRIRE L'IMAGE, COMME DANS L'",1.97114323497982,0.558865104738398,"in_range",0.140526315789474,NA
"French",6,"f2131",0.102564102564103,0.105263157894737,0.1,0.24390243902439,0.212765957446809,0.285714285714286,0.42051282051282,0.494736842105263,0.35,0.579487179487179,0.483114704181067,"in_range","in_range",FALSE,"C'EST AMINE SUR LES IMAGES. ECRIS UNE PHRASE POUR DECRIRE L'IMAGE, COMME DANS L'",3.02415173558741,1.50240789122721,"in_range",0.00526315789473683,"hard_low_coverage"
"French",6,"f23",0.656410256410256,0.726315789473684,0.59,0.920863309352518,0.945205479452055,0.893939393939394,0.712820512820513,0.768421052631579,0.66,0.287179487179487,0.580983280295644,"in_range","in_range",FALSE,"C'EST QUEL JOUR AUJOURD'HUI ?",2.2937502379614,-0.525675366669788,"in_range",0.136315789473684,NA
"French",6,"f232_nv",0.702564102564103,0.747368421052632,0.66,0.706185567010309,0.75531914893617,0.66,0.994871794871795,0.989473684210526,1,0.00512820512820511,0.472689889117533,"in_range","in_range",FALSE,"LIS LES MOTS SUIVANTS A VOIX HAUTE:limonade",1.5474371411046,-0.803063085562268,"in_range",0.0873684210526315,NA
"French",6,"f233_nv",0.661538461538462,0.757894736842105,0.57,0.66839378238342,0.765957446808511,0.575757575757576,0.98974358974359,0.989473684210526,0.99,0.0102564102564102,0.455553518586278,"in_range","in_range",FALSE,"LIS LES MOTS SUIVANTS A VOIX HAUTE:dune",1.35124434702846,-0.676238517337128,"in_range",0.187894736842105,NA
"French",6,"f235_nv",0.548717948717949,0.610526315789474,0.49,0.557291666666667,0.623655913978495,0.494949494949495,0.984615384615385,0.978947368421053,0.99,0.0153846153846153,0.476004052095593,"in_range","in_range",FALSE,"LIS LES MOTS SUIVANTS A VOIX HAUTE:pire",1.24408904515757,-0.211618572718741,"in_range",0.120526315789474,NA
"French",6,"f247",0.835897435897436,0.91578947368421,0.76,0.84020618556701,0.91578947368421,0.767676767676768,0.994871794871795,1,0.99,0.00512820512820511,0.393466436649324,"very_easy","in_range",FALSE,"RELIE CHAQUE MOT A L'IMAGE CORRESPONDANTE: poule",1.61403784996013,-1.43999076903767,"in_range",0.15578947368421,"easy_high_coverage"
"French",6,"f293",0.512820512820513,0.621052631578947,0.41,0.515463917525773,0.621052631578947,0.414141414141414,0.994871794871795,1,0.99,0.00512820512820511,0.411544311453369,"in_range","in_range",FALSE,"LIS LA QUESTION ET MONTRE-MOI LA BONNE REPONSE. QUE FAIT ALI ? Ali saute sur le",0.969973041986854,-0.0668257955113745,"in_range",0.211052631578947,NA
"French",6,"f294_nv",0.569230769230769,0.673684210526316,0.47,0.572164948453608,0.673684210526316,0.474747474747475,0.994871794871795,1,0.99,0.00512820512820511,0.623293673964706,"in_range","in_range",FALSE,"LIS LA QUESTION ET MONTRE-MOI LA BONNE REPONSE. QUE FAIT SALMA? Elle joue.",2.25633171492495,-0.236739156908259,"in_range",0.203684210526316,NA
"French",6,"f297_nv",0.784615384615385,0.88421052631579,0.69,0.792746113989637,0.893617021276596,0.696969696969697,0.98974358974359,0.989473684210526,0.99,0.0102564102564102,0.471469787880532,"in_range","in_range",FALSE,"ECRIS UNE PHRASE A PARTIR DES MOTS SUIVANTS: une fleur, Omar, dessine",1.89384858458613,-1.08113171447184,"in_range",0.19421052631579,NA
"French",6,"f298",0.856410256410256,0.88421052631579,0.83,0.865284974093264,0.893617021276596,0.838383838383838,0.98974358974359,0.989473684210526,0.99,0.0102564102564102,0.395530550478823,"in_range","in_range",FALSE,"ECRIS UNE PHRASE A PARTIR DES MOTS SUIVANTS: rouge, est, mon cartable",1.7438962137898,-1.50945949689895,"in_range",0.0542105263157895,NA
"French",6,"f299",0.574358974358974,0.726315789473684,0.43,0.583333333333333,0.734042553191489,0.438775510204082,0.984615384615385,0.989473684210526,0.98,0.0153846153846153,0.553074330720119,"in_range","in_range",FALSE,"ECRIS UNE PHRASE A PARTIR DES MOTS SUIVANTS: sous, est, la table, le chien",1.68061297052263,-0.278568601565888,"in_range",0.296315789473684,NA
"Maths",1,"m210",0.744444444444444,0.736842105263158,0.752941176470588,0.765714285714286,0.752688172043011,0.780487804878049,0.972222222222222,0.978947368421053,0.964705882352941,0.0277777777777778,0.407333695705711,"in_range","in_range",FALSE,"Write the numbers in digits: sixty-five",1.19425606172037,-1.12570246196373,"in_range",-0.0160990712074304,NA
"Maths",1,"m211_nv",0.722222222222222,0.747368421052632,0.694117647058824,0.747126436781609,0.771739130434783,0.719512195121951,0.966666666666667,0.968421052631579,0.964705882352941,0.0333333333333333,0.465908307602901,"in_range","in_range",FALSE,"Write the numbers in digits: ninety-four",1.37433172581392,-0.921042454927223,"in_range",0.0532507739938081,NA
"Maths",1,"m212_nv",0.716666666666667,0.789473684210526,0.635294117647059,0.754385964912281,0.833333333333333,0.666666666666667,0.95,0.947368421052632,0.952941176470588,0.05,0.52911331561865,"in_range","in_range",FALSE,"Arrange the following numbers from smallest to largest:56 ; 10 ; 97",1.73595367942583,-0.785320025413725,"in_range",0.154179566563468,NA
"Maths",1,"m213_nv",0.622222222222222,0.673684210526316,0.564705882352941,0.658823529411765,0.711111111111111,0.6,0.944444444444444,0.947368421052632,0.941176470588235,0.0555555555555556,0.571044777181652,"in_range","in_range",FALSE,"Arrange the following numbers from largest to smallest:62; 8; 34",1.92596231437793,-0.399010331330429,"in_range",0.108978328173375,NA
"Maths",1,"m214_nv3",0.522222222222222,0.536842105263158,0.505882352941176,0.56969696969697,0.586206896551724,0.551282051282051,0.916666666666667,0.91578947368421,0.917647058823529,0.0833333333333334,0.495649547063415,"in_range","in_range",FALSE,"23 + 5 =",1.70613066684665,-0.0671356816037333,"in_range",0.0309597523219814,NA
"Maths",1,"m215_nv3",0.183333333333333,0.221052631578947,0.141176470588235,0.239130434782609,0.287671232876712,0.184615384615385,0.766666666666667,0.768421052631579,0.764705882352941,0.233333333333333,0.327683677299573,"in_range","in_range",FALSE,"42 + 20 =",1.23485683122126,1.53611993668584,"in_range",0.0798761609907121,NA
"Maths",1,"m216_nv3",0.194444444444444,0.252631578947368,0.129411764705882,0.238095238095238,0.31578947368421,0.154929577464789,0.816666666666667,0.8,0.835294117647059,0.183333333333333,0.370398059316748,"in_range","in_range",FALSE,"47 − 3 =",1.48851829215093,1.31239426141879,"in_range",0.123219814241486,NA
"Maths",1,"m217_nv3",0.0666666666666667,0.0842105263157895,0.0470588235294118,0.0944881889763779,0.129032258064516,0.0615384615384615,0.705555555555556,0.652631578947368,0.764705882352941,0.294444444444444,0.259596012516948,"very_hard","very_hard",FALSE,"37 − 10 =",1.73512574696265,2.13297805282009,"very_hard",0.0371517027863777,"hard_low_coverage"
"Maths",1,"m218_nv",0.433333333333333,0.494736842105263,0.364705882352941,0.472727272727273,0.546511627906977,0.392405063291139,0.916666666666667,0.905263157894737,0.929411764705882,0.0833333333333334,0.352843269876759,"in_range","in_range",FALSE,"Choose the appropriate operation to solve the problem:There are 12 buses at the",0.96587090629537,0.338650239142427,"in_range",0.130030959752322,NA
"Maths",1,"m219_nv3",0.405555555555556,0.494736842105263,0.305882352941176,0.453416149068323,0.540229885057471,0.351351351351351,0.894444444444444,0.91578947368421,0.870588235294118,0.105555555555556,0.421269356084937,"in_range","in_range",FALSE,"Khalid has 18 apples. Each basket holds 6 apples. How many baskets did Khalid fi",1.22132151852477,0.411356618267888,"in_range",0.188854489164087,NA
"Maths",1,"m21_nv",0.927777777777778,0.968421052631579,0.88235294117647,0.932960893854749,0.968421052631579,0.892857142857143,0.994444444444444,1,0.988235294117647,0.00555555555555554,0.512799394388212,"very_easy","very_easy",FALSE,"Read numbers : 6, 0, 3, 9, 2, 8, 1, 4, 7, 5",3.4527421960672,-1.66277197676544,"in_range",0.0860681114551084,"easy_high_coverage"
"Maths",1,"m220_nv",0.183333333333333,0.221052631578947,0.141176470588235,0.218543046357616,0.272727272727273,0.162162162162162,0.838888888888889,0.810526315789474,0.870588235294118,0.161111111111111,0.282585936364466,"in_range","in_range",FALSE,"4 children shared equally 20 decorative beads.How many beads will each child get",0.947104897153994,1.84329883609456,"in_range",0.0798761609907121,NA
"Maths",1,"m221",0.788888888888889,0.88421052631579,0.682352941176471,0.835294117647059,0.893617021276596,0.763157894736842,0.944444444444444,0.989473684210526,0.894117647058824,0.0555555555555556,0.496692081137566,"in_range","in_range",FALSE,"Connect the digital clock and the analog clock with a line: (6:00)",1.66847473084866,-1.13583943872165,"in_range",0.201857585139319,NA
"Maths",1,"m222",0.85,0.863157894736842,0.835294117647059,0.884393063583815,0.881720430107527,0.8875,0.961111111111111,0.978947368421053,0.941176470588235,0.0388888888888889,0.347280971936472,"in_range","in_range",FALSE,"Connect the digital clock and the analog clock with a line: (12:00)",1.03199386237806,-2.00139338019049,"very_easy",0.0278637770897833,NA
"Maths",1,"m224",0.688888888888889,0.694736842105263,0.682352941176471,0.704545454545454,0.717391304347826,0.69047619047619,0.977777777777778,0.968421052631579,0.988235294117647,0.0222222222222223,0.360668057983531,"in_range","in_range",FALSE,"Draw with a ruler the required geometric shape: triangle",0.920624386055185,-1.00710094794817,"in_range",0.0123839009287926,NA
"Maths",1,"m225",0.794444444444444,0.842105263157895,0.741176470588235,0.8125,0.879120879120879,0.741176470588235,0.977777777777778,0.957894736842105,1,0.0222222222222223,0.346902846984885,"in_range","in_range",FALSE,"Draw with a ruler the required geometric shape: rectangle",1.01121668442294,-1.59199540829792,"in_range",0.100928792569659,NA
"Maths",1,"m22_nv3",0.805555555555556,0.842105263157895,0.764705882352941,0.823863636363636,0.851063829787234,0.792682926829268,0.977777777777778,0.989473684210526,0.964705882352941,0.0222222222222223,0.522420723971114,"in_range","in_range",FALSE,"2+3 =",2.02636886683792,-1.11349704043681,"in_range",0.0773993808049536,NA
"Maths",1,"m23_nv",0.838888888888889,0.873684210526316,0.8,0.867816091954023,0.902173913043478,0.829268292682927,0.966666666666667,0.968421052631579,0.964705882352941,0.0333333333333333,0.58249884944176,"in_range","in_range",FALSE,"9+1 =",3.00860922924002,-1.11594124694543,"in_range",0.0736842105263158,NA
"Maths",1,"m23y3_nv3",0.777777777777778,0.8,0.752941176470588,0.809248554913295,0.826086956521739,0.790123456790123,0.961111111111111,0.968421052631579,0.952941176470588,0.0388888888888889,0.557948385620869,"in_range","in_range",FALSE,"8+3 =",2.21731106241889,-0.945919680614789,"in_range",0.0470588235294118,NA
"Maths",1,"m24",0.461111111111111,0.663157894736842,0.235294117647059,0.479768786127168,0.684782608695652,0.246913580246913,0.961111111111111,0.968421052631579,0.952941176470588,0.0388888888888889,0.433362561562888,"in_range","in_range",FALSE,"7– 2 =",1.19236043264804,0.175766423983716,"in_range",0.427863777089783,NA
"Maths",1,"m24_nv3",0.477777777777778,0.652631578947368,0.282352941176471,0.505882352941176,0.681318681318681,0.30379746835443,0.944444444444444,0.957894736842105,0.929411764705882,0.0555555555555556,0.432271402155869,"in_range","in_range",FALSE,"8– 1 =",1.20430860030608,0.103665274017853,"in_range",0.370278637770898,NA
"Maths",1,"m25_nv3",0.394444444444444,0.431578947368421,0.352941176470588,0.496503496503496,0.5125,0.476190476190476,0.794444444444444,0.842105263157895,0.741176470588235,0.205555555555556,0.512977037319715,"in_range","in_range",FALSE,"Fill in the blank appropriately: Tens and Units",1.6936431200873,0.385276258121405,"in_range",0.0786377708978328,NA
"Maths",1,"m26",0.588888888888889,0.726315789473684,0.435294117647059,0.642424242424242,0.758241758241758,0.5,0.916666666666667,0.957894736842105,0.870588235294118,0.0833333333333334,0.458773810908382,"in_range","in_range",FALSE,"Connect each number with the appropriate representation: 23",1.27792794257343,-0.358515515190469,"in_range",0.291021671826625,NA
"Maths",1,"m27",0.538888888888889,0.71578947368421,0.341176470588235,0.638157894736842,0.790697674418605,0.439393939393939,0.844444444444444,0.905263157894737,0.776470588235294,0.155555555555556,0.477814248284697,"in_range","in_range",FALSE,"Connect each number with the appropriate representation: 64",1.38894735109355,-0.142035385529305,"in_range",0.374613003095975,NA
"Maths",1,"m28_nv",0.766666666666667,0.8,0.729411764705882,0.784090909090909,0.817204301075269,0.746987951807229,0.977777777777778,0.978947368421053,0.976470588235294,0.0222222222222223,0.549811102815857,"in_range","in_range",FALSE,"Read the numbers:83",2.12441709586941,-0.914884784814731,"in_range",0.0705882352941177,NA
"Maths",1,"m29_nv",0.811111111111111,0.842105263157895,0.776470588235294,0.820224719101124,0.851063829787234,0.785714285714286,0.988888888888889,0.989473684210526,0.988235294117647,0.0111111111111111,0.556171243182465,"in_range","in_range",FALSE,"Read the numbers:91",2.38884359259275,-1.06647463497325,"in_range",0.0656346749226006,NA
"Maths",2,"m210",0.695,0.79,0.6,0.74331550802139,0.822916666666667,0.659340659340659,0.935,0.96,0.91,0.065,0.400521737263488,"in_range","in_range",FALSE,"Write the numbers in digits: sixty-five",1.03846232922047,-0.951682282616199,"in_range",0.19,NA
"Maths",2,"m221",0.895,0.9,0.89,0.904040404040404,0.909090909090909,0.898989898989899,0.99,0.99,0.99,0.01,0.299008451356324,"very_easy","in_range",FALSE,"Connect the digital clock and the analog clock with a line: (6:00)",1.17805995903379,-2.24749091567716,"very_easy",0.01,"easy_high_coverage"
"Maths",2,"m222",0.925,0.95,0.9,0.943877551020408,0.95959595959596,0.927835051546392,0.98,0.99,0.97,0.02,0.264129344095594,"very_easy","very_easy",FALSE,"Connect the digital clock and the analog clock with a line: (12:00)",1.01041889837509,-2.90488394293847,"very_easy",0.0499999999999999,"easy_high_coverage"
"Maths",2,"m223",0.59,0.64,0.54,0.631016042780749,0.688172043010753,0.574468085106383,0.935,0.93,0.94,0.065,0.220588957386547,"in_range","in_range",FALSE,"Place a mark in front of the series that includes from left to right: Square, Di",0.486483170944043,-0.785155054427641,"in_range",0.1,NA
"Maths",2,"m226",0.72,0.79,0.65,0.746113989637306,0.814432989690722,0.677083333333333,0.965,0.97,0.96,0.035,0.373583701713123,"in_range","in_range",FALSE,"Draw the two missing shapes to complete the serie of shapes",1.03786807252392,-1.09327165996723,"in_range",0.14,NA
"Maths",2,"m230",0.545,0.59,0.5,0.664634146341463,0.670454545454545,0.657894736842105,0.82,0.88,0.76,0.18,0.591161966893014,"in_range","in_range",FALSE,"5 x 6 =",1.92794819934482,-0.112965861906572,"in_range",0.09,NA
"Maths",2,"m230_nv",0.28,0.32,0.24,0.380952380952381,0.390243902439024,0.369230769230769,0.735,0.82,0.65,0.265,0.458190495301626,"in_range","in_range",FALSE,"4 x 8 =",1.48690867903927,0.889796906438615,"in_range",0.08,NA
"Maths",2,"m231_nv3",0.395,0.44,0.35,0.537414965986394,0.530120481927711,0.546875,0.735,0.83,0.64,0.265,0.525830997854377,"in_range","in_range",FALSE,"3 x 9 =",1.66067608191757,0.402351467550685,"in_range",0.09,NA
"Maths",2,"m232_nv3",0.385,0.47,0.3,0.487341772151899,0.528089887640449,0.434782608695652,0.79,0.89,0.69,0.21,0.596861193779033,"in_range","in_range",FALSE,"Write the appropriate number under each illustration : (362)",2.81835588898793,0.374789812489554,"in_range",0.17,NA
"Maths",2,"m233_nv",0.415,0.48,0.35,0.51875,0.545454545454546,0.486111111111111,0.8,0.88,0.72,0.2,0.668843725174857,"in_range","in_range",FALSE,"Write the appropriate number under each illustration : (135)",3.79618279242652,0.28078207862238,"in_range",0.13,NA
"Maths",2,"m234_nv",0.46,0.55,0.37,0.522727272727273,0.611111111111111,0.430232558139535,0.88,0.9,0.86,0.12,0.597214571280489,"in_range","in_range",FALSE,"Write the numbers in digits: three hundred and seven",2.11328851205363,0.164958710106364,"in_range",0.18,NA
"Maths",2,"m235_nv",0.59,0.66,0.52,0.605128205128205,0.673469387755102,0.536082474226804,0.975,0.98,0.97,0.025,0.576965063632351,"in_range","in_range",FALSE,"47 + 36",2.12724066540545,-0.249607957843754,"in_range",0.14,NA
"Maths",2,"m236_nv",0.575,0.62,0.53,0.598958333333333,0.645833333333333,0.552083333333333,0.96,0.96,0.96,0.04,0.672899271228527,"in_range","in_range",FALSE,"68 + 27",2.86976520368025,-0.165040918550358,"in_range",0.09,NA
"Maths",2,"m237_nv",0.41,0.5,0.32,0.448087431693989,0.520833333333333,0.367816091954023,0.915,0.96,0.87,0.085,0.605873568976033,"in_range","in_range",FALSE,"683 + 57",2.3776127673067,0.313448194905918,"in_range",0.18,NA
"Maths",2,"m237_nv3",0.525,0.63,0.42,0.561497326203209,0.649484536082474,0.466666666666667,0.935,0.97,0.9,0.065,0.587228706180768,"in_range","in_range",FALSE,"354+ 127",2.07420222313196,-0.0411518209081352,"in_range",0.21,NA
"Maths",2,"m238_nv",0.42,0.43,0.41,0.442105263157895,0.434343434343434,0.45054945054945,0.95,0.99,0.91,0.05,0.508797688472408,"in_range","in_range",FALSE,"578 − 31",1.64049592201681,0.314222153382907,"in_range",0.02,NA
"Maths",2,"m239_nv2",0.385,0.22,0.55,0.413978494623656,0.236559139784946,0.591397849462366,0.93,0.93,0.93,0.07,0.395637895201134,"in_range","in_range",FALSE,"12 × 4",1.00044243914808,0.576361357707725,"in_range",-0.33,"treated_below_control"
"Maths",2,"m23y3_nv3",0.8,0.92,0.68,0.824742268041237,0.938775510204082,0.708333333333333,0.97,0.98,0.96,0.03,0.353571979227672,"very_easy","in_range",FALSE,"8+3 =",1.13462996524594,-1.50837384537903,"in_range",0.24,"easy_high_coverage"
"Maths",2,"m24",0.78,0.87,0.69,0.808290155440414,0.887755102040816,0.726315789473684,0.965,0.98,0.95,0.035,0.582663438281214,"in_range","in_range",FALSE,"7– 2 =",2.60063565170211,-0.90834742245007,"in_range",0.18,NA
"Maths",2,"m240_nv3",0.415,0.27,0.56,0.451086956521739,0.293478260869565,0.608695652173913,0.92,0.92,0.92,0.08,0.371045816766161,"in_range","in_range",FALSE,"43 x 2",0.941014719704071,0.444739780171323,"in_range",-0.29,"treated_below_control"
"Maths",2,"m242_nv3",0.275,0.38,0.17,0.327380952380952,0.4,0.232876712328767,0.84,0.95,0.73,0.16,0.464506997386689,"in_range","in_range",FALSE,"Laila has 15 cookies. She wants to put 3 cookies on each plate. How many plates",1.68044163255107,0.856995344422619,"in_range",0.21,NA
"Maths",2,"m243_nv3",0.28,0.36,0.2,0.311111111111111,0.371134020618557,0.240963855421687,0.9,0.97,0.83,0.1,0.449498963094483,"in_range","in_range",FALSE,"Amina distributed 12 pencils equally among 4 students. How many pencils will eac",1.57677043474214,0.863069478138647,"in_range",0.16,NA
"Maths",2,"m247_nv3",0.41,0.43,0.39,0.422680412371134,0.434343434343434,0.410526315789474,0.97,0.99,0.95,0.03,0.322803975549802,"in_range","in_range",FALSE,"What time is it? 6:30, 3:00, 3:30, 6:15",0.768948248705744,0.543444168359013,"in_range",0.04,NA
"Maths",2,"m249",0.275,0.37,0.18,0.284974093264249,0.373737373737374,0.191489361702128,0.965,0.99,0.94,0.035,0.504861362656264,"in_range","in_range",FALSE,"Observe the solid figure and calculate: b) Number of edge",1.82000133834306,0.825895442575842,"in_range",0.19,NA
"Maths",2,"m250",0.695,0.7,0.69,0.727748691099476,0.729166666666667,0.726315789473684,0.955,0.96,0.95,0.045,0.424159445933433,"in_range","in_range",FALSE,"Put a sign (×) under the appropriate explanation of the table data:",1.16882886017868,-0.875835631731948,"in_range",0.01,NA
"Maths",2,"m251",0.77,0.79,0.75,0.793814432989691,0.797979797979798,0.789473684210526,0.97,0.99,0.95,0.03,0.455082381887355,"in_range","in_range",FALSE,"The owner of a restaurant counted the meals served that day, and the results wer",1.37730659124373,-1.16277410907631,"in_range",0.04,NA
"Maths",2,"m252_nv",0.3,0.32,0.28,0.32258064516129,0.329896907216495,0.314606741573034,0.93,0.97,0.89,0.07,0.468534419477183,"in_range","in_range",FALSE,"74-46",1.57910903985949,0.778938833164547,"in_range",0.04,NA
"Maths",2,"m33y3_nv3",0.505,0.62,0.39,0.604790419161677,0.673913043478261,0.52,0.835,0.92,0.75,0.165,0.533380252625966,"in_range","in_range",FALSE,"13-9 =",1.70365255147796,0.0138907113445494,"in_range",0.23,NA
"Maths",3,"m222",0.939698492462312,0.93939393939394,0.94,0.939698492462312,0.93939393939394,0.94,1,1,1,0,0.177368076466467,"very_easy","very_easy",FALSE,"Connect the digital clock and the analog clock with a line: (12:00)",0.960720736743578,-3.25693262218244,"very_easy",-0.000606060606060499,"easy_high_coverage"
"Maths",3,"m230",0.71356783919598,0.717171717171717,0.71,0.767567567567567,0.763440860215054,0.771739130434783,0.92964824120603,0.93939393939394,0.92,0.0703517587939698,0.523059512744312,"in_range","in_range",FALSE,"5 x 6 =",1.92588940517082,-0.736483831853469,"in_range",0.00717171717171716,NA
"Maths",3,"m230_nv",0.482412060301508,0.494949494949495,0.47,0.578313253012048,0.576470588235294,0.580246913580247,0.834170854271357,0.858585858585859,0.81,0.165829145728643,0.504599566363997,"in_range","in_range",FALSE,"4 x 8 =",1.48253166983344,0.0587195314782087,"in_range",0.024949494949495,NA
"Maths",3,"m231_nv3",0.512562814070352,0.555555555555556,0.47,0.607142857142857,0.647058823529412,0.566265060240964,0.844221105527638,0.858585858585859,0.83,0.155778894472362,0.458455747360985,"in_range","in_range",FALSE,"3 x 9 =",1.28562952069865,-0.0558948904824279,"in_range",0.0855555555555556,NA
"Maths",3,"m232_nv2",0.391959798994975,0.404040404040404,0.38,0.453488372093023,0.43010752688172,0.481012658227848,0.864321608040201,0.93939393939394,0.79,0.135678391959799,0.558963308449485,"in_range","in_range",FALSE,"Write the appropriate number under each illustration : (360)",1.87370511942243,0.351285453118631,"in_range",0.024040404040404,NA
"Maths",3,"m233_nv",0.537688442211055,0.636363636363636,0.44,0.591160220994475,0.663157894736842,0.511627906976744,0.909547738693467,0.95959595959596,0.86,0.0904522613065326,0.507077095434385,"in_range","in_range",FALSE,"Write the appropriate number under each illustration : (135)",1.5174449386073,-0.144965575371557,"in_range",0.196363636363636,NA
"Maths",3,"m252",0.809045226130653,0.848484848484849,0.77,0.821428571428571,0.857142857142857,0.785714285714286,0.984924623115578,0.98989898989899,0.98,0.0150753768844221,0.405142492104099,"in_range","in_range",FALSE,"96-34 =",1.53002772170935,-1.29296537901902,"in_range",0.0784848484848485,NA
"Maths",3,"m253_nv2",0.447236180904523,0.494949494949495,0.4,0.463541666666667,0.5,0.425531914893617,0.964824120603015,0.98989898989899,0.94,0.035175879396985,0.527595083590068,"in_range","in_range",FALSE,"62 - 38 =",1.58677146137467,0.181977029756125,"in_range",0.094949494949495,NA
"Maths",3,"m254_nv",0.683417085427136,0.686868686868687,0.68,0.727272727272727,0.708333333333333,0.747252747252747,0.939698492462312,0.96969696969697,0.91,0.0603015075376885,0.43428460408169,"in_range","in_range",FALSE,"16-7 =",1.22508693087799,-0.801284130920951,"in_range",0.0068686868686868,NA
"Maths",3,"m259",0.276381909547739,0.292929292929293,0.26,0.302197802197802,0.315217391304348,0.288888888888889,0.914572864321608,0.929292929292929,0.9,0.085427135678392,0.614251099919415,"in_range","in_range",FALSE,"Write the appropriate number in digits next to each of the following statements:",2.85154390314712,0.658600035413014,"in_range",0.0329292929292929,NA
"Maths",3,"m260",0.35678391959799,0.404040404040404,0.31,0.467105263157895,0.48780487804878,0.442857142857143,0.763819095477387,0.828282828282828,0.7,0.236180904522613,0.53022424324868,"in_range","in_range",FALSE,"determine the value represented by the number written in bold in each number: 5",1.74995182892412,0.492299011709456,"in_range",0.094040404040404,NA
"Maths",3,"m261",0.346733668341709,0.404040404040404,0.29,0.448051948051948,0.48780487804878,0.402777777777778,0.773869346733668,0.828282828282828,0.72,0.226130653266332,0.545003176795321,"in_range","in_range",FALSE,"determine the value represented by the number written in bold in each number: 7",1.84840488889983,0.51479757428411,"in_range",0.114040404040404,NA
"Maths",3,"m262_nv3",0.557788944723618,0.575757575757576,0.54,0.569230769230769,0.59375,0.545454545454545,0.979899497487437,0.96969696969697,0.99,0.0201005025125628,0.443338369848494,"in_range","in_range",FALSE,"Arrange the following numbers in descending order: 2 135; 3 429; 23 415; 3 418",1.28716994632723,-0.239350604641077,"in_range",0.0357575757575758,NA
"Maths",3,"m265_nv",0.341708542713568,0.383838383838384,0.3,0.388571428571428,0.426966292134832,0.348837209302326,0.879396984924623,0.898989898989899,0.86,0.120603015075377,0.622479739622491,"in_range","in_range",FALSE,"53 × 8 =",2.47157600112044,0.467072128088339,"in_range",0.0838383838383838,NA
"Maths",3,"m266_nv3",0.417085427135678,0.414141414141414,0.42,0.427835051546392,0.431578947368421,0.424242424242424,0.974874371859296,0.95959595959596,0.99,0.0251256281407035,0.42723972887198,"in_range","in_range",FALSE,"Nadia has 18 dirhams, while Samir has 4 times what Nadia has. ✓ Circle the appro",1.17025549443404,0.355794912698265,"in_range",-0.00585858585858584,NA
"Maths",3,"m267_nv3",0.618090452261307,0.626262626262626,0.61,0.624365482233503,0.639175257731959,0.61,0.989949748743719,0.97979797979798,1,0.0100502512562815,0.356911006442332,"in_range","in_range",FALSE,"I circle the fraction that is suitable for the representation with a line. Choic",0.903743037242042,-0.623025222455672,"in_range",0.0162626262626263,NA
"Maths",3,"m268_nv3",0.311557788944724,0.282828282828283,0.34,0.394904458598726,0.32183908045977,0.485714285714286,0.78894472361809,0.878787878787879,0.7,0.21105527638191,0.57214113254886,"in_range","in_range",FALSE,"The grand-mother bought 5 chickens, each chicken costs 31 dirhams. Calculate in",2.09453270784378,0.609042348400099,"in_range",-0.0571717171717172,NA
"Maths",3,"m270",0.201005025125628,0.222222222222222,0.18,0.248447204968944,0.258823529411765,0.236842105263158,0.809045226130653,0.858585858585859,0.76,0.190954773869347,0.476321306703744,"in_range","in_range",FALSE,"Othman left his house at nine fifteen and spent 20 minutes on his way to school.",1.67917981516387,1.18186068229863,"in_range",0.0422222222222222,NA
"Maths",3,"m271_nv",0.577889447236181,0.606060606060606,0.55,0.638888888888889,0.638297872340426,0.63953488372093,0.904522613065327,0.94949494949495,0.86,0.0954773869346733,0.601021361960896,"in_range","in_range",FALSE,"Yassine has 750 dirhams. He bought a backpack for 320 dirhams. Calculate ( ) how",2.38846561245333,-0.243730290259763,"in_range",0.056060606060606,NA
"Maths",3,"m272_nv",0.537688442211055,0.565656565656566,0.51,0.601123595505618,0.629213483146068,0.573033707865169,0.894472361809045,0.898989898989899,0.89,0.105527638190955,0.570368123647729,"in_range","in_range",FALSE,"Hanan received 25 stars for excellence in the French language and 15 stars in ar",2.14734785593718,-0.127811261963674,"in_range",0.0556565656565656,NA
"Maths",3,"m273_nv3",0.537688442211055,0.616161616161616,0.46,0.55440414507772,0.628865979381443,0.479166666666667,0.969849246231156,0.97979797979798,0.96,0.0301507537688442,0.262288353371901,"in_range","in_range",FALSE,"I complete drawing a rectangle.",0.613931717770028,-0.267679383824792,"in_range",0.156161616161616,NA
"Maths",3,"m274_nv3",0.341708542713568,0.292929292929293,0.39,0.375690607734807,0.315217391304348,0.438202247191011,0.909547738693467,0.929292929292929,0.89,0.0904522613065326,0.521047159895005,"in_range","in_range",FALSE,"Calculate the perimeter (P) of the square",1.73994762982107,0.550331470244295,"in_range",-0.0970707070707071,NA
"Maths",3,"m275",0.28643216080402,0.222222222222222,0.35,0.367741935483871,0.265060240963855,0.486111111111111,0.778894472361809,0.838383838383838,0.72,0.221105527638191,0.543874754558064,"in_range","in_range",FALSE,"The students of the third level at the school created a garden in the shape of a",1.98784678173998,0.719681620558068,"in_range",-0.127777777777778,"treated_below_control"
"Maths",3,"m276",0.733668341708543,0.747474747474748,0.72,0.793478260869565,0.813186813186813,0.774193548387097,0.92462311557789,0.919191919191919,0.93,0.0753768844221105,0.517389847741003,"in_range","in_range",FALSE,"Write the number of students who read White Fang",2.17873769869551,-0.771523943025698,"in_range",0.0274747474747475,NA
"Maths",3,"m277",0.472361809045226,0.434343434343434,0.51,0.5875,0.544303797468354,0.62962962962963,0.804020100502513,0.797979797979798,0.81,0.195979899497487,0.564767847114178,"in_range","in_range",FALSE,"Which two stories were read by the same number of students?",1.97236435329147,0.078156276898023,"in_range",-0.0756565656565656,NA
"Maths",3,"m278_nv3",0.663316582914573,0.585858585858586,0.74,0.763005780346821,0.69047619047619,0.831460674157303,0.869346733668342,0.848484848484849,0.89,0.130653266331658,0.499299747184058,"in_range","in_range",FALSE,"What is the title of the story that was read by 1 student only?",1.82362962266419,-0.566442653862514,"in_range",-0.154141414141414,"treated_below_control"
"Maths",3,"m279_nv3",0.753768844221106,0.737373737373737,0.77,0.819672131147541,0.811111111111111,0.827956989247312,0.919597989949749,0.909090909090909,0.93,0.0804020100502513,0.483978881636308,"in_range","in_range",FALSE,"Carefully observe the graph and answer the following questions: How many seconds",1.91093223353731,-0.89989884146621,"in_range",-0.0326262626262627,NA
"Maths",3,"m280_nv3",0.758793969849246,0.737373737373737,0.78,0.820652173913044,0.811111111111111,0.829787234042553,0.92462311557789,0.909090909090909,0.94,0.0753768844221105,0.437830791608206,"in_range","in_range",FALSE,"Which child spent the most time in the race?",1.53649193177588,-1.03150237818515,"in_range",-0.0426262626262627,NA
"Maths",3,"m33y3_nv3",0.693467336683417,0.717171717171717,0.67,0.737967914438503,0.747368421052631,0.728260869565217,0.939698492462312,0.95959595959596,0.92,0.0603015075376885,0.411229867197562,"in_range","in_range",FALSE,"13-9 =",1.1905388312584,-0.865188829485872,"in_range",0.0471717171717171,NA
"Maths",4,"m2100_nv3",0.59,0.68,0.5,0.624338624338624,0.71578947368421,0.531914893617021,0.945,0.95,0.94,0.055,0.407011427989283,"in_range","in_range",FALSE,"A football field is in the shape of a rectangle, 90 meters long and 30 meters wi",0.997681854124417,-0.427799913157233,"in_range",0.18,NA
"Maths",4,"m2101",0.625,0.7,0.55,0.679347826086957,0.752688172043011,0.604395604395604,0.92,0.93,0.91,0.08,0.37490070868304,"in_range","in_range",FALSE,"Enclose with a line the value that is equal to  5.3 km 20 m in meters. Choices:",0.990123958304977,-0.609376881207747,"in_range",0.15,NA
"Maths",4,"m2102",0.435,0.53,0.34,0.441624365482234,0.54639175257732,0.34,0.985,0.97,1,0.015,0.174218387820398,"in_range","in_range",FALSE,"Put a sign (×) under the angle whose measure is less than the measure of the rig",0.416885913137569,0.656054543103899,"in_range",0.19,NA
"Maths",4,"m2103_nv3",0.71,0.82,0.6,0.735751295336788,0.836734693877551,0.631578947368421,0.965,0.98,0.95,0.035,0.480601950969084,"in_range","in_range",FALSE,"I have four equal sides and four right angles. who am I ?",1.35228563443104,-0.874436477545423,"in_range",0.22,NA
"Maths",4,"m2104_nv",0.335,0.4,0.27,0.356382978723404,0.412371134020619,0.296703296703297,0.94,0.97,0.91,0.06,0.110152978511695,"in_range","in_range",FALSE,"How do you call Lines that are always the same distance apart and never cross? a",0.253670710148241,2.74494143164969,"very_hard",0.13,NA
"Maths",4,"m2105_nv3",0.385,0.4,0.37,0.432584269662921,0.444444444444444,0.420454545454545,0.89,0.9,0.88,0.11,0.431909101401997,"in_range","in_range",FALSE,"Draw a rectangle: lenght 8cm and width 5cm.",1.19376920524929,0.518093890467175,"in_range",0.03,NA
"Maths",4,"m2107",0.415,0.49,0.34,0.461111111111111,0.521276595744681,0.395348837209302,0.9,0.94,0.86,0.1,0.511800604219234,"in_range","in_range",FALSE,"72/6=",1.75251805651839,0.326413776166329,"in_range",0.15,NA
"Maths",4,"m2108",0.325,0.37,0.28,0.371428571428571,0.406593406593407,0.333333333333333,0.875,0.91,0.84,0.125,0.577688066237545,"in_range","in_range",FALSE,"94/8 =",2.49854655708845,0.580106661710019,"in_range",0.09,NA
"Maths",4,"m230",0.83,0.9,0.76,0.838383838383838,0.909090909090909,0.767676767676768,0.99,0.99,0.99,0.01,0.559311006290663,"very_easy","in_range",FALSE,"5 x 6 =",3.57195180999908,-1.08626871085403,"in_range",0.14,"easy_high_coverage"
"Maths",4,"m230_nv",0.7,0.74,0.66,0.717948717948718,0.770833333333333,0.666666666666667,0.975,0.96,0.99,0.025,0.457972285627936,"in_range","in_range",FALSE,"4 x 8 =",1.39474433680292,-0.811536886873641,"in_range",0.08,NA
"Maths",4,"m259",0.375,0.45,0.3,0.394736842105263,0.459183673469388,0.326086956521739,0.95,0.98,0.92,0.05,0.529083511201246,"in_range","in_range",FALSE,"Write the appropriate number in digits next to each of the following statements:",1.93970095489144,0.452359643015674,"in_range",0.15,NA
"Maths",4,"m260",0.225,0.27,0.18,0.244565217391304,0.28421052631579,0.202247191011236,0.92,0.95,0.89,0.08,0.400979475838374,"in_range","in_range",FALSE,"determine the value represented by the number written in bold in each number: 5",1.28184758698289,1.25569900839934,"in_range",0.09,NA
"Maths",4,"m261",0.235,0.28,0.19,0.254054054054054,0.294736842105263,0.211111111111111,0.925,0.95,0.9,0.075,0.3993331243638,"in_range","in_range",FALSE,"determine the value represented by the number written in bold in each number: 7",1.22381155157046,1.23590102439518,"in_range",0.09,NA
"Maths",4,"m279_nv3",0.69,0.71,0.67,0.737967914438503,0.763440860215054,0.712765957446808,0.935,0.93,0.94,0.065,0.507258769963749,"in_range","in_range",FALSE,"Carefully observe the graph and answer the following questions: How many seconds",1.54099358806129,-0.722716129950128,"in_range",0.0399999999999999,NA
"Maths",4,"m282_nv",0.665,0.71,0.62,0.685567010309278,0.739583333333333,0.63265306122449,0.97,0.96,0.98,0.03,0.55996384773258,"in_range","in_range",FALSE,"4x9 =",1.91501428323751,-0.549809256816202,"in_range",0.09,NA
"Maths",4,"m283_nv",0.695,0.77,0.62,0.751351351351351,0.83695652173913,0.666666666666667,0.925,0.92,0.93,0.075,0.615591802109671,"in_range","in_range",FALSE,"8 x 11 =",2.45657486562865,-0.602500921386081,"in_range",0.15,NA
"Maths",4,"m284_nv",0.545,0.65,0.44,0.567708333333333,0.656565656565657,0.473118279569893,0.96,0.99,0.93,0.04,0.5582358663595,"in_range","in_range",FALSE,"Khadija prepared 128 chocolate sweets and 87 honey sweets. How many sweets did K",1.84412500280726,-0.123574480067089,"in_range",0.21,NA
"Maths",4,"m285_nv3",0.39,0.4,0.38,0.391959798994975,0.4,0.383838383838384,0.995,1,0.99,0.005,0.604631901383625,"in_range","in_range",FALSE,"35 x 12 =",2.52895751321426,0.3752412949744,"in_range",0.02,NA
"Maths",4,"m286_nv",0.405,0.47,0.34,0.476470588235294,0.540229885057471,0.409638554216867,0.85,0.87,0.83,0.15,0.428215494734203,"in_range","in_range",FALSE,"Circle the number that corresponds to the representation Choices: 1 457; 5 147;",1.20291947380846,0.427623110328242,"in_range",0.13,NA
"Maths",4,"m289_nv3",0.375,0.43,0.32,0.38265306122449,0.438775510204082,0.326530612244898,0.98,0.98,0.98,0.02,0.412706381315471,"in_range","in_range",FALSE,"The common multiple between 2 and 3 Choices: 9; 12; 21; 28",1.07857251087761,0.598252101630635,"in_range",0.11,NA
"Maths",4,"m290_nv",0.64,0.7,0.58,0.663212435233161,0.707070707070707,0.617021276595745,0.965,0.99,0.94,0.035,0.516634807920327,"in_range","in_range",FALSE,"A farmer owns 48 goats. He sold some of them and now has 31 left. How many goats",1.59057762887073,-0.503582137278931,"in_range",0.12,NA
"Maths",4,"m291",0.365,0.42,0.31,0.405555555555556,0.466666666666667,0.344444444444444,0.9,0.9,0.9,0.1,0.398579404366616,"in_range","in_range",FALSE,"Tariq began writing a numerical model: can you guess the missing value following",1.09662144468389,0.639991396180111,"in_range",0.11,NA
"Maths",4,"m293_nv2",0.345,0.49,0.2,0.359375,0.494949494949495,0.21505376344086,0.96,0.99,0.93,0.04,0.384037303537314,"in_range","in_range",FALSE,"link the fractions on the graduated straight line - 6/12; 1/12; 9/12",1.00763221497163,0.778880754613535,"in_range",0.29,NA
"Maths",4,"m294_nv3",0.495,0.43,0.56,0.50253807106599,0.434343434343434,0.571428571428572,0.985,0.99,0.98,0.015,0.409536971453354,"in_range","in_range",FALSE,"3/5 + 1/5 =",1.07566275617712,0.038566720574698,"in_range",-0.13,"treated_below_control"
"Maths",4,"m295_nv3",0.075,0.05,0.1,0.0815217391304348,0.0537634408602151,0.10989010989011,0.92,0.93,0.91,0.08,0.258607041715175,"very_hard","very_hard",FALSE,"Hamid works five days a week. Each day he works, he earns 65 dirhams. ✓ Calculat",1.33371187138325,2.36036165911619,"very_hard",-0.05,"hard_high_coverage"
"Maths",4,"m296_nv3",0.325,0.3,0.35,0.353260869565217,0.326086956521739,0.380434782608696,0.92,0.92,0.92,0.08,0.474021824228392,"in_range","in_range",FALSE,"Mr. Ahmed distributed 40 students equally into four groups. ✓ How many students",1.57089553331829,0.685353764020249,"in_range",-0.05,NA
"Maths",4,"m297",0.36,0.42,0.3,0.378947368421053,0.451612903225806,0.309278350515464,0.95,0.93,0.97,0.05,0.314971813983689,"in_range","in_range",FALSE,"Surround with a line the decimal number that represents:Eight units and three te",0.754656906295292,0.864336982509955,"in_range",0.12,NA
"Maths",4,"m298_nv3",0.195,0.23,0.16,0.20855614973262,0.24468085106383,0.172043010752688,0.935,0.94,0.93,0.065,0.212329856149649,"in_range","in_range",FALSE,"What is the decimal representation equivalent to the fraction: 6/10. Choices: 1,",0.554872890358939,2.71639738575558,"very_hard",0.07,NA
"Maths",4,"m299",0.53,0.63,0.43,0.552083333333333,0.670212765957447,0.438775510204082,0.96,0.94,0.98,0.04,0.69705842116185,"in_range","in_range",FALSE,"Put a mark next to the distance that Saeed travels to and from school, knowing t",3.12065455482734,-0.036603871842403,"in_range",0.2,NA
"Maths",5,"m2101",0.668421052631579,0.722222222222222,0.62,0.713483146067416,0.755813953488372,0.673913043478261,0.936842105263158,0.955555555555556,0.92,0.0631578947368421,0.297623347079689,"in_range","in_range",FALSE,"Enclose with a line the value that is equal to  5.3 km 20 m in meters. Choices:",0.786409155579741,-1.00168931282404,"in_range",0.102222222222222,NA
"Maths",5,"m2104_nv",0.278947368421053,0.277777777777778,0.28,0.299435028248588,0.28735632183908,0.311111111111111,0.931578947368421,0.966666666666667,0.9,0.0684210526315789,0.125851299697361,"in_range","in_range",FALSE,"How do you call Lines that are always the same distance apart and never cross? a",0.316470179147702,3.07076566085563,"very_hard",-0.00222222222222224,NA
"Maths",5,"m2107",0.594736842105263,0.8,0.41,0.693251533742331,0.857142857142857,0.518987341772152,0.857894736842105,0.933333333333333,0.79,0.142105263157895,0.734264200250925,"in_range","in_range",FALSE,"72/6=",4.83099625150334,-0.220737480614752,"in_range",0.39,NA
"Maths",5,"m2108",0.457894736842105,0.655555555555556,0.28,0.530487804878049,0.686046511627907,0.358974358974359,0.863157894736842,0.955555555555556,0.78,0.136842105263158,0.683843130862781,"in_range","in_range",FALSE,"94/8 =",3.25300362392024,0.172361639791275,"in_range",0.375555555555556,NA
"Maths",5,"m2110_nv",0.673684210526316,0.755555555555556,0.6,0.707182320441989,0.755555555555556,0.65934065934066,0.952631578947368,1,0.91,0.0473684210526316,0.558613020276138,"in_range","in_range",FALSE,"16 x 5 =",1.85271922409202,-0.592592265014623,"in_range",0.155555555555556,NA
"Maths",5,"m2111",0.452631578947368,0.588888888888889,0.33,0.485875706214689,0.588888888888889,0.379310344827586,0.931578947368421,1,0.87,0.0684210526315789,0.62114028240609,"in_range","in_range",FALSE,"60 x 50 =",2.0999075227759,0.192751267202112,"in_range",0.258888888888889,NA
"Maths",5,"m2112_nv3",0.368421052631579,0.4,0.34,0.409356725146199,0.418604651162791,0.4,0.9,0.955555555555556,0.85,0.1,0.404111656816401,"in_range","in_range",FALSE,"1,7 x 10 =",1.01766152724461,0.658716152275508,"in_range",0.06,NA
"Maths",5,"m21148_nva2",0.31578947368421,0.333333333333333,0.3,0.379746835443038,0.384615384615385,0.375,0.831578947368421,0.866666666666667,0.8,0.168421052631579,0.400571253388226,"in_range","in_range",FALSE,"Determine what is required in each number: a) The digit in the thousands place i",1.06274620515752,0.906570391259318,"in_range",0.0333333333333333,NA
"Maths",5,"m21148_nvb2",0.168421052631579,0.222222222222222,0.12,0.206451612903226,0.263157894736842,0.151898734177215,0.81578947368421,0.844444444444444,0.79,0.18421052631579,0.348818252107815,"in_range","in_range",FALSE,"Determine what is required in each number: b) The value of the digit 4 in the nu",1.22780092972644,1.64438601072172,"in_range",0.102222222222222,NA
"Maths",5,"m2115_nv",0.489473684210526,0.7,0.3,0.53448275862069,0.724137931034483,0.344827586206896,0.91578947368421,0.966666666666667,0.87,0.0842105263157895,0.675106111760442,"in_range","in_range",FALSE,"84 ÷ 6 =",3.06836484557616,0.0784125320687418,"in_range",0.4,NA
"Maths",5,"m2116_nv",0.436842105263158,0.622222222222222,0.27,0.515527950310559,0.674698795180723,0.346153846153846,0.847368421052632,0.922222222222222,0.78,0.152631578947368,0.690512580849265,"in_range","in_range",FALSE,"394 ÷ 7 =",2.82162619495566,0.235694484103362,"in_range",0.352222222222222,NA
"Maths",5,"m2118",0.268421052631579,0.377777777777778,0.17,0.312883435582822,0.414634146341463,0.209876543209877,0.857894736842105,0.911111111111111,0.81,0.142105263157895,0.330151756454403,"in_range","in_range",FALSE,"Find the missing number so that the two fractions are equivalent: 7/5=49/X",0.845161663083793,1.36837908320688,"in_range",0.207777777777778,NA
"Maths",5,"m2119_nv3",0.0578947368421053,0.0444444444444444,0.07,0.0607734806629835,0.0470588235294117,0.0729166666666667,0.952631578947368,0.944444444444444,0.96,0.0473684210526316,0.310733098940553,"very_hard","very_hard",FALSE,"5/3  + 3/2 =",2.60357737110858,1.84132443341422,"in_range",-0.0255555555555556,"hard_high_coverage"
"Maths",5,"m2120_nv3",0.0526315789473684,0.0555555555555556,0.05,0.0558659217877095,0.0595238095238095,0.0526315789473684,0.942105263157895,0.933333333333333,0.95,0.0578947368421052,0.266330299485323,"very_hard","very_hard",FALSE,"9/5 - 1/2 =",2.23828801460536,2.0075377449267,"very_hard",0.00555555555555555,"hard_high_coverage"
"Maths",5,"m2121_nv",0.0315789473684211,0.0555555555555556,0.01,0.0338983050847458,0.0595238095238095,0.010752688172043,0.931578947368421,0.933333333333333,0.93,0.0684210526315789,0.194394124719328,"very_hard","very_hard",FALSE,"2/5 + 1/10 =",1.51755623609215,2.83686316811805,"very_hard",0.0455555555555556,"hard_high_coverage"
"Maths",5,"m2123_nv",0.321052631578947,0.377777777777778,0.27,0.344632768361582,0.395348837209302,0.296703296703297,0.931578947368421,0.955555555555556,0.91,0.0684210526315789,0.116436065851527,"in_range","in_range",FALSE,"Omar bought 10 pens at a price of 7.5 dirhams each. He gave the shop assistant a",0.249988309162807,3.04110720498281,"very_hard",0.107777777777778,NA
"Maths",5,"m2124_nv",0.426315789473684,0.544444444444444,0.32,0.50625,0.597560975609756,0.41025641025641,0.842105263157895,0.911111111111111,0.78,0.157894736842105,0.599248405234592,"in_range","in_range",FALSE,"There are 70 passengers on board a train. 28 of them got off at the first statio",1.8714524785398,0.286968562850836,"in_range",0.224444444444444,NA
"Maths",5,"m2125_nv3",0.331578947368421,0.422222222222222,0.25,0.357954545454545,0.447058823529412,0.274725274725275,0.926315789473684,0.944444444444444,0.91,0.0736842105263158,0.625143682086044,"in_range","in_range",FALSE,"Complete the rationale table for the following: 4/24 = 7/X",2.50540408916202,0.571460940732082,"in_range",0.172222222222222,NA
"Maths",5,"m2126_nv3",0.4,0.522222222222222,0.29,0.419889502762431,0.534090909090909,0.311827956989247,0.952631578947368,0.977777777777778,0.93,0.0473684210526316,0.657074135581098,"in_range","in_range",FALSE,"Complete the rationale table for the following: 4/24 = 1/X",2.65130600101336,0.349996784750825,"in_range",0.232222222222222,NA
"Maths",5,"m2128_nv3",0.410526315789474,0.477777777777778,0.35,0.423913043478261,0.488636363636364,0.364583333333333,0.968421052631579,0.977777777777778,0.96,0.031578947368421,0.341095372825854,"in_range","in_range",FALSE,"162.38 + 89.4 =",0.929348483557376,0.476033718127805,"in_range",0.127777777777778,NA
"Maths",5,"m2131_nv",0.7,0.822222222222222,0.59,0.791666666666667,0.870588235294118,0.710843373493976,0.88421052631579,0.944444444444444,0.83,0.115789473684211,0.521312438691945,"in_range","in_range",FALSE,"(9 – 3) × 5 =",1.7564091932737,-0.715260153268514,"in_range",0.232222222222222,NA
"Maths",5,"m2133_nv3",0.510526315789474,0.655555555555556,0.38,0.554285714285714,0.694117647058824,0.422222222222222,0.921052631578947,0.944444444444444,0.9,0.0789473684210527,0.480770001978638,"in_range","in_range",FALSE,"The following garden is in the shape of a rectangle. What is the area of the gar",1.24691441648893,-0.0212687152439656,"in_range",0.275555555555556,NA
"Maths",5,"m2134_nv3",0.531578947368421,0.7,0.38,0.583815028901734,0.732558139534884,0.436781609195402,0.910526315789474,0.955555555555556,0.87,0.0894736842105263,0.538700774594726,"in_range","in_range",FALSE,"Guess the measurement of the angle without using a protractor, and enclose the c",1.53979252539855,-0.0899255033910928,"in_range",0.32,NA
"Maths",5,"m2135",0.236842105263158,0.355555555555556,0.13,0.263157894736842,0.367816091954023,0.154761904761905,0.9,0.966666666666667,0.84,0.1,0.397262384027517,"in_range","in_range",FALSE,"Measure the angle using a protractor. Write down your answer.",1.1246685234227,1.29878416483285,"in_range",0.225555555555556,NA
"Maths",5,"m2136_nv3",0.215789473684211,0.244444444444444,0.19,0.259493670886076,0.271604938271605,0.246753246753247,0.831578947368421,0.9,0.77,0.168421052631579,0.42167068597082,"in_range","in_range",FALSE,"Draw a rhombus with the following diagonal length: 8cm, 5 cm",1.37871573461621,1.25907910047053,"in_range",0.0544444444444444,NA
"Maths",5,"m2138",0.747368421052632,0.822222222222222,0.68,0.80225988700565,0.850574712643678,0.755555555555556,0.931578947368421,0.966666666666667,0.9,0.0684210526315789,0.407322261486645,"in_range","in_range",FALSE,"Complete  a drawing of the column for the number of bicycles of type No. 4.",1.26939213388127,-1.10147558261856,"in_range",0.142222222222222,NA
"Maths",5,"m2139_nv",0.352631578947368,0.488888888888889,0.23,0.465277777777778,0.556962025316456,0.353846153846154,0.757894736842105,0.877777777777778,0.65,0.242105263157895,0.68417694575056,"in_range","in_range",FALSE,"735/7=",3.37135855862799,0.4799347057547,"in_range",0.258888888888889,NA
"Maths",5,"m2140_nv",0.331578947368421,0.455555555555556,0.22,0.453237410071942,0.525641025641026,0.360655737704918,0.731578947368421,0.866666666666667,0.61,0.268421052631579,0.685954095765676,"in_range","in_range",FALSE,"624/4=",4.22599482198973,0.530601677084829,"in_range",0.235555555555556,NA
"Maths",5,"m282_nv",0.836842105263158,0.911111111111111,0.77,0.845744680851064,0.911111111111111,0.785714285714286,0.989473684210526,1,0.98,0.0105263157894737,0.444064127450752,"very_easy","in_range",FALSE,"4x9 =",1.85837044355077,-1.35040766582618,"in_range",0.141111111111111,"easy_high_coverage"
"Maths",5,"m286_nv",0.305263157894737,0.377777777777778,0.24,0.3625,0.430379746835443,0.296296296296296,0.842105263157895,0.877777777777778,0.81,0.157894736842105,0.397073573105082,"in_range","in_range",FALSE,"Circle the number that corresponds to the representation Choices: 1 457; 5 147;",1.06431343559899,0.96097452352562,"in_range",0.137777777777778,NA
"Maths",5,"m296_nv",0.478947368421053,0.6,0.37,0.502762430939227,0.606741573033708,0.402173913043478,0.952631578947368,0.988888888888889,0.92,0.0473684210526316,0.477620141765509,"in_range","in_range",FALSE,"Mr. Ahmed distributed 40 students into four workshops. ✓ How many students are i",1.26000607459178,0.111220142585299,"in_range",0.23,NA
"Maths",6,"m2107",0.594594594594595,0.688888888888889,0.505263157894737,0.733333333333333,0.784810126582279,0.676056338028169,0.810810810810811,0.877777777777778,0.747368421052632,0.189189189189189,0.467047223109507,"in_range","in_range",FALSE,"72/6=",1,-0.564712188955303,"in_range",0.183625730994152,NA
"Maths",6,"m2139_nv",0.454054054054054,0.555555555555556,0.357894736842105,0.56,0.632911392405063,0.47887323943662,0.810810810810811,0.877777777777778,0.747368421052632,0.189189189189189,0.564385442216196,"in_range","in_range",FALSE,"735/7=",1,0.285492785835071,"in_range",0.19766081871345,NA
"Maths",6,"m2140_nv",0.556756756756757,0.733333333333333,0.389473684210526,0.628048780487805,0.795180722891566,0.45679012345679,0.886486486486487,0.922222222222222,0.852631578947368,0.113513513513513,0.62608646642153,"in_range","in_range",FALSE,"624/4=",1,-0.33254139677385,"in_range",0.343859649122807,NA
"Maths",6,"m259",0.394594594594595,0.533333333333333,0.263157894736842,0.424418604651163,0.558139534883721,0.290697674418605,0.92972972972973,0.955555555555556,0.905263157894737,0.0702702702702702,0.569604253319881,"in_range","in_range",FALSE,"Write the appropriate number in digits next to each of the following statements:",1,0.648202863193782,"in_range",0.270175438596491,NA
"Maths",6,"m286_nv",0.324324324324324,0.466666666666667,0.189473684210526,0.437956204379562,0.567567567567568,0.285714285714286,0.74054054054054,0.822222222222222,0.663157894736842,0.259459459459459,0.418599389339905,"in_range","in_range",FALSE,"Circle the number that corresponds to the representation Choices: 1 457; 5 147;",1,1.0975946741442,"in_range",0.27719298245614,NA
"Maths",6,"m610y3_nv3",0.0432432432432432,0.0555555555555556,0.0315789473684211,0.0512820512820513,0.0617283950617284,0.04,0.843243243243243,0.9,0.789473684210526,0.156756756756757,0.383978938868487,"very_hard","very_hard",FALSE,"Put in ascending order: 12,315; 12+3/100; 12; 121/10, 12,3",1,4.21825850124123,"very_hard",0.0239766081871345,"hard_high_coverage"
"Maths",6,"m611y3_nv3",0.243243243243243,0.3,0.189473684210526,0.255681818181818,0.317647058823529,0.197802197802198,0.951351351351351,0.944444444444444,0.957894736842105,0.0486486486486486,0.428995413621124,"in_range","in_range",FALSE,"29,75x9,2=",1,1.67314887682355,"in_range",0.110526315789474,NA
"Maths",6,"m614y3_nv3",0.172972972972973,0.211111111111111,0.136842105263158,0.238805970149254,0.263888888888889,0.209677419354839,0.724324324324324,0.8,0.652631578947368,0.275675675675676,0.466213988088832,"in_range","in_range",FALSE,"375,69/14=",1,2.26981575576838,"very_hard",0.0742690058479532,NA
"Maths",6,"m615y3_nv3",0.0972972972972973,0.0777777777777778,0.115789473684211,0.136363636363636,0.102941176470588,0.171875,0.713513513513514,0.755555555555556,0.673684210526316,0.286486486486486,0.572937662385453,"very_hard","very_hard",FALSE,"ABCD is a square, its edge is 6,5cm. Inside of it there is a disk with a radius",1,3.14679185344095,"very_hard",-0.0380116959064327,"hard_low_coverage"
"Maths",6,"m616y3_nv3",0.254054054054054,0.288888888888889,0.221052631578947,0.379032258064516,0.382352941176471,0.375,0.67027027027027,0.755555555555556,0.589473684210526,0.32972972972973,0.627187609627108,"in_range","in_range",FALSE,"b) Calculate the area of the disk in cm²",1,1.59115240132829,"in_range",0.0678362573099415,NA
"Maths",6,"m617y3_nv3",0.0918918918918919,0.0888888888888889,0.0947368421052632,0.150442477876106,0.129032258064516,0.176470588235294,0.610810810810811,0.688888888888889,0.536842105263158,0.389189189189189,0.543026977606512,"very_hard","very_hard",FALSE,"c) Calculate the area of the colored part of the figure in cm²",1,3.22755142259607,"very_hard",-0.00584795321637427,"hard_low_coverage"
"Maths",6,"m618y3_nv3",0.6,0.688888888888889,0.515789473684211,0.649122807017544,0.72093023255814,0.576470588235294,0.924324324324324,0.955555555555556,0.894736842105263,0.0756756756756757,0.471603523824459,"in_range","in_range",FALSE,"In a summer camp, 1 chaperone was assigned for each 15 kids Fill the table: 1/X;",1,-0.598317096028092,"in_range",0.173099415204678,NA
"Maths",6,"m61y3_nv3",0.648648648648649,0.7,0.6,0.701754385964912,0.75,0.655172413793104,0.924324324324324,0.933333333333333,0.91578947368421,0.0756756756756757,0.482477911884422,"in_range","in_range",FALSE,"800x7=",1,-0.907679825594,"in_range",0.1,NA
"Maths",6,"m620y3_nv3",0.140540540540541,0.0666666666666667,0.210526315789474,0.179310344827586,0.0857142857142857,0.266666666666667,0.783783783783784,0.777777777777778,0.789473684210526,0.216216216216216,0.364762756044356,"very_hard","in_range",FALSE,"Conclude the size of the angle ACB",1,2.60158324522836,"very_hard",-0.143859649122807,"hard_high_coverage"
"Maths",6,"m621y3_nv3",0.302702702702703,0.422222222222222,0.189473684210526,0.341463414634146,0.463414634146341,0.219512195121951,0.886486486486487,0.911111111111111,0.863157894736842,0.113513513513513,0.31402473734687,"in_range","in_range",FALSE,"Create a miniature version of this shape at a 1/2 scale.",1,1.24339293334035,"in_range",0.232748538011696,NA
"Maths",6,"m622y3_nv3",0.178378378378378,0.144444444444444,0.210526315789474,0.227586206896552,0.183098591549296,0.27027027027027,0.783783783783784,0.788888888888889,0.778947368421053,0.216216216216216,0.551931436251275,"in_range","in_range",FALSE,"Calculate the area of the garden in m²",1,2.21885466876791,"very_hard",-0.0660818713450292,"hard_high_coverage"
"Maths",6,"m623y3_nv3",0.0378378378378378,0.0555555555555556,0.0210526315789474,0.0603448275862069,0.078125,0.0384615384615385,0.627027027027027,0.711111111111111,0.547368421052632,0.372972972972973,0.427258253613154,"very_hard","very_hard",FALSE,"Samira spends 1/4 of her time reading and 1/8 drawing. How much time does she sp",1,4.38214220424162,"very_hard",0.0345029239766082,"hard_low_coverage"
"Maths",6,"m624y3_nv3",0.12972972972973,0.244444444444444,0.0210526315789474,0.242424242424242,0.323529411764706,0.0645161290322581,0.535135135135135,0.755555555555556,0.326315789473684,0.464864864864865,0.454254163110603,"in_range","in_range",FALSE,"Sanaa spends 2/5 of her time reading. What percentage represents the amount of t",1,2.72444119478637,"very_hard",0.223391812865497,NA
"Maths",6,"m625y3_nv3",0.178378378378378,0.311111111111111,0.0526315789473684,0.246268656716418,0.373333333333333,0.0847457627118644,0.724324324324324,0.833333333333333,0.621052631578947,0.275675675675676,0.337742853378065,"in_range","in_range",FALSE,"Represent the YouTube view data for the two capsules in the table using a line c",1,2.21885466876791,"very_hard",0.258479532163743,NA
"Maths",6,"m626y3_nv3",0.308108108108108,0.422222222222222,0.2,0.467213114754098,0.520547945205479,0.387755102040816,0.65945945945946,0.811111111111111,0.515789473684211,0.34054054054054,0.266578219034586,"in_range","in_range",FALSE,"Which of the two capsules got fewer views over the 6 days?",1,1.20651645858424,"in_range",0.222222222222222,NA
"Maths",6,"m62y3_nv3",0.67027027027027,0.688888888888889,0.652631578947368,0.704545454545455,0.71264367816092,0.696629213483146,0.951351351351351,0.966666666666667,0.936842105263158,0.0486486486486486,0.458986849361342,"in_range","in_range",FALSE,"50x60=",1,-1.05026925833639,"in_range",0.0362573099415204,NA
"Maths",6,"m63y3_nv3",0.340540540540541,0.355555555555556,0.326315789473684,0.39622641509434,0.405063291139241,0.3875,0.85945945945946,0.877777777777778,0.842105263157895,0.140540540540541,0.589707299436448,"in_range","in_range",FALSE,"39/10=",1,0.990960737419472,"in_range",0.0292397660818713,NA
"Maths",6,"m64y3_nv3",0.12972972972973,0.111111111111111,0.147368421052632,0.198347107438017,0.161290322580645,0.23728813559322,0.654054054054054,0.688888888888889,0.621052631578947,0.345945945945946,0.457284133395452,"in_range","in_range",FALSE,"52/0,1=",1,2.72444119478637,"very_hard",-0.0362573099415205,"hard_low_coverage"
"Maths",6,"m67y3_nv3",0.367567567567568,0.5,0.242105263157895,0.4,0.523255813953488,0.273809523809524,0.918918918918919,0.955555555555556,0.88421052631579,0.081081081081081,0.563850424974833,"in_range","in_range",FALSE,"Write the appropriate number in digits next to each of the following statements:",1,0.817474588782842,"in_range",0.257894736842105,NA
"Maths",6,"m68y3_nv3",0.162162162162162,0.1,0.221052631578947,0.184049079754601,0.111111111111111,0.25609756097561,0.881081081081081,0.9,0.863157894736842,0.118918918918919,0.490629166582109,"very_hard","in_range",FALSE,"8/5+7/4=",1,2.37511597260699,"very_hard",-0.121052631578947,"hard_high_coverage"
"Maths",6,"m69y3_nv3",0.118918918918919,0.1,0.136842105263158,0.145695364238411,0.113924050632911,0.180555555555556,0.816216216216216,0.877777777777778,0.757894736842105,0.183783783783784,0.530100670006684,"very_hard","in_range",FALSE,"9/2-4/7=",1,2.85519355944029,"very_hard",-0.0368421052631579,"hard_high_coverage"
