"id_student_panel","subject","grade","treated","school","cd_etab","chain_id","scale_linked","theta_linked"
"Y3P_3021","Arabic",1,0,"EL FALAH","18168X","arabic_chain1",FALSE,-5.67936241508761
"Y3P_4340","Arabic",1,1,"ECOLE PRIMAIRE MOHAMED ZARKTOUNI","24698V","arabic_chain1",FALSE,1.61758098282458
"Y3P_4471","Arabic",1,1,"ECOLE IBN TOUFAIL","27147G","arabic_chain1",FALSE,0.597756637537237
"Y3P_4688","Arabic",1,0,"ECOLE PRIMAIRE AHL LOUGHLAM CHARKIA","01722W","arabic_chain1",FALSE,0.802966042139278
"Y3P_4691","Arabic",1,0,"ECOLE PRIMAIRE AHL LOUGHLAM CHARKIA","01722W","arabic_chain1",FALSE,0.411522922316527
"Y3P_4756","Arabic",1,1,"IBN BATTOUTA","08086N","arabic_chain1",FALSE,2.01913528586881
"Y3P_4761","Arabic",1,1,"IBN BATTOUTA","08086N","arabic_chain1",FALSE,0.802966042139279
"Y3P_4832","Arabic",1,0,"CENTRALE EL AOUNATE","08101E","arabic_chain1",FALSE,-2.07492578490104
"Y3P_4834","Arabic",1,0,"CENTRALE EL AOUNATE","08101E","arabic_chain1",FALSE,0.239950257580576
"Y3P_4839","Arabic",1,0,"CENTRALE EL AOUNATE","08101E","arabic_chain1",FALSE,0.802966042139278
"Y3P_4936","Arabic",1,1,"ECOLE PRIMAIRE IBN AL HAYTAM","24791W","arabic_chain1",FALSE,1.03353462329739
"Y3P_5013","Arabic",1,1,"ABDERRAHMANE HJIRA","24457H","arabic_chain1",FALSE,1.61758098282458
"Y3P_5094","Arabic",1,0,"ECOLE PRIMAIRE  EL KODS","01788T","arabic_chain1",FALSE,0.597756637537237
"Y3P_5110","Arabic",1,1,"ECOLE MOUAD BEN JABAL","25822S","arabic_chain1",FALSE,2.01913528586882
"Y3P_5179","Arabic",1,0,"ECOLE PRIMAIRE ELMARWA","27527V","arabic_chain1",FALSE,-0.481319814947838
"Y3P_5197","Arabic",1,0,"AHMED BOUKMAKH","26501E","arabic_chain1",FALSE,-2.40979163685516
"Y3P_5198","Arabic",1,0,"AHMED BOUKMAKH","26501E","arabic_chain1",FALSE,0.0799874833641455
"Y3P_5223","Arabic",1,0,"AHMED BOUKMAKH","26501E","arabic_chain1",FALSE,-3.00395538482896
"Y3P_5233","Arabic",1,1,"ECOLE OMAR BNOU ALKHATTAB","14019M","arabic_chain1",FALSE,0.802966042139278
"Y3P_5292","Arabic",1,1,"IBNOU MISSKAWAIHE","27772L","arabic_chain1",FALSE,0.802966042139279
"Y3P_5294","Arabic",1,1,"ECOLE PRIMAIRE MUSTAPHA EL MAANI","14033C","arabic_chain1",FALSE,-0.350075394209197
"Y3P_5297","Arabic",1,1,"ECOLE PRIMAIRE MOHAMED ZARKTOUNI","24698V","arabic_chain1",FALSE,0.0799874833641457
"Y3P_5299","Arabic",1,0,"ECOLE PRIMAIRE AHL LOUGHLAM CHARKIA","01722W","arabic_chain1",FALSE,1.61758098282458
"Y3P_5312","Arabic",1,1,"ABDERRAHMANE HJIRA","24457H","arabic_chain1",FALSE,0.802966042139279
"Y3P_5313","Arabic",1,1,"ECOLE PRIMAIRE MOHAMED ZARKTOUNI","24698V","arabic_chain1",FALSE,-2.40979163685516
"Y3P_5371","Arabic",1,1,"ECOLE OMAR BNOU ALKHATTAB","14019M","arabic_chain1",FALSE,1.29945859981775
"Y3P_5427","Arabic",1,0,"MOHAMED ZERKTOUNI","18165U","arabic_chain1",FALSE,-0.0706042782363459
"Y3P_5429","Arabic",1,0,"MOHAMED ZERKTOUNI","18165U","arabic_chain1",FALSE,1.29945859981775
"Y3P_5430","Arabic",1,1,"IBNOU MISSKAWAIHE","27772L","arabic_chain1",FALSE,2.56850921204365
"Y3P_5438","Arabic",1,1,"ECOLE PRIMAIRE IBN AL HAYTAM","24791W","arabic_chain1",FALSE,0.802966042139278
"Y3P_5447","Arabic",1,1,"ECOLE PRIMAIRE MOHAMED ZARKTOUNI","24698V","arabic_chain1",FALSE,1.61758098282458
"Y3P_5453","Arabic",1,1,"ECOLE TIKNI","08099C","arabic_chain1",FALSE,-2.07492578490104
"Y3P_5460","Arabic",1,0,"E OUKBA BNOU NAFII","25341U","arabic_chain1",FALSE,-2.75895281272257
"Y3P_5462","Arabic",1,1,"ECOLE PRIMAIRE MED BELHASSAN AL OUAZZANI","01633Z","arabic_chain1",FALSE,1.29945859981775
"Y3P_5467","Arabic",1,1,"ECOLE TIKNI","08099C","arabic_chain1",FALSE,3.38276072628179
"Y3P_5475","Arabic",1,1,"ECOLE IBN TOUFAIL","27147G","arabic_chain1",FALSE,0.802966042139279
"Y3P_5505","Arabic",1,0,"E DRISS BENZAKRI","25969B","arabic_chain1",FALSE,1.03353462329739
"Y3P_5506","Arabic",1,0,"E ERRAHMA","20901T","arabic_chain1",FALSE,0.411522922316526
"Y3P_5518","Arabic",1,1,"ECOLE OMAR BNOU ALKHATTAB","14019M","arabic_chain1",FALSE,1.03353462329739
"Y3P_5520","Arabic",1,1,"ECOLE PRIMAIRE IBN AL HAYTAM","24791W","arabic_chain1",FALSE,1.29945859981775
"Y3P_5537","Arabic",1,0,"ECOLE PRIMAIRE AHL LOUGHLAM CHARKIA","01722W","arabic_chain1",FALSE,0.411522922316527
"Y3P_5554","Arabic",1,1,"ECOLE SIDI ALI","08138V","arabic_chain1",FALSE,0.597756637537236
"Y3P_5567","Arabic",1,1,"IBNOU MISSKAWAIHE","27772L","arabic_chain1",FALSE,1.03353462329739
"Y3P_5569","Arabic",1,1,"ECOLE EL KARIA","08207V","arabic_chain1",FALSE,-0.968229144279239
"Y3P_5572","Arabic",1,0,"ECOLE PRIMAIRE ERHAMNA","01621L","arabic_chain1",FALSE,2.01913528586881
"Y3P_5575","Arabic",1,1,"ECOLE TIKNI","08099C","arabic_chain1",FALSE,-1.41886089969377
"Y3P_5578","Arabic",1,1,"ECOLE PRIMAIRE MUSTAPHA EL MAANI","14033C","arabic_chain1",FALSE,1.29945859981775
"Y3P_5597","Arabic",1,0,"ABI BAKR ESSADDIK","01727B","arabic_chain1",FALSE,-1.41886089969377
"Y3P_5600","Arabic",1,0,"E OUKBA BNOU NAFII","25341U","arabic_chain1",FALSE,2.01913528586882
"Y3P_5604","Arabic",1,0,"ECOLE PRIMAIRE ERHAMNA","01621L","arabic_chain1",FALSE,0.239950257580577
"Y3P_5611","Arabic",1,1,"ABDERRAHMANE HJIRA","24457H","arabic_chain1",FALSE,0.802966042139278
"Y3P_5614","Arabic",1,0,"AHMED BOUKMAKH","26501E","arabic_chain1",FALSE,3.38276072628179
"Y3P_5621","Arabic",1,1,"ECOLE PRIMAIRE MED BELHASSAN AL OUAZZANI","01633Z","arabic_chain1",FALSE,3.38276072628179
"Y3P_5629","Arabic",1,0,"ABI BAKR ESSADDIK","01727B","arabic_chain1",FALSE,0.802966042139278
"Y3P_5717","Arabic",1,1,"ECOLE IBRAHIM ROUDANI","23361S","arabic_chain1",FALSE,2.56850921204365
"Y3P_5793","Arabic",1,1,"ECOLE IBN TOUFAIL","27147G","arabic_chain1",FALSE,2.01913528586881
"Y3P_5832","Arabic",1,0,"CENTRALE EL AOUNATE","08101E","arabic_chain1",FALSE,0.802966042139279
"Y3P_5853","Arabic",1,0,"OULED SIDI ABDENNEBI","01738N","arabic_chain1",FALSE,3.38276072628179
"Y3P_5876","Arabic",1,1,"LISSANE EDDINE IBN ALKHATIB","27199N","arabic_chain1",FALSE,-2.64047363551086
"Y3P_5879","Arabic",1,1,"ECOLE PRIMAIRE MOHAMED ZARKTOUNI","24698V","arabic_chain1",FALSE,2.01913528586881
"Y3P_5890","Arabic",1,0,"ECOLE PRIMAIRE ERHAMNA","01621L","arabic_chain1",FALSE,-0.608104410016011
"Y3P_6028","Arabic",1,0,"ECOLE PRIMAIRE ERHAMNA","01621L","arabic_chain1",FALSE,1.03353462329739
"Y3P_6057","Arabic",1,1,"ECOLE MOUAD BEN JABAL","25822S","arabic_chain1",FALSE,1.61758098282458
"Y3P_6074","Arabic",1,1,"ECOLE PRIMAIRE ENNOUR","26477D","arabic_chain1",FALSE,-0.0706042782363456
"Y3P_6076","Arabic",1,1,"ECOLE PRIMAIRE ENNOUR","26477D","arabic_chain1",FALSE,-3.68588178875132
"Y3P_6079","Arabic",1,1,"ECOLE PRIMAIRE ENNOUR","26477D","arabic_chain1",FALSE,-1.85593642133777
"Y3P_6101","Arabic",1,1,"LISSANE EDDINE IBN ALKHATIB","27199N","arabic_chain1",FALSE,0.597756637537237
"Y3P_6104","Arabic",1,1,"ECOLE PRIMAIRE ENNOUR","26477D","arabic_chain1",FALSE,2.56850921204365
"Y3P_6105","Arabic",1,1,"ECOLE PRIMAIRE ENNOUR","26477D","arabic_chain1",FALSE,-0.070604278236346
"Y3P_6114","Arabic",1,1,"ECOLE MOUAD BEN JABAL","25822S","arabic_chain1",FALSE,1.61758098282458
"Y3P_6151","Arabic",1,0,"E DRISS BENZAKRI","25969B","arabic_chain1",FALSE,-0.213519541192632
"Y3P_6157","Arabic",1,0,"E ERRAHMA","20901T","arabic_chain1",FALSE,1.61758098282458
"Y3P_6195","Arabic",1,0,"ECOLE PRIMAIRE  ALI BNOU ABITALEB","25998H","arabic_chain1",FALSE,-1.19646324063422
"Y3P_6228","Arabic",1,1,"LISSANE EDDINE IBN ALKHATIB","27199N","arabic_chain1",FALSE,1.29945859981775
"Y3P_6234","Arabic",1,0,"E OUKBA BNOU NAFII","25341U","arabic_chain1",FALSE,-2.64047363551085
"Y3P_6248","Arabic",1,1,"AL FARABI","27200P","arabic_chain1",FALSE,-0.60810441001601
"Y3P_6254","Arabic",1,1,"AL FARABI","27200P","arabic_chain1",FALSE,0.239950257580576
"Y3P_6289","Arabic",1,1,"EL MAKKI ENNACIRI","27094Z","arabic_chain1",FALSE,0.411522922316526
"Y3P_6297","Arabic",1,0,"ECOLE PRIMAIRE OUED AL MAKHAZINE","01623N","arabic_chain1",FALSE,-3.26253595171833
"Y3P_6301","Arabic",1,1,"ECOLE ABDELKRIM EL KHATIB","25823T","arabic_chain1",FALSE,0.411522922316527
"Y3P_6309","Arabic",1,1,"EL MAKKI ENNACIRI","27094Z","arabic_chain1",FALSE,1.29945859981775
"Y3P_6325","Arabic",1,0,"ECOLE PRIMAIRE AHL LOUGHLAM CHARKIA","01722W","arabic_chain1",FALSE,-0.968229144279238
"Y3P_6334","Arabic",1,1,"ECOLE ABDELKRIM EL KHATIB","25823T","arabic_chain1",FALSE,0.802966042139279
"Y3P_6348","Arabic",1,1,"ECOLE ABDELKRIM EL KHATIB","25823T","arabic_chain1",FALSE,2.56850921204365
"Y3P_6349","Arabic",1,1,"ECOLE PRIMAIRE MUSTAPHA EL MAANI","14033C","arabic_chain1",FALSE,0.802966042139278
"Y3P_6391","Arabic",1,0,"OULED SIDI ABDENNEBI","01738N","arabic_chain1",FALSE,-3.00395538482895
"Y3P_6406","Arabic",1,0,"ECOLE PRIMAIRE ELMARWA","27527V","arabic_chain1",FALSE,-0.968229144279239
"Y3P_6410","Arabic",1,1,"ECOLE IBRAHIM ROUDANI","23361S","arabic_chain1",FALSE,1.61758098282458
"Y3P_6413","Arabic",1,1,"ECOLE OMAR BNOU ALKHATTAB","14019M","arabic_chain1",FALSE,0.0799874833641457
"Y3P_6414","Arabic",1,0,"ECOLE PRIMAIRE OUED AL MAKHAZINE","01623N","arabic_chain1",FALSE,-3.68588178875132
"Y3P_6419","Arabic",1,1,"EL MAKKI ENNACIRI","27094Z","arabic_chain1",FALSE,-5.20674237924587
"Y3P_6465","Arabic",1,1,"ECOLE EL KARIA","08207V","arabic_chain1",FALSE,-3.83969704447945
"Y3P_6481","Arabic",1,1,"AL FARABI","27200P","arabic_chain1",FALSE,0.597756637537237
"Y3P_6488","Arabic",1,1,"IBNOU MISSKAWAIHE","27772L","arabic_chain1",FALSE,1.03353462329739
"Y3P_6512","Arabic",1,1,"IBN BATTOUTA","08086N","arabic_chain1",FALSE,0.597756637537236
"Y3P_6526","Arabic",1,0,"EL FALAH","18168X","arabic_chain1",FALSE,-0.731134736343816
"Y3P_6529","Arabic",1,0,"E DRISS BENZAKRI","25969B","arabic_chain1",FALSE,0.239950257580577
"Y3P_6546","Arabic",1,1,"ECOLE PRIMAIRE MUSTAPHA EL MAANI","14033C","arabic_chain1",FALSE,1.03353462329739
"Y3P_6573","Arabic",1,0,"E HOMMANE EL FETOUAKI","26461L","arabic_chain1",FALSE,1.29945859981775
"Y3P_6574","Arabic",1,0,"ABI BAKR ESSADDIK","01727B","arabic_chain1",FALSE,-0.968229144279238
"Y3P_6589","Arabic",1,0,"ECOLE PRIMAIRE  EL KODS","01788T","arabic_chain1",FALSE,-1.19646324063422
"Y3P_6597","Arabic",1,1,"ECOLE PRIMAIRE MUSTAPHA EL MAANI","14033C","arabic_chain1",FALSE,-3.5390650520524
"Y3P_6601","Arabic",1,0,"E ERRAHMA","20901T","arabic_chain1",FALSE,3.38276072628179
"Y3P_6617","Arabic",1,1,"ECOLE OMAR BNOU ALKHATTAB","14019M","arabic_chain1",FALSE,1.29945859981775
"Y3P_6642","Arabic",1,1,"IBN BATTOUTA","08086N","arabic_chain1",FALSE,0.597756637537237
"Y3P_6654","Arabic",1,1,"ECOLE TIKNI","08099C","arabic_chain1",FALSE,1.03353462329739
"Y3P_6658","Arabic",1,1,"ECOLE EL KARIA","08207V","arabic_chain1",FALSE,-0.608104410016011
"Y3P_6660","Arabic",1,1,"ECOLE EL KARIA","08207V","arabic_chain1",FALSE,-0.48131981494784
"Y3P_6668","Arabic",1,1,"ECOLE IBRAHIM ROUDANI","23361S","arabic_chain1",FALSE,1.61758098282458
"Y3P_6669","Arabic",1,1,"ECOLE IBRAHIM ROUDANI","23361S","arabic_chain1",FALSE,0.802966042139279
"Y3P_6674","Arabic",1,1,"AL FARABI","27200P","arabic_chain1",FALSE,2.56850921204365
"Y3P_6678","Arabic",1,1,"IBN BATTOUTA","08086N","arabic_chain1",FALSE,0.802966042139279
"Y3P_6686","Arabic",1,0,"OULED SIDI ABDENNEBI","01738N","arabic_chain1",FALSE,0.802966042139278
"Y3P_6687","Arabic",1,1,"ECOLE IBN TOUFAIL","27147G","arabic_chain1",FALSE,1.29945859981775
"Y3P_6696","Arabic",1,0,"MOHAMED ZERKTOUNI","18165U","arabic_chain1",FALSE,-4.35767013796716
"Y3P_6705","Arabic",1,0,"EL FALAH","18168X","arabic_chain1",FALSE,-1.74694332168341
"Y3P_6710","Arabic",1,0,"ECOLE PRIMAIRE  EL KODS","01788T","arabic_chain1",FALSE,-0.0706042782363462
"Y3P_6730","Arabic",1,0,"E DRISS BENZAKRI","25969B","arabic_chain1",FALSE,0.597756637537236
"Y3P_6739","Arabic",1,0,"AHMED BOUKMAKH","26501E","arabic_chain1",FALSE,2.56850921204365
"Y3P_6747","Arabic",1,0,"ECOLE PRIMAIRE ERHAMNA","01621L","arabic_chain1",FALSE,0.411522922316527
"Y3P_6748","Arabic",1,0,"ECOLE PRIMAIRE ELMARWA","27527V","arabic_chain1",FALSE,1.61758098282458
"Y3P_6752","Arabic",1,0,"ECOLE PRIMAIRE  EL KODS","01788T","arabic_chain1",FALSE,0.239950257580577
"Y3P_6770","Arabic",1,0,"OULED SIDI ABDENNEBI","01738N","arabic_chain1",FALSE,-2.52419413701903
"Y3P_6784","Arabic",1,0,"E HOMMANE EL FETOUAKI","26461L","arabic_chain1",FALSE,-0.608104410016011
"Y3P_6786","Arabic",1,1,"ECOLE PRIMAIRE IBN AL HAYTAM","24791W","arabic_chain1",FALSE,0.411522922316527
"Y3P_6787","Arabic",1,1,"ECOLE PRIMAIRE IBN AL HAYTAM","24791W","arabic_chain1",FALSE,-3.68588178875133
"Y3P_6804","Arabic",1,1,"ABDERRAHMANE HJIRA","24457H","arabic_chain1",FALSE,0.802966042139278
"Y3P_6807","Arabic",1,1,"ECOLE PRIMAIRE MED BELHASSAN AL OUAZZANI","01633Z","arabic_chain1",FALSE,1.61758098282458
"Y3P_6808","Arabic",1,1,"ECOLE IBN TOUFAIL","27147G","arabic_chain1",FALSE,-1.63794256287188
"Y3P_6812","Arabic",1,0,"ECOLE PRIMAIRE ELMARWA","27527V","arabic_chain1",FALSE,1.61758098282458
"Y3P_6831","Arabic",1,0,"E 11 JANVIER","26108C","arabic_chain1",FALSE,-0.350075394209197
"Y3P_6837","Arabic",1,0,"E 11 JANVIER","26108C","arabic_chain1",FALSE,-3.39822629847229
"Y3P_6842","Arabic",1,0,"E 11 JANVIER","26108C","arabic_chain1",FALSE,0.0799874833641461
"Y3P_6843","Arabic",1,1,"ECOLE PRIMAIRE MED BELHASSAN AL OUAZZANI","01633Z","arabic_chain1",FALSE,0.411522922316528
"Y3P_6848","Arabic",1,0,"E 11 JANVIER","26108C","arabic_chain1",FALSE,-1.96517882048903
"Y3P_6854","Arabic",1,0,"E 11 JANVIER","26108C","arabic_chain1",FALSE,0.0799874833641463
"Y3P_6866","Arabic",1,1,"ABDERRAHMANE HJIRA","24457H","arabic_chain1",FALSE,2.01913528586881
"Y3P_6871","Arabic",1,0,"ECOLE PRIMAIRE  ALI BNOU ABITALEB","25998H","arabic_chain1",FALSE,-0.350075394209196
"Y3P_6881","Arabic",1,0,"CENTRALE EL AOUNATE","08101E","arabic_chain1",FALSE,1.61758098282458
"Y3P_6898","Arabic",1,0,"ECOLE PRIMAIRE OUED AL MAKHAZINE","01623N","arabic_chain1",FALSE,-1.41886089969377
"Y3P_6904","Arabic",1,1,"ECOLE ABDELKRIM EL KHATIB","25823T","arabic_chain1",FALSE,1.61758098282458
"Y3P_6917","Arabic",1,0,"E DRISS BENZAKRI","25969B","arabic_chain1",FALSE,-1.41886089969377
"Y3P_6920","Arabic",1,0,"ECOLE PRIMAIRE OUED AL MAKHAZINE","01623N","arabic_chain1",FALSE,-2.64047363551085
"Y3P_6928","Arabic",1,0,"MOHAMED ZERKTOUNI","18165U","arabic_chain1",FALSE,-1.74694332168341
"Y3P_6929","Arabic",1,0,"MOHAMED ZERKTOUNI","18165U","arabic_chain1",FALSE,-4.17378536576204
"Y3P_6931","Arabic",1,0,"E HOMMANE EL FETOUAKI","26461L","arabic_chain1",FALSE,1.61758098282458
"Y3P_6932","Arabic",1,1,"LISSANE EDDINE IBN ALKHATIB","27199N","arabic_chain1",FALSE,-0.608104410016011
"Y3P_6935","Arabic",1,1,"LISSANE EDDINE IBN ALKHATIB","27199N","arabic_chain1",FALSE,1.61758098282458
"Y3P_6941","Arabic",1,1,"ECOLE SIDI ALI","08138V","arabic_chain1",FALSE,-1.30822518890879
"Y3P_6942","Arabic",1,1,"ECOLE SIDI ALI","08138V","arabic_chain1",FALSE,2.01913528586882
"Y3P_6946","Arabic",1,1,"ECOLE SIDI ALI","08138V","arabic_chain1",FALSE,2.01913528586881
"Y3P_6965","Arabic",1,1,"ECOLE ABDELKRIM EL KHATIB","25823T","arabic_chain1",FALSE,0.802966042139279
"Y3P_6992","Arabic",1,0,"ABI BAKR ESSADDIK","01727B","arabic_chain1",FALSE,-2.40979163685516
"Y3P_6993","Arabic",1,0,"ECOLE PRIMAIRE  ALI BNOU ABITALEB","25998H","arabic_chain1",FALSE,-4.17378536576203
"Y3P_6998","Arabic",1,1,"IBNOU MISSKAWAIHE","27772L","arabic_chain1",FALSE,1.61758098282458
"Y3P_7003","Arabic",1,1,"ECOLE MOUAD BEN JABAL","25822S","arabic_chain1",FALSE,-0.851006027096574
"Y3P_7005","Arabic",1,0,"ECOLE PRIMAIRE OUED AL MAKHAZINE","01623N","arabic_chain1",FALSE,-3.83969704447945
"Y3P_7011","Arabic",1,0,"ECOLE PRIMAIRE ELMARWA","27527V","arabic_chain1",FALSE,2.56850921204365
"Y3P_7014","Arabic",1,1,"ECOLE MOUAD BEN JABAL","25822S","arabic_chain1",FALSE,-1.30822518890879
"Y3P_7023","Arabic",1,1,"EL MAKKI ENNACIRI","27094Z","arabic_chain1",FALSE,2.01913528586882
"Y3P_7030","Arabic",1,1,"ECOLE SIDI ALI","08138V","arabic_chain1",FALSE,2.01913528586881
"Y3P_7035","Arabic",1,0,"ECOLE PRIMAIRE  ALI BNOU ABITALEB","25998H","arabic_chain1",FALSE,-0.731134736343816
"Y3P_7051","Arabic",1,0,"ECOLE PRIMAIRE  EL KODS","01788T","arabic_chain1",FALSE,-0.0706042782363464
"Y3P_7053","Arabic",1,1,"AL FARABI","27200P","arabic_chain1",FALSE,3.38276072628179
"Y3P_7054","Arabic",1,1,"ECOLE EL KARIA","08207V","arabic_chain1",FALSE,-0.0706042782363463
"Y3P_7058","Arabic",1,0,"ABI BAKR ESSADDIK","01727B","arabic_chain1",FALSE,-0.48131981494784
"Y3P_7066","Arabic",1,1,"ECOLE TIKNI","08099C","arabic_chain1",FALSE,3.38276072628179
"Y3P_7067","Arabic",1,0,"EL FALAH","18168X","arabic_chain1",FALSE,-4.55544200227505
"Y3P_7069","Arabic",1,0,"E ERRAHMA","20901T","arabic_chain1",FALSE,-1.52867206001525
"Y3P_7078","Arabic",1,0,"E HOMMANE EL FETOUAKI","26461L","arabic_chain1",FALSE,-0.0706042782363458
"Y3P_7097","Arabic",1,0,"OULED SIDI ABDENNEBI","01738N","arabic_chain1",FALSE,-1.85593642133777
"Y3P_7099","Arabic",1,1,"ECOLE IBRAHIM ROUDANI","23361S","arabic_chain1",FALSE,1.61758098282458
"Y3P_7102","Arabic",1,1,"EL MAKKI ENNACIRI","27094Z","arabic_chain1",FALSE,0.802966042139278
"Y3P_7103","Arabic",1,0,"ECOLE PRIMAIRE  ALI BNOU ABITALEB","25998H","arabic_chain1",FALSE,-0.48131981494784
"Y3P_7113","Arabic",1,0,"E OUKBA BNOU NAFII","25341U","arabic_chain1",FALSE,-2.64047363551085
"Y3P_7117","Arabic",1,0,"EL FALAH","18168X","arabic_chain1",FALSE,-4.989063658918
"Y3P_7119","Arabic",1,0,"E OUKBA BNOU NAFII","25341U","arabic_chain1",FALSE,-0.481319814947838
"Y3P_7123","Arabic",1,0,"E ERRAHMA","20901T","arabic_chain1",FALSE,0.802966042139278
"Y3P_7125","Arabic",1,1,"ECOLE PRIMAIRE MED BELHASSAN AL OUAZZANI","01633Z","arabic_chain1",FALSE,-0.851006027096575
"Y3P_1466","Arabic",2,1,"ECOLE EL KARIA","08207V","arabic_chain2",TRUE,-0.376249190492714
"Y3P_2876","Arabic",2,1,"AL FARABI","27200P","arabic_chain2",TRUE,-0.455930420804697
"Y3P_2879","Arabic",2,1,"ECOLE IBRAHIM ROUDANI","23361S","arabic_chain2",TRUE,0.800217055806121
"Y3P_3163","Arabic",2,0,"ABI BAKR ESSADDIK","01727B","arabic_chain2",TRUE,0.310548288627659
"Y3P_3252","Arabic",2,1,"ECOLE TIKNI","08099C","arabic_chain2",TRUE,0.54925048329241
"Y3P_3274","Arabic",2,1,"ENNAHDA","18163S","arabic_chain2",TRUE,0.36093857909719
"Y3P_3281","Arabic",2,1,"ENNAHDA","18163S","arabic_chain2",TRUE,0.25863948740097
"Y3P_3332","Arabic",2,0,"ECOLE PRIMAIRE ELMARWA","27527V","arabic_chain2",TRUE,0.549250483292409
"Y3P_3378","Arabic",2,1,"IBN BATTOUTA","08086N","arabic_chain2",TRUE,0.720101737842321
"Y3P_3431","Arabic",2,1,"ENNAHDA","18163S","arabic_chain2",TRUE,0.503987316660173
"Y3P_3432","Arabic",2,1,"IBNOU MISSKAWAIHE","27772L","arabic_chain2",TRUE,0.36093857909719
"Y3P_3617","Arabic",2,1,"LISSANE EDDINE IBN ALKHATIB","27199N","arabic_chain2",TRUE,-0.628161597881282
"Y3P_3632","Arabic",2,0,"ECOLE PRIMAIRE SOUALEM","14375Z","arabic_chain2",TRUE,0.0926046001137208
"Y3P_3635","Arabic",2,0,"ECOLE PRIMAIRE SOUALEM","14375Z","arabic_chain2",TRUE,-0.926013127182204
"Y3P_3712","Arabic",2,1,"ECOLE ABDELKRIM EL KHATIB","25823T","arabic_chain2",TRUE,-0.300333092630768
"Y3P_3834","Arabic",2,1,"AL FARABI","27200P","arabic_chain2",TRUE,0.720101737842322
"Y3P_3987","Arabic",2,1,"ECOLE OMAR BNOU ALKHATTAB","14019M","arabic_chain2",TRUE,-0.227844410941677
"Y3P_4046","Arabic",2,1,"ECOLE MOUAD BEN JABAL","25822S","arabic_chain2",TRUE,-0.227844410941678
"Y3P_4053","Arabic",2,1,"EL MAKKI ENNACIRI","27094Z","arabic_chain2",TRUE,0.503987316660173
"Y3P_4056","Arabic",2,1,"EL MAKKI ENNACIRI","27094Z","arabic_chain2",TRUE,-0.376249190492713
"Y3P_4079","Arabic",2,0,"EL FALAH","18168X","arabic_chain2",TRUE,-0.376249190492714
"Y3P_4131","Arabic",2,0,"E OUKBA BNOU NAFII","25341U","arabic_chain2",TRUE,0.409913745255845
"Y3P_4195","Arabic",2,0,"E OUKBA BNOU NAFII","25341U","arabic_chain2",TRUE,0.800217055806121
"Y3P_4198","Arabic",2,1,"ECOLE PRIMAIRE MED BELHASSAN AL OUAZZANI","01633Z","arabic_chain2",TRUE,0.0926046001137222
"Y3P_4204","Arabic",2,0,"ECOLE PRIMAIRE OUED AL MAKHAZINE","01623N","arabic_chain2",TRUE,-0.0281064084142278
"Y3P_4212","Arabic",2,0,"AHMED BOUKMAKH","26501E","arabic_chain2",TRUE,0.457567983183321
"Y3P_4236","Arabic",2,1,"ECOLE IBN TOUFAIL","27147G","arabic_chain2",TRUE,0.149799693066063
"Y3P_4247","Arabic",2,0,"ECOLE PRIMAIRE ERHAMNA","01621L","arabic_chain2",TRUE,0.36093857909719
"Y3P_4279","Arabic",2,0,"E DRISS BENZAKRI","25969B","arabic_chain2",TRUE,0.457567983183321
"Y3P_4341","Arabic",2,1,"IBN BATTOUTA","08086N","arabic_chain2",TRUE,0.549250483292408
"Y3P_4349","Arabic",2,1,"IBN BATTOUTA","08086N","arabic_chain2",TRUE,0.149799693066063
"Y3P_4352","Arabic",2,0,"E DRISS BENZAKRI","25969B","arabic_chain2",TRUE,-0.158483342202072
"Y3P_4392","Arabic",2,1,"ECOLE PRIMAIRE MOHAMED ZARKTOUNI","24698V","arabic_chain2",TRUE,0.409913745255843
"Y3P_4405","Arabic",2,1,"ECOLE TIKNI","08099C","arabic_chain2",TRUE,0.678796549127852
"Y3P_4407","Arabic",2,1,"IBNOU MISSKAWAIHE","27772L","arabic_chain2",TRUE,0.409913745255844
"Y3P_4417","Arabic",2,1,"ECOLE TIKNI","08099C","arabic_chain2",TRUE,0.457567983183323
"Y3P_4421","Arabic",2,1,"AL FARABI","27200P","arabic_chain2",TRUE,-0.0919832340434852
"Y3P_4424","Arabic",2,0,"ECOLE PRIMAIRE  ALI BNOU ABITALEB","25998H","arabic_chain2",TRUE,0.457567983183321
"Y3P_4440","Arabic",2,0,"E ERRAHMA","20901T","arabic_chain2",TRUE,0.25863948740097
"Y3P_4559","Arabic",2,0,"E HOMMANE EL FETOUAKI","26461L","arabic_chain2",TRUE,0.0926046001137217
"Y3P_4562","Arabic",2,0,"E HOMMANE EL FETOUAKI","26461L","arabic_chain2",TRUE,-0.091983234043485
"Y3P_4582","Arabic",2,0,"ECOLE PRIMAIRE ELMARWA","27527V","arabic_chain2",TRUE,0.0333594790261146
"Y3P_4607","Arabic",2,0,"E HOMMANE EL FETOUAKI","26461L","arabic_chain2",TRUE,-0.158483342202071
"Y3P_4647","Arabic",2,1,"ECOLE MOUAD BEN JABAL","25822S","arabic_chain2",TRUE,-0.455930420804696
"Y3P_4687","Arabic",2,0,"ECOLE PRIMAIRE  EL KODS","01788T","arabic_chain2",TRUE,-0.455930420804697
"Y3P_4702","Arabic",2,0,"ECOLE PRIMAIRE AHL LOUGHLAM CHARKIA","01722W","arabic_chain2",TRUE,0.593429702456391
"Y3P_4706","Arabic",2,0,"ECOLE PRIMAIRE AHL LOUGHLAM CHARKIA","01722W","arabic_chain2",TRUE,0.36093857909719
"Y3P_4712","Arabic",2,1,"ECOLE PRIMAIRE IBN AL HAYTAM","24791W","arabic_chain2",TRUE,0.0926046001137202
"Y3P_4714","Arabic",2,1,"ECOLE PRIMAIRE IBN AL HAYTAM","24791W","arabic_chain2",TRUE,0.457567983183322
"Y3P_4736","Arabic",2,1,"ECOLE IBRAHIM ROUDANI","23361S","arabic_chain2",TRUE,0.54925048329241
"Y3P_4749","Arabic",2,1,"ECOLE IBN TOUFAIL","27147G","arabic_chain2",TRUE,0.149799693066063
"Y3P_4793","Arabic",2,0,"E 11 JANVIER","26108C","arabic_chain2",TRUE,-0.0281064084142274
"Y3P_4807","Arabic",2,0,"E 11 JANVIER","26108C","arabic_chain2",TRUE,-0.721627946537724
"Y3P_4847","Arabic",2,0,"CENTRALE EL AOUNATE","08101E","arabic_chain2",TRUE,0.54925048329241
"Y3P_4894","Arabic",2,0,"E DRISS BENZAKRI","25969B","arabic_chain2",TRUE,0.593429702456392
"Y3P_4905","Arabic",2,1,"ECOLE SIDI ALI","08138V","arabic_chain2",TRUE,-0.300333092630768
"Y3P_4968","Arabic",2,0,"ECOLE PRIMAIRE ERHAMNA","01621L","arabic_chain2",TRUE,-0.227844410941676
"Y3P_5035","Arabic",2,0,"CENTRALE EL AOUNATE","08101E","arabic_chain2",TRUE,0.0333594790261155
"Y3P_5045","Arabic",2,1,"ECOLE PRIMAIRE IBN AL HAYTAM","24791W","arabic_chain2",TRUE,-0.15848334220207
"Y3P_5057","Arabic",2,0,"E ERRAHMA","20901T","arabic_chain2",TRUE,-0.926013127182204
"Y3P_5060","Arabic",2,0,"CENTRALE EL AOUNATE","08101E","arabic_chain2",TRUE,-0.300333092630768
"Y3P_5064","Arabic",2,0,"EL FALAH","18168X","arabic_chain2",TRUE,-0.227844410941678
"Y3P_5099","Arabic",2,1,"ECOLE PRIMAIRE ENNOUR","26477D","arabic_chain2",TRUE,-0.628161597881282
"Y3P_5117","Arabic",2,1,"ECOLE PRIMAIRE ENNOUR","26477D","arabic_chain2",TRUE,0.720101737842321
"Y3P_5149","Arabic",2,1,"ECOLE IBRAHIM ROUDANI","23361S","arabic_chain2",TRUE,0.760559117528852
"Y3P_5185","Arabic",2,0,"ECOLE PRIMAIRE SOUALEM","14375Z","arabic_chain2",TRUE,-0.227844410941677
"Y3P_5189","Arabic",2,1,"ECOLE ABDELKRIM EL KHATIB","25823T","arabic_chain2",TRUE,0.36093857909719
"Y3P_5190","Arabic",2,1,"ECOLE ABDELKRIM EL KHATIB","25823T","arabic_chain2",TRUE,-0.455930420804698
"Y3P_5212","Arabic",2,0,"AHMED BOUKMAKH","26501E","arabic_chain2",TRUE,0.310548288627659
"Y3P_5217","Arabic",2,0,"AHMED BOUKMAKH","26501E","arabic_chain2",TRUE,0.310548288627659
"Y3P_5235","Arabic",2,1,"LISSANE EDDINE IBN ALKHATIB","27199N","arabic_chain2",TRUE,-0.0919832340434841
"Y3P_5236","Arabic",2,1,"ECOLE IBRAHIM ROUDANI","23361S","arabic_chain2",TRUE,0.205098433524333
"Y3P_5243","Arabic",2,1,"ECOLE TIKNI","08099C","arabic_chain2",TRUE,0.593429702456391
"Y3P_5304","Arabic",2,0,"E DRISS BENZAKRI","25969B","arabic_chain2",TRUE,0.0333594790261146
"Y3P_5306","Arabic",2,0,"OULED SIDI ABDENNEBI","01738N","arabic_chain2",TRUE,-0.227844410941678
"Y3P_5307","Arabic",2,0,"OULED SIDI ABDENNEBI","01738N","arabic_chain2",TRUE,0.503987316660174
"Y3P_5333","Arabic",2,1,"EL MAKKI ENNACIRI","27094Z","arabic_chain2",TRUE,-0.0919832340434845
"Y3P_5338","Arabic",2,1,"ECOLE PRIMAIRE MUSTAPHA EL MAANI","14033C","arabic_chain2",TRUE,-0.158483342202071
"Y3P_5353","Arabic",2,0,"ECOLE PRIMAIRE IBNOU TOFAIL","01625R","arabic_chain2",TRUE,-0.028106408414227
"Y3P_5383","Arabic",2,1,"ECOLE EL KARIA","08207V","arabic_chain2",TRUE,-0.0281064084142277
"Y3P_5390","Arabic",2,1,"ECOLE EL KARIA","08207V","arabic_chain2",TRUE,0.636591347617442
"Y3P_5393","Arabic",2,1,"ECOLE EL KARIA","08207V","arabic_chain2",TRUE,0.149799693066062
"Y3P_5409","Arabic",2,0,"ABI BAKR ESSADDIK","01727B","arabic_chain2",TRUE,-0.0281064084142275
"Y3P_5415","Arabic",2,1,"ECOLE SIDI ALI","08138V","arabic_chain2",TRUE,0.205098433524333
"Y3P_5432","Arabic",2,0,"MOHAMED ZERKTOUNI","18165U","arabic_chain2",TRUE,-0.227844410941676
"Y3P_5483","Arabic",2,1,"ECOLE PRIMAIRE ENNOUR","26477D","arabic_chain2",TRUE,0.549250483292408
"Y3P_5490","Arabic",2,1,"ABDERRAHMANE HJIRA","24457H","arabic_chain2",TRUE,0.636591347617442
"Y3P_5491","Arabic",2,1,"ABDERRAHMANE HJIRA","24457H","arabic_chain2",TRUE,0.549250483292408
"Y3P_5493","Arabic",2,0,"ECOLE PRIMAIRE AHL LOUGHLAM CHARKIA","01722W","arabic_chain2",TRUE,0.310548288627657
"Y3P_5511","Arabic",2,1,"AL FARABI","27200P","arabic_chain2",TRUE,0.310548288627659
"Y3P_5559","Arabic",2,1,"ECOLE SIDI ALI","08138V","arabic_chain2",TRUE,-0.0919832340434845
"Y3P_5563","Arabic",2,0,"ECOLE PRIMAIRE  EL KODS","01788T","arabic_chain2",TRUE,0.0926046001137211
"Y3P_5641","Arabic",2,0,"ECOLE PRIMAIRE ELMARWA","27527V","arabic_chain2",TRUE,0.678796549127854
"Y3P_5659","Arabic",2,0,"E HOMMANE EL FETOUAKI","26461L","arabic_chain2",TRUE,0.149799693066063
"Y3P_5662","Arabic",2,0,"ECOLE PRIMAIRE ELMARWA","27527V","arabic_chain2",TRUE,0.31054828862766
"Y3P_5666","Arabic",2,0,"AHMED BOUKMAKH","26501E","arabic_chain2",TRUE,0.457567983183322
"Y3P_5673","Arabic",2,0,"ECOLE PRIMAIRE AHL LOUGHLAM CHARKIA","01722W","arabic_chain2",TRUE,0.258639487400968
"Y3P_5674","Arabic",2,1,"ECOLE IBRAHIM ROUDANI","23361S","arabic_chain2",TRUE,0.72010173784232
"Y3P_5680","Arabic",2,0,"E HOMMANE EL FETOUAKI","26461L","arabic_chain2",TRUE,-0.227844410941677
"Y3P_5686","Arabic",2,0,"ECOLE PRIMAIRE SOUALEM","14375Z","arabic_chain2",TRUE,0.409913745255845
"Y3P_5687","Arabic",2,0,"ECOLE PRIMAIRE SOUALEM","14375Z","arabic_chain2",TRUE,0.409913745255845
"Y3P_5689","Arabic",2,0,"E ERRAHMA","20901T","arabic_chain2",TRUE,0.360938579097191
"Y3P_5701","Arabic",2,0,"E ERRAHMA","20901T","arabic_chain2",TRUE,0.457567983183321
"Y3P_5716","Arabic",2,0,"ECOLE PRIMAIRE AHL LOUGHLAM CHARKIA","01722W","arabic_chain2",TRUE,0.149799693066063
"Y3P_5729","Arabic",2,1,"ECOLE ABDELKRIM EL KHATIB","25823T","arabic_chain2",TRUE,0.593429702456392
"Y3P_5730","Arabic",2,1,"ENNAHDA","18163S","arabic_chain2",TRUE,0.409913745255845
"Y3P_5739","Arabic",2,0,"E DRISS BENZAKRI","25969B","arabic_chain2",TRUE,-0.376249190492714
"Y3P_5743","Arabic",2,1,"ABDERRAHMANE HJIRA","24457H","arabic_chain2",TRUE,0.36093857909719
"Y3P_5745","Arabic",2,0,"EL FALAH","18168X","arabic_chain2",TRUE,-0.227844410941677
"Y3P_5750","Arabic",2,0,"EL FALAH","18168X","arabic_chain2",TRUE,0.503987316660175
"Y3P_5753","Arabic",2,1,"ECOLE PRIMAIRE IBN AL HAYTAM","24791W","arabic_chain2",TRUE,0.503987316660174
"Y3P_5760","Arabic",2,0,"ECOLE PRIMAIRE  ALI BNOU ABITALEB","25998H","arabic_chain2",TRUE,0.36093857909719
"Y3P_5764","Arabic",2,0,"ECOLE PRIMAIRE  ALI BNOU ABITALEB","25998H","arabic_chain2",TRUE,0.549250483292407
"Y3P_5765","Arabic",2,0,"ECOLE PRIMAIRE  ALI BNOU ABITALEB","25998H","arabic_chain2",TRUE,0.503987316660174
"Y3P_5777","Arabic",2,1,"ECOLE PRIMAIRE MOHAMED ZARKTOUNI","24698V","arabic_chain2",TRUE,0.409913745255846
"Y3P_5779","Arabic",2,0,"EL FALAH","18168X","arabic_chain2",TRUE,-0.300333092630768
"Y3P_5783","Arabic",2,1,"ECOLE IBN TOUFAIL","27147G","arabic_chain2",TRUE,0.503987316660174
"Y3P_5784","Arabic",2,1,"ECOLE IBN TOUFAIL","27147G","arabic_chain2",TRUE,0.310548288627659
"Y3P_5799","Arabic",2,0,"OULED SIDI ABDENNEBI","01738N","arabic_chain2",TRUE,0.59342970245639
"Y3P_5805","Arabic",2,0,"OULED SIDI ABDENNEBI","01738N","arabic_chain2",TRUE,0.593429702456391
"Y3P_5808","Arabic",2,0,"OULED SIDI ABDENNEBI","01738N","arabic_chain2",TRUE,0.636591347617442
"Y3P_5810","Arabic",2,1,"LISSANE EDDINE IBN ALKHATIB","27199N","arabic_chain2",TRUE,-0.227844410941676
"Y3P_5813","Arabic",2,0,"ECOLE PRIMAIRE ERHAMNA","01621L","arabic_chain2",TRUE,0.310548288627657
"Y3P_5824","Arabic",2,0,"ECOLE PRIMAIRE ERHAMNA","01621L","arabic_chain2",TRUE,0.092604600113721
"Y3P_5829","Arabic",2,0,"ECOLE PRIMAIRE ERHAMNA","01621L","arabic_chain2",TRUE,0.0926046001137213
"Y3P_5839","Arabic",2,1,"ECOLE PRIMAIRE MED BELHASSAN AL OUAZZANI","01633Z","arabic_chain2",TRUE,0.205098433524333
"Y3P_5841","Arabic",2,1,"LISSANE EDDINE IBN ALKHATIB","27199N","arabic_chain2",TRUE,-0.539757792337164
"Y3P_5845","Arabic",2,1,"ECOLE PRIMAIRE MED BELHASSAN AL OUAZZANI","01633Z","arabic_chain2",TRUE,-0.376249190492716
"Y3P_5847","Arabic",2,1,"ECOLE PRIMAIRE MED BELHASSAN AL OUAZZANI","01633Z","arabic_chain2",TRUE,-0.0281064084142269
"Y3P_5865","Arabic",2,1,"ECOLE PRIMAIRE MOHAMED ZARKTOUNI","24698V","arabic_chain2",TRUE,0.636591347617442
"Y3P_5869","Arabic",2,1,"ECOLE PRIMAIRE MOHAMED ZARKTOUNI","24698V","arabic_chain2",TRUE,0.72010173784232
"Y3P_5870","Arabic",2,1,"ECOLE PRIMAIRE MOHAMED ZARKTOUNI","24698V","arabic_chain2",TRUE,0.636591347617443
"Y3P_5877","Arabic",2,1,"LISSANE EDDINE IBN ALKHATIB","27199N","arabic_chain2",TRUE,-0.0919832340434844
"Y3P_5882","Arabic",2,1,"ECOLE PRIMAIRE MED BELHASSAN AL OUAZZANI","01633Z","arabic_chain2",TRUE,0.205098433524333
"Y3P_5900","Arabic",2,1,"ENNAHDA","18163S","arabic_chain2",TRUE,0.593429702456393
"Y3P_5903","Arabic",2,1,"ECOLE PRIMAIRE IBN AL HAYTAM","24791W","arabic_chain2",TRUE,0.205098433524333
"Y3P_5910","Arabic",2,0,"AHMED BOUKMAKH","26501E","arabic_chain2",TRUE,0.310548288627658
"Y3P_5934","Arabic",2,1,"EL MAKKI ENNACIRI","27094Z","arabic_chain2",TRUE,0.593429702456392
"Y3P_5940","Arabic",2,1,"ECOLE PRIMAIRE ENNOUR","26477D","arabic_chain2",TRUE,0.593429702456391
"Y3P_5953","Arabic",2,1,"IBN BATTOUTA","08086N","arabic_chain2",TRUE,0.678796549127852
"Y3P_5954","Arabic",2,0,"MOHAMED ZERKTOUNI","18165U","arabic_chain2",TRUE,0.36093857909719
"Y3P_5962","Arabic",2,0,"MOHAMED ZERKTOUNI","18165U","arabic_chain2",TRUE,-0.376249190492715
"Y3P_5983","Arabic",2,0,"ABI BAKR ESSADDIK","01727B","arabic_chain2",TRUE,-0.0281064084142272
"Y3P_5986","Arabic",2,0,"ABI BAKR ESSADDIK","01727B","arabic_chain2",TRUE,-0.227844410941678
"Y3P_5999","Arabic",2,0,"OUM EL BANINE","26368K","arabic_chain2",TRUE,0.205098433524333
"Y3P_6003","Arabic",2,1,"IBN BATTOUTA","08086N","arabic_chain2",TRUE,0.503987316660175
"Y3P_6010","Arabic",2,0,"CENTRALE EL AOUNATE","08101E","arabic_chain2",TRUE,0.593429702456392
"Y3P_6014","Arabic",2,1,"ECOLE IBN TOUFAIL","27147G","arabic_chain2",TRUE,0.549250483292409
"Y3P_6018","Arabic",2,0,"ECOLE PRIMAIRE OUED AL MAKHAZINE","01623N","arabic_chain2",TRUE,0.205098433524333
"Y3P_6029","Arabic",2,0,"ECOLE PRIMAIRE OUED AL MAKHAZINE","01623N","arabic_chain2",TRUE,-0.0919832340434842
"Y3P_6035","Arabic",2,1,"IBNOU MISSKAWAIHE","27772L","arabic_chain2",TRUE,0.258639487400969
"Y3P_6047","Arabic",2,1,"ECOLE MOUAD BEN JABAL","25822S","arabic_chain2",TRUE,-0.15848334220207
"Y3P_6050","Arabic",2,1,"ECOLE MOUAD BEN JABAL","25822S","arabic_chain2",TRUE,0.720101737842321
"Y3P_6054","Arabic",2,1,"ECOLE MOUAD BEN JABAL","25822S","arabic_chain2",TRUE,0.593429702456391
"Y3P_6061","Arabic",2,0,"CENTRALE EL AOUNATE","08101E","arabic_chain2",TRUE,-0.0281064084142275
"Y3P_6067","Arabic",2,0,"ECOLE PRIMAIRE  EL KODS","01788T","arabic_chain2",TRUE,0.149799693066063
"Y3P_6081","Arabic",2,0,"ECOLE PRIMAIRE IBNOU TOFAIL","01625R","arabic_chain2",TRUE,0.205098433524334
"Y3P_6085","Arabic",2,0,"ECOLE PRIMAIRE IBNOU TOFAIL","01625R","arabic_chain2",TRUE,0.258639487400969
"Y3P_6092","Arabic",2,0,"ECOLE PRIMAIRE IBNOU TOFAIL","01625R","arabic_chain2",TRUE,0.149799693066062
"Y3P_6097","Arabic",2,1,"IBNOU MISSKAWAIHE","27772L","arabic_chain2",TRUE,0.636591347617443
"Y3P_6125","Arabic",2,0,"ECOLE PRIMAIRE IBNOU TOFAIL","01625R","arabic_chain2",TRUE,0.409913745255845
"Y3P_6135","Arabic",2,0,"ECOLE PRIMAIRE OUED AL MAKHAZINE","01623N","arabic_chain2",TRUE,-0.0281064084142278
"Y3P_6159","Arabic",2,1,"ECOLE OMAR BNOU ALKHATTAB","14019M","arabic_chain2",TRUE,0.636591347617442
"Y3P_6170","Arabic",2,1,"ECOLE SIDI ALI","08138V","arabic_chain2",TRUE,0.593429702456391
"Y3P_6173","Arabic",2,0,"ECOLE PRIMAIRE  EL KODS","01788T","arabic_chain2",TRUE,-0.376249190492714
"Y3P_6176","Arabic",2,0,"ECOLE PRIMAIRE ELMARWA","27527V","arabic_chain2",TRUE,0.36093857909719
"Y3P_6186","Arabic",2,0,"E ERRAHMA","20901T","arabic_chain2",TRUE,0.503987316660175
"Y3P_6201","Arabic",2,0,"ECOLE PRIMAIRE OUED AL MAKHAZINE","01623N","arabic_chain2",TRUE,-0.300333092630766
"Y3P_6209","Arabic",2,1,"ECOLE TIKNI","08099C","arabic_chain2",TRUE,0.503987316660175
"Y3P_6212","Arabic",2,1,"ECOLE SIDI ALI","08138V","arabic_chain2",TRUE,0.205098433524334
"Y3P_6217","Arabic",2,1,"IBNOU MISSKAWAIHE","27772L","arabic_chain2",TRUE,0.409913745255844
"Y3P_6221","Arabic",2,1,"ECOLE OMAR BNOU ALKHATTAB","14019M","arabic_chain2",TRUE,0.457567983183322
"Y3P_6231","Arabic",2,0,"E OUKBA BNOU NAFII","25341U","arabic_chain2",TRUE,0.54925048329241
"Y3P_6237","Arabic",2,0,"E OUKBA BNOU NAFII","25341U","arabic_chain2",TRUE,0.258639487400969
"Y3P_6240","Arabic",2,1,"ECOLE PRIMAIRE MUSTAPHA EL MAANI","14033C","arabic_chain2",TRUE,0.549250483292408
"Y3P_6257","Arabic",2,1,"ECOLE PRIMAIRE MUSTAPHA EL MAANI","14033C","arabic_chain2",TRUE,-0.158483342202072
"Y3P_6266","Arabic",2,0,"MOHAMED ZERKTOUNI","18165U","arabic_chain2",TRUE,-0.158483342202071
"Y3P_6279","Arabic",2,1,"ECOLE OMAR BNOU ALKHATTAB","14019M","arabic_chain2",TRUE,0.409913745255844
"Y3P_6300","Arabic",2,1,"ECOLE ABDELKRIM EL KHATIB","25823T","arabic_chain2",TRUE,0.760559117528851
"Y3P_6314","Arabic",2,1,"ABDERRAHMANE HJIRA","24457H","arabic_chain2",TRUE,-0.15848334220207
"Y3P_6319","Arabic",2,0,"ECOLE PRIMAIRE  ALI BNOU ABITALEB","25998H","arabic_chain2",TRUE,0.457567983183322
"Y3P_6331","Arabic",2,1,"ABDERRAHMANE HJIRA","24457H","arabic_chain2",TRUE,0.0926046001137217
"Y3P_6337","Arabic",2,0,"OUM EL BANINE","26368K","arabic_chain2",TRUE,0.678796549127852
"Y3P_6341","Arabic",2,1,"EL MAKKI ENNACIRI","27094Z","arabic_chain2",TRUE,0.310548288627659
"Y3P_6346","Arabic",2,1,"ECOLE PRIMAIRE ENNOUR","26477D","arabic_chain2",TRUE,0.503987316660174
"Y3P_6361","Arabic",2,0,"E 11 JANVIER","26108C","arabic_chain2",TRUE,-0.628161597881282
"Y3P_6372","Arabic",2,0,"E 11 JANVIER","26108C","arabic_chain2",TRUE,-0.376249190492713
"Y3P_6373","Arabic",2,0,"E 11 JANVIER","26108C","arabic_chain2",TRUE,0.033359479026115
"Y3P_6384","Arabic",2,0,"OUM EL BANINE","26368K","arabic_chain2",TRUE,0.409913745255844
"Y3P_6386","Arabic",2,0,"OUM EL BANINE","26368K","arabic_chain2",TRUE,0.503987316660175
"Y3P_6389","Arabic",2,0,"ABI BAKR ESSADDIK","01727B","arabic_chain2",TRUE,-0.300333092630768
"Y3P_6408","Arabic",2,1,"ECOLE EL KARIA","08207V","arabic_chain2",TRUE,0.457567983183322
"Y3P_6429","Arabic",2,1,"AL FARABI","27200P","arabic_chain2",TRUE,0.149799693066062
"Y3P_6470","Arabic",2,0,"E OUKBA BNOU NAFII","25341U","arabic_chain2",TRUE,0.0926046001137219
"Y3P_6474","Arabic",2,1,"ECOLE PRIMAIRE MUSTAPHA EL MAANI","14033C","arabic_chain2",TRUE,0.360938579097191
"Y3P_6492","Arabic",2,1,"ECOLE OMAR BNOU ALKHATTAB","14019M","arabic_chain2",TRUE,0.25863948740097
"Y3P_6497","Arabic",2,0,"ECOLE PRIMAIRE  EL KODS","01788T","arabic_chain2",TRUE,-0.227844410941675
"Y3P_6592","Arabic",2,1,"ECOLE PRIMAIRE MUSTAPHA EL MAANI","14033C","arabic_chain2",TRUE,0.36093857909719
"Y3P_6626","Arabic",2,0,"OUM EL BANINE","26368K","arabic_chain2",TRUE,0.205098433524333
"Y3P_6636","Arabic",2,0,"MOHAMED ZERKTOUNI","18165U","arabic_chain2",TRUE,0.149799693066062
"Y1_135054","Arabic",3,1,"ECOLE PRIMAIRE ENNOUR","26477D","arabic_chain2",TRUE,0.503987316660175
"Y3P_1105","Arabic",3,0,"EL FALAH","18168X","arabic_chain2",TRUE,-0.158483342202071
"Y3P_1280","Arabic",3,0,"ECOLE PRIMAIRE  EL KODS","01788T","arabic_chain2",TRUE,0.0926046001137202
"Y3P_1565","Arabic",3,1,"ECOLE MOUAD BEN JABAL","25822S","arabic_chain2",TRUE,0.205098433524334
"Y3P_1993","Arabic",3,0,"E HOMMANE EL FETOUAKI","26461L","arabic_chain2",TRUE,0.457567983183322
"Y3P_1994","Arabic",3,0,"E HOMMANE EL FETOUAKI","26461L","arabic_chain2",TRUE,-0.300333092630767
"Y3P_2441","Arabic",3,0,"ECOLE PRIMAIRE OUED AL MAKHAZINE","01623N","arabic_chain2",TRUE,-0.926013127182204
"Y3P_2472","Arabic",3,1,"ENNAHDA","18163S","arabic_chain2",TRUE,0.503987316660173
"Y3P_2632","Arabic",3,0,"MOHAMED ZERKTOUNI","18165U","arabic_chain2",TRUE,-0.820705653808083
"Y3P_2743","Arabic",3,1,"ABDERRAHMANE HJIRA","24457H","arabic_chain2",TRUE,-0.300333092630768
"Y3P_2796","Arabic",3,0,"E DRISS BENZAKRI","25969B","arabic_chain2",TRUE,0.636591347617444
"Y3P_2834","Arabic",3,0,"ECOLE PRIMAIRE  ALI BNOU ABITALEB","25998H","arabic_chain2",TRUE,-0.820705653808083
"Y3P_2902","Arabic",3,0,"E 11 JANVIER","26108C","arabic_chain2",TRUE,-0.158483342202072
"Y3P_2922","Arabic",3,1,"EL MAKKI ENNACIRI","27094Z","arabic_chain2",TRUE,-0.158483342202072
"Y3P_2947","Arabic",3,1,"ECOLE IBN TOUFAIL","27147G","arabic_chain2",TRUE,0.0926046001137206
"Y3P_2979","Arabic",3,1,"ECOLE PRIMAIRE MUSTAPHA EL MAANI","14033C","arabic_chain2",TRUE,-1.03824460912283
"Y3P_2990","Arabic",3,1,"ECOLE PRIMAIRE IBN AL HAYTAM","24791W","arabic_chain2",TRUE,0.593429702456392
"Y3P_3003","Arabic",3,1,"LISSANE EDDINE IBN ALKHATIB","27199N","arabic_chain2",TRUE,-0.455930420804697
"Y3P_3004","Arabic",3,0,"ECOLE PRIMAIRE SOUALEM","14375Z","arabic_chain2",TRUE,-0.820705653808083
"Y3P_3028","Arabic",3,1,"ECOLE IBRAHIM ROUDANI","23361S","arabic_chain2",TRUE,0.593429702456394
"Y3P_3030","Arabic",3,0,"CENTRALE EL AOUNATE","08101E","arabic_chain2",TRUE,0.0333594790261139
"Y3P_3065","Arabic",3,0,"ECOLE PRIMAIRE IBNOU TOFAIL","01625R","arabic_chain2",TRUE,-0.539757792337164
"Y3P_3074","Arabic",3,1,"IBNOU MISSKAWAIHE","27772L","arabic_chain2",TRUE,0.593429702456392
"Y3P_3129","Arabic",3,0,"ABI BAKR ESSADDIK","01727B","arabic_chain2",TRUE,-0.376249190492715
"Y3P_3148","Arabic",3,0,"MOHAMED ZERKTOUNI","18165U","arabic_chain2",TRUE,-0.300333092630766
"Y3P_3157","Arabic",3,0,"ECOLE PRIMAIRE  ALI BNOU ABITALEB","25998H","arabic_chain2",TRUE,-0.0919832340434867
"Y3P_3171","Arabic",3,0,"ECOLE PRIMAIRE ELMARWA","27527V","arabic_chain2",TRUE,-0.227844410941675
"Y3P_3179","Arabic",3,1,"IBNOU MISSKAWAIHE","27772L","arabic_chain2",TRUE,0.310548288627659
"Y3P_3185","Arabic",3,1,"IBN BATTOUTA","08086N","arabic_chain2",TRUE,-0.227844410941677
"Y3P_3186","Arabic",3,1,"ECOLE TIKNI","08099C","arabic_chain2",TRUE,0.0926046001137211
"Y3P_3188","Arabic",3,1,"ECOLE TIKNI","08099C","arabic_chain2",TRUE,0.25863948740097
"Y3P_3204","Arabic",3,1,"ECOLE SIDI ALI","08138V","arabic_chain2",TRUE,0.0926046001137205
"Y3P_3205","Arabic",3,1,"ECOLE SIDI ALI","08138V","arabic_chain2",TRUE,-0.539757792337164
"Y3P_3229","Arabic",3,0,"AHMED BOUKMAKH","26501E","arabic_chain2",TRUE,0.503987316660175
"Y3P_3230","Arabic",3,1,"ECOLE EL KARIA","08207V","arabic_chain2",TRUE,-0.376249190492714
"Y3P_3239","Arabic",3,1,"ECOLE OMAR BNOU ALKHATTAB","14019M","arabic_chain2",TRUE,0.678796549127853
"Y3P_3248","Arabic",3,1,"LISSANE EDDINE IBN ALKHATIB","27199N","arabic_chain2",TRUE,0.205098433524333
"Y3P_3259","Arabic",3,1,"ECOLE PRIMAIRE MUSTAPHA EL MAANI","14033C","arabic_chain2",TRUE,0.593429702456392
"Y3P_3262","Arabic",3,0,"ABI BAKR ESSADDIK","01727B","arabic_chain2",TRUE,-0.628161597881283
"Y3P_3285","Arabic",3,0,"MOHAMED ZERKTOUNI","18165U","arabic_chain2",TRUE,-0.0919832340434854
"Y3P_3311","Arabic",3,1,"ECOLE PRIMAIRE MED BELHASSAN AL OUAZZANI","01633Z","arabic_chain2",TRUE,0.0333594790261139
"Y3P_3312","Arabic",3,1,"ECOLE PRIMAIRE MED BELHASSAN AL OUAZZANI","01633Z","arabic_chain2",TRUE,0.205098433524334
"Y3P_3408","Arabic",3,0,"MOHAMED ZERKTOUNI","18165U","arabic_chain2",TRUE,0.457567983183322
"Y3P_3418","Arabic",3,0,"OUM EL BANINE","26368K","arabic_chain2",TRUE,-0.227844410941676
"Y3P_3457","Arabic",3,0,"CENTRALE EL AOUNATE","08101E","arabic_chain2",TRUE,-0.721627946537725
"Y3P_3482","Arabic",3,1,"ECOLE IBN TOUFAIL","27147G","arabic_chain2",TRUE,-0.820705653808083
"Y3P_3490","Arabic",3,0,"CENTRALE EL AOUNATE","08101E","arabic_chain2",TRUE,-0.721627946537725
"Y3P_3521","Arabic",3,1,"ECOLE PRIMAIRE IBN AL HAYTAM","24791W","arabic_chain2",TRUE,-0.227844410941678
"Y3P_3571","Arabic",3,0,"ECOLE PRIMAIRE  EL KODS","01788T","arabic_chain2",TRUE,0.0333594790261134
"Y3P_3637","Arabic",3,0,"ECOLE PRIMAIRE SOUALEM","14375Z","arabic_chain2",TRUE,-0.376249190492714
"Y3P_3702","Arabic",3,1,"ECOLE MOUAD BEN JABAL","25822S","arabic_chain2",TRUE,0.36093857909719
"Y3P_3714","Arabic",3,1,"ECOLE TIKNI","08099C","arabic_chain2",TRUE,-0.539757792337164
"Y3P_3733","Arabic",3,1,"ECOLE SIDI ALI","08138V","arabic_chain2",TRUE,0.409913745255844
"Y3P_3745","Arabic",3,1,"ECOLE PRIMAIRE MED BELHASSAN AL OUAZZANI","01633Z","arabic_chain2",TRUE,-0.227844410941677
"Y3P_3801","Arabic",3,1,"ECOLE PRIMAIRE MUSTAPHA EL MAANI","14033C","arabic_chain2",TRUE,0.36093857909719
"Y3P_3804","Arabic",3,1,"IBN BATTOUTA","08086N","arabic_chain2",TRUE,0.636591347617442
"Y3P_3815","Arabic",3,0,"ECOLE PRIMAIRE SOUALEM","14375Z","arabic_chain2",TRUE,-0.091983234043486
"Y3P_3846","Arabic",3,0,"E OUKBA BNOU NAFII","25341U","arabic_chain2",TRUE,-0.721627946537725
"Y3P_3878","Arabic",3,0,"E DRISS BENZAKRI","25969B","arabic_chain2",TRUE,-0.628161597881283
"Y3P_3885","Arabic",3,1,"ECOLE ABDELKRIM EL KHATIB","25823T","arabic_chain2",TRUE,0.033359479026113
"Y3P_3906","Arabic",3,0,"OULED SIDI ABDENNEBI","01738N","arabic_chain2",TRUE,0.149799693066062
"Y3P_3942","Arabic",3,1,"ECOLE PRIMAIRE MOHAMED ZARKTOUNI","24698V","arabic_chain2",TRUE,0.258639487400969
"Y3P_3949","Arabic",3,1,"ECOLE IBRAHIM ROUDANI","23361S","arabic_chain2",TRUE,-0.0919832340434866
"Y3P_3980","Arabic",3,1,"ECOLE PRIMAIRE ENNOUR","26477D","arabic_chain2",TRUE,0.149799693066064
"Y3P_4013","Arabic",3,1,"IBNOU MISSKAWAIHE","27772L","arabic_chain2",TRUE,0.0333594790261139
"Y3P_4018","Arabic",3,0,"AHMED BOUKMAKH","26501E","arabic_chain2",TRUE,-0.028106408414229
"Y3P_4021","Arabic",3,1,"ECOLE ABDELKRIM EL KHATIB","25823T","arabic_chain2",TRUE,-0.376249190492715
"Y3P_4024","Arabic",3,1,"IBNOU MISSKAWAIHE","27772L","arabic_chain2",TRUE,0.678796549127854
"Y3P_4042","Arabic",3,0,"ECOLE PRIMAIRE  ALI BNOU ABITALEB","25998H","arabic_chain2",TRUE,-0.300333092630769
"Y3P_4044","Arabic",3,0,"ECOLE PRIMAIRE  ALI BNOU ABITALEB","25998H","arabic_chain2",TRUE,-0.300333092630766
"Y3P_4095","Arabic",3,0,"EL FALAH","18168X","arabic_chain2",TRUE,-0.300333092630768
"Y3P_4103","Arabic",3,0,"OUM EL BANINE","26368K","arabic_chain2",TRUE,0.636591347617442
"Y3P_4106","Arabic",3,1,"ABDERRAHMANE HJIRA","24457H","arabic_chain2",TRUE,0.09260460011372
"Y3P_4110","Arabic",3,1,"ABDERRAHMANE HJIRA","24457H","arabic_chain2",TRUE,0.25863948740097
"Y3P_4138","Arabic",3,1,"ECOLE MOUAD BEN JABAL","25822S","arabic_chain2",TRUE,0.549250483292409
"Y3P_4150","Arabic",3,1,"ECOLE PRIMAIRE MUSTAPHA EL MAANI","14033C","arabic_chain2",TRUE,-0.628161597881283
"Y3P_4158","Arabic",3,0,"OUM EL BANINE","26368K","arabic_chain2",TRUE,-0.300333092630766
"Y3P_4169","Arabic",3,0,"ECOLE PRIMAIRE OUED AL MAKHAZINE","01623N","arabic_chain2",TRUE,-0.0919832340434861
"Y3P_4172","Arabic",3,0,"ECOLE PRIMAIRE AHL LOUGHLAM CHARKIA","01722W","arabic_chain2",TRUE,-0.300333092630768
"Y3P_4191","Arabic",3,1,"AL FARABI","27200P","arabic_chain2",TRUE,0.360938579097191
"Y3P_4207","Arabic",3,1,"AL FARABI","27200P","arabic_chain2",TRUE,-0.158483342202073
"Y3P_4213","Arabic",3,0,"E OUKBA BNOU NAFII","25341U","arabic_chain2",TRUE,-0.721627946537725
"Y3P_4223","Arabic",3,1,"ECOLE PRIMAIRE IBN AL HAYTAM","24791W","arabic_chain2",TRUE,0.678796549127854
"Y3P_4224","Arabic",3,1,"ECOLE PRIMAIRE IBN AL HAYTAM","24791W","arabic_chain2",TRUE,0.0926046001137207
"Y3P_4232","Arabic",3,0,"E 11 JANVIER","26108C","arabic_chain2",TRUE,0.310548288627659
"Y3P_4238","Arabic",3,1,"EL MAKKI ENNACIRI","27094Z","arabic_chain2",TRUE,0.409913745255844
"Y3P_4252","Arabic",3,0,"ECOLE PRIMAIRE ERHAMNA","01621L","arabic_chain2",TRUE,0.205098433524333
"Y3P_4255","Arabic",3,1,"ECOLE IBN TOUFAIL","27147G","arabic_chain2",TRUE,-0.721627946537725
"Y3P_4283","Arabic",3,1,"ECOLE IBRAHIM ROUDANI","23361S","arabic_chain2",TRUE,-0.227844410941678
"Y3P_4299","Arabic",3,0,"E OUKBA BNOU NAFII","25341U","arabic_chain2",TRUE,0.0926046001137204
"Y3P_4300","Arabic",3,1,"ECOLE MOUAD BEN JABAL","25822S","arabic_chain2",TRUE,0.205098433524334
"Y3P_4318","Arabic",3,1,"IBN BATTOUTA","08086N","arabic_chain2",TRUE,-0.227844410941677
"Y3P_4321","Arabic",3,1,"ECOLE PRIMAIRE MUSTAPHA EL MAANI","14033C","arabic_chain2",TRUE,-0.455930420804697
"Y3P_4326","Arabic",3,0,"E ERRAHMA","20901T","arabic_chain2",TRUE,0.360938579097191
"Y3P_4328","Arabic",3,1,"ECOLE EL KARIA","08207V","arabic_chain2",TRUE,0.258639487400969
"Y3P_4329","Arabic",3,1,"ECOLE EL KARIA","08207V","arabic_chain2",TRUE,-0.539757792337164
"Y3P_4337","Arabic",3,0,"ECOLE PRIMAIRE IBNOU TOFAIL","01625R","arabic_chain2",TRUE,0.310548288627658
"Y3P_4357","Arabic",3,0,"ECOLE PRIMAIRE IBNOU TOFAIL","01625R","arabic_chain2",TRUE,-0.376249190492714
"Y3P_4370","Arabic",3,1,"ECOLE PRIMAIRE MOHAMED ZARKTOUNI","24698V","arabic_chain2",TRUE,-0.300333092630765
"Y3P_4375","Arabic",3,0,"AHMED BOUKMAKH","26501E","arabic_chain2",TRUE,-0.227844410941678
"Y3P_4381","Arabic",3,0,"ECOLE PRIMAIRE ERHAMNA","01621L","arabic_chain2",TRUE,-0.0281064084142296
"Y3P_4382","Arabic",3,0,"ECOLE PRIMAIRE ERHAMNA","01621L","arabic_chain2",TRUE,0.457567983183322
"Y3P_4409","Arabic",3,0,"ABI BAKR ESSADDIK","01727B","arabic_chain2",TRUE,-0.0281064084142287
"Y3P_4416","Arabic",3,1,"ECOLE TIKNI","08099C","arabic_chain2",TRUE,-0.0919832340434859
"Y3P_4418","Arabic",3,1,"ECOLE TIKNI","08099C","arabic_chain2",TRUE,0.503987316660175
"Y3P_4432","Arabic",3,1,"ECOLE IBRAHIM ROUDANI","23361S","arabic_chain2",TRUE,0.205098433524333
"Y3P_4433","Arabic",3,1,"LISSANE EDDINE IBN ALKHATIB","27199N","arabic_chain2",TRUE,-0.0919832340434855
"Y3P_4444","Arabic",3,1,"AL FARABI","27200P","arabic_chain2",TRUE,0.720101737842319
"Y3P_4453","Arabic",3,0,"E HOMMANE EL FETOUAKI","26461L","arabic_chain2",TRUE,0.593429702456392
"Y3P_4474","Arabic",3,0,"EL FALAH","18168X","arabic_chain2",TRUE,-0.15848334220207
"Y3P_4481","Arabic",3,1,"ECOLE PRIMAIRE ENNOUR","26477D","arabic_chain2",TRUE,-0.0281064084142292
"Y3P_4488","Arabic",3,1,"EL MAKKI ENNACIRI","27094Z","arabic_chain2",TRUE,-0.0919832340434856
"Y3P_4498","Arabic",3,0,"ECOLE PRIMAIRE AHL LOUGHLAM CHARKIA","01722W","arabic_chain2",TRUE,0.678796549127853
"Y3P_4511","Arabic",3,1,"IBNOU MISSKAWAIHE","27772L","arabic_chain2",TRUE,-0.0919832340434854
"Y3P_4518","Arabic",3,0,"AHMED BOUKMAKH","26501E","arabic_chain2",TRUE,0.149799693066063
"Y3P_4519","Arabic",3,0,"ECOLE PRIMAIRE ELMARWA","27527V","arabic_chain2",TRUE,-0.300333092630767
"Y3P_4529","Arabic",3,1,"EL MAKKI ENNACIRI","27094Z","arabic_chain2",TRUE,0.503987316660174
"Y3P_4535","Arabic",3,1,"ENNAHDA","18163S","arabic_chain2",TRUE,0.503987316660172
"Y3P_4552","Arabic",3,0,"E HOMMANE EL FETOUAKI","26461L","arabic_chain2",TRUE,0.549250483292411
"Y3P_4553","Arabic",3,0,"E HOMMANE EL FETOUAKI","26461L","arabic_chain2",TRUE,0.678796549127853
"Y3P_4571","Arabic",3,1,"ECOLE PRIMAIRE MED BELHASSAN AL OUAZZANI","01633Z","arabic_chain2",TRUE,-0.158483342202073
"Y3P_4575","Arabic",3,1,"ENNAHDA","18163S","arabic_chain2",TRUE,0.149799693066063
"Y3P_4577","Arabic",3,0,"OULED SIDI ABDENNEBI","01738N","arabic_chain2",TRUE,0.149799693066062
"Y3P_4586","Arabic",3,0,"OUM EL BANINE","26368K","arabic_chain2",TRUE,0.149799693066063
"Y3P_4588","Arabic",3,0,"OUM EL BANINE","26368K","arabic_chain2",TRUE,0.360938579097192
"Y3P_4590","Arabic",3,1,"ECOLE PRIMAIRE MOHAMED ZARKTOUNI","24698V","arabic_chain2",TRUE,-0.455930420804697
"Y3P_4591","Arabic",3,0,"ECOLE PRIMAIRE  EL KODS","01788T","arabic_chain2",TRUE,0.503987316660176
"Y3P_4603","Arabic",3,1,"EL MAKKI ENNACIRI","27094Z","arabic_chain2",TRUE,0.503987316660174
"Y3P_4612","Arabic",3,0,"ECOLE PRIMAIRE  EL KODS","01788T","arabic_chain2",TRUE,0.0926046001137202
"Y3P_4616","Arabic",3,0,"ECOLE PRIMAIRE  EL KODS","01788T","arabic_chain2",TRUE,0.36093857909719
"Y3P_4619","Arabic",3,0,"ECOLE PRIMAIRE ELMARWA","27527V","arabic_chain2",TRUE,0.360938579097191
"Y3P_4621","Arabic",3,1,"ENNAHDA","18163S","arabic_chain2",TRUE,0.457567983183321
"Y3P_4636","Arabic",3,1,"ABDERRAHMANE HJIRA","24457H","arabic_chain2",TRUE,-0.721627946537724
"Y3P_4665","Arabic",3,0,"ECOLE PRIMAIRE AHL LOUGHLAM CHARKIA","01722W","arabic_chain2",TRUE,0.549250483292409
"Y3P_4669","Arabic",3,1,"LISSANE EDDINE IBN ALKHATIB","27199N","arabic_chain2",TRUE,0.205098433524333
"Y3P_4672","Arabic",3,0,"ECOLE PRIMAIRE AHL LOUGHLAM CHARKIA","01722W","arabic_chain2",TRUE,0.549250483292412
"Y3P_4675","Arabic",3,0,"ECOLE PRIMAIRE AHL LOUGHLAM CHARKIA","01722W","arabic_chain2",TRUE,0.360938579097191
"Y3P_4699","Arabic",3,0,"E ERRAHMA","20901T","arabic_chain2",TRUE,0.31054828862766
"Y3P_4721","Arabic",3,1,"ECOLE IBN TOUFAIL","27147G","arabic_chain2",TRUE,-0.227844410941676
"Y3P_4724","Arabic",3,1,"ECOLE OMAR BNOU ALKHATTAB","14019M","arabic_chain2",TRUE,0.593429702456393
"Y3P_4725","Arabic",3,1,"ECOLE OMAR BNOU ALKHATTAB","14019M","arabic_chain2",TRUE,-0.0919832340434853
"Y3P_4729","Arabic",3,1,"ECOLE OMAR BNOU ALKHATTAB","14019M","arabic_chain2",TRUE,0.503987316660173
"Y3P_4740","Arabic",3,1,"ECOLE IBRAHIM ROUDANI","23361S","arabic_chain2",TRUE,0.593429702456389
"Y3P_4772","Arabic",3,1,"LISSANE EDDINE IBN ALKHATIB","27199N","arabic_chain2",TRUE,0.310548288627659
"Y3P_4777","Arabic",3,1,"AL FARABI","27200P","arabic_chain2",TRUE,0.310548288627659
"Y3P_4779","Arabic",3,0,"ECOLE PRIMAIRE ELMARWA","27527V","arabic_chain2",TRUE,-1.15817473435367
"Y3P_4785","Arabic",3,0,"ABI BAKR ESSADDIK","01727B","arabic_chain2",TRUE,-0.376249190492714
"Y3P_4790","Arabic",3,0,"E 11 JANVIER","26108C","arabic_chain2",TRUE,-0.158483342202073
"Y3P_4791","Arabic",3,0,"E 11 JANVIER","26108C","arabic_chain2",TRUE,0.593429702456391
"Y3P_4795","Arabic",3,0,"E 11 JANVIER","26108C","arabic_chain2",TRUE,-0.455930420804698
"Y3P_4823","Arabic",3,0,"ECOLE PRIMAIRE  ALI BNOU ABITALEB","25998H","arabic_chain2",TRUE,0.457567983183324
"Y3P_4828","Arabic",3,1,"ECOLE IBN TOUFAIL","27147G","arabic_chain2",TRUE,0.149799693066062
"Y3P_4852","Arabic",3,0,"AHMED BOUKMAKH","26501E","arabic_chain2",TRUE,0.503987316660175
"Y3P_4858","Arabic",3,0,"ECOLE PRIMAIRE IBNOU TOFAIL","01625R","arabic_chain2",TRUE,0.678796549127851
"Y3P_4859","Arabic",3,0,"ECOLE PRIMAIRE IBNOU TOFAIL","01625R","arabic_chain2",TRUE,-0.376249190492716
"Y3P_4867","Arabic",3,1,"ECOLE ABDELKRIM EL KHATIB","25823T","arabic_chain2",TRUE,0.360938579097192
"Y3P_4874","Arabic",3,0,"OULED SIDI ABDENNEBI","01738N","arabic_chain2",TRUE,0.205098433524334
"Y3P_4881","Arabic",3,0,"OULED SIDI ABDENNEBI","01738N","arabic_chain2",TRUE,0.503987316660177
"Y3P_4885","Arabic",3,0,"E DRISS BENZAKRI","25969B","arabic_chain2",TRUE,0.636591347617443
"Y3P_4887","Arabic",3,0,"E DRISS BENZAKRI","25969B","arabic_chain2",TRUE,0.503987316660174
"Y3P_4898","Arabic",3,1,"ECOLE SIDI ALI","08138V","arabic_chain2",TRUE,0.593429702456393
"Y3P_4915","Arabic",3,0,"ECOLE PRIMAIRE OUED AL MAKHAZINE","01623N","arabic_chain2",TRUE,0.310548288627659
"Y3P_4922","Arabic",3,1,"ECOLE PRIMAIRE IBN AL HAYTAM","24791W","arabic_chain2",TRUE,0.360938579097191
"Y3P_4941","Arabic",3,0,"E OUKBA BNOU NAFII","25341U","arabic_chain2",TRUE,0.360938579097192
"Y3P_4944","Arabic",3,0,"E OUKBA BNOU NAFII","25341U","arabic_chain2",TRUE,-0.376249190492713
"Y3P_4949","Arabic",3,0,"EL FALAH","18168X","arabic_chain2",TRUE,-0.376249190492714
"Y3P_4955","Arabic",3,0,"EL FALAH","18168X","arabic_chain2",TRUE,-0.376249190492714
"Y3P_4957","Arabic",3,0,"MOHAMED ZERKTOUNI","18165U","arabic_chain2",TRUE,0.636591347617445
"Y3P_4963","Arabic",3,0,"ECOLE PRIMAIRE ERHAMNA","01621L","arabic_chain2",TRUE,0.360938579097192
"Y3P_4983","Arabic",3,1,"ECOLE SIDI ALI","08138V","arabic_chain2",TRUE,0.360938579097191
"Y3P_4991","Arabic",3,1,"ECOLE OMAR BNOU ALKHATTAB","14019M","arabic_chain2",TRUE,0.678796549127854
"Y3P_5002","Arabic",3,1,"ECOLE PRIMAIRE MOHAMED ZARKTOUNI","24698V","arabic_chain2",TRUE,0.720101737842319
"Y3P_5004","Arabic",3,1,"ECOLE PRIMAIRE ENNOUR","26477D","arabic_chain2",TRUE,0.593429702456393
"Y3P_5021","Arabic",3,0,"CENTRALE EL AOUNATE","08101E","arabic_chain2",TRUE,-0.227844410941677
"Y3P_5022","Arabic",3,0,"CENTRALE EL AOUNATE","08101E","arabic_chain2",TRUE,0.0333594790261136
"Y3P_5046","Arabic",3,0,"E ERRAHMA","20901T","arabic_chain2",TRUE,0.409913745255845
"Y3P_5050","Arabic",3,0,"E ERRAHMA","20901T","arabic_chain2",TRUE,0.149799693066063
"Y3P_5055","Arabic",3,1,"ECOLE PRIMAIRE ENNOUR","26477D","arabic_chain2",TRUE,0.636591347617444
"Y3P_5074","Arabic",3,0,"ECOLE PRIMAIRE ELMARWA","27527V","arabic_chain2",TRUE,0.310548288627658
"Y3P_5087","Arabic",3,0,"ECOLE PRIMAIRE OUED AL MAKHAZINE","01623N","arabic_chain2",TRUE,-0.628161597881283
"Y3P_5090","Arabic",3,1,"ECOLE PRIMAIRE MED BELHASSAN AL OUAZZANI","01633Z","arabic_chain2",TRUE,0.409913745255845
"Y3P_5093","Arabic",3,1,"ECOLE ABDELKRIM EL KHATIB","25823T","arabic_chain2",TRUE,0.31054828862766
"Y3P_5104","Arabic",3,0,"OULED SIDI ABDENNEBI","01738N","arabic_chain2",TRUE,-0.628161597881283
"Y3P_5113","Arabic",3,1,"IBN BATTOUTA","08086N","arabic_chain2",TRUE,-0.227844410941677
"Y3P_5122","Arabic",3,1,"ECOLE ABDELKRIM EL KHATIB","25823T","arabic_chain2",TRUE,0.636591347617442
"Y3P_5131","Arabic",3,0,"ABI BAKR ESSADDIK","01727B","arabic_chain2",TRUE,-0.539757792337164
"Y3P_5134","Arabic",3,0,"ECOLE PRIMAIRE ERHAMNA","01621L","arabic_chain2",TRUE,-0.0919832340434848
"Y3P_5139","Arabic",3,0,"E DRISS BENZAKRI","25969B","arabic_chain2",TRUE,0.0926046001137213
"Y3P_5143","Arabic",3,1,"ECOLE EL KARIA","08207V","arabic_chain2",TRUE,-0.300333092630767
"Y3P_5168","Arabic",3,1,"ECOLE MOUAD BEN JABAL","25822S","arabic_chain2",TRUE,0.31054828862766
"Y3P_5172","Arabic",3,0,"E ERRAHMA","20901T","arabic_chain2",TRUE,-0.455930420804697
"Y3P_5205","Arabic",3,1,"ABDERRAHMANE HJIRA","24457H","arabic_chain2",TRUE,0.258639487400969
"Y3P_5206","Arabic",3,1,"IBN BATTOUTA","08086N","arabic_chain2",TRUE,0.033359479026113
"Y3P_5237","Arabic",3,1,"ECOLE EL KARIA","08207V","arabic_chain2",TRUE,-0.227844410941677
"Y3P_5256","Arabic",3,0,"ECOLE PRIMAIRE SOUALEM","14375Z","arabic_chain2",TRUE,-0.0919832340434855
"Y3P_5277","Arabic",3,1,"ENNAHDA","18163S","arabic_chain2",TRUE,0.36093857909719
"Y3P_5287","Arabic",3,1,"AL FARABI","27200P","arabic_chain2",TRUE,0.503987316660173
"Y3P_5319","Arabic",3,0,"ECOLE PRIMAIRE SOUALEM","14375Z","arabic_chain2",TRUE,-0.300333092630765
"Y3P_5369","Arabic",3,0,"ECOLE PRIMAIRE OUED AL MAKHAZINE","01623N","arabic_chain2",TRUE,0.0333594790261133
"Y3P_5466","Arabic",3,1,"ECOLE PRIMAIRE MOHAMED ZARKTOUNI","24698V","arabic_chain2",TRUE,0.205098433524334
"Y3P_1304","Arabic",4,0,"ECOLE PRIMAIRE SOUALEM","14375Z","arabic_chain2",TRUE,-1.42463339474992
"Y3P_1448","Arabic",4,1,"ECOLE TIKNI","08099C","arabic_chain2",TRUE,-1.15817473435367
"Y3P_1528","Arabic",4,1,"ECOLE OMAR BNOU ALKHATTAB","14019M","arabic_chain2",TRUE,0.149799693066062
"Y3P_1574","Arabic",4,1,"ECOLE ABDELKRIM EL KHATIB","25823T","arabic_chain2",TRUE,-1.28665979615856
"Y3P_1577","Arabic",4,0,"OUM EL BANINE","26368K","arabic_chain2",TRUE,-0.721627946537725
"Y3P_1578","Arabic",4,0,"OUM EL BANINE","26368K","arabic_chain2",TRUE,-0.628161597881283
"Y3P_1583","Arabic",4,0,"E HOMMANE EL FETOUAKI","26461L","arabic_chain2",TRUE,0.258639487400971
"Y3P_1584","Arabic",4,1,"ECOLE ABDELKRIM EL KHATIB","25823T","arabic_chain2",TRUE,-1.03824460912283
"Y3P_1586","Arabic",4,0,"E HOMMANE EL FETOUAKI","26461L","arabic_chain2",TRUE,0.457567983183322
"Y3P_1592","Arabic",4,0,"EL FALAH","18168X","arabic_chain2",TRUE,-0.820705653808082
"Y3P_1597","Arabic",4,1,"LISSANE EDDINE IBN ALKHATIB","27199N","arabic_chain2",TRUE,0.409913745255844
"Y3P_1651","Arabic",4,1,"ECOLE SIDI ALI","08138V","arabic_chain2",TRUE,0.0926046001137209
"Y3P_1670","Arabic",4,0,"E HOMMANE EL FETOUAKI","26461L","arabic_chain2",TRUE,0.31054828862766
"Y3P_1688","Arabic",4,1,"ECOLE IBRAHIM ROUDANI","23361S","arabic_chain2",TRUE,-0.376249190492717
"Y3P_1701","Arabic",4,1,"ABDERRAHMANE HJIRA","24457H","arabic_chain2",TRUE,0.310548288627658
"Y3P_1704","Arabic",4,0,"ECOLE PRIMAIRE ELMARWA","27527V","arabic_chain2",TRUE,0.636591347617444
"Y3P_1750","Arabic",4,1,"ECOLE TIKNI","08099C","arabic_chain2",TRUE,0.549250483292409
"Y3P_1779","Arabic",4,0,"AHMED BOUKMAKH","26501E","arabic_chain2",TRUE,-0.300333092630768
"Y3P_1790","Arabic",4,0,"ABI BAKR ESSADDIK","01727B","arabic_chain2",TRUE,-0.455930420804699
"Y3P_1804","Arabic",4,1,"ECOLE EL KARIA","08207V","arabic_chain2",TRUE,0.310548288627659
"Y3P_1808","Arabic",4,1,"EL MAKKI ENNACIRI","27094Z","arabic_chain2",TRUE,-0.926013127182204
"Y3P_1826","Arabic",4,0,"ABI BAKR ESSADDIK","01727B","arabic_chain2",TRUE,0.409913745255844
"Y3P_1848","Arabic",4,1,"ECOLE IBRAHIM ROUDANI","23361S","arabic_chain2",TRUE,-0.300333092630767
"Y3P_185","Arabic",4,1,"ABDERRAHMANE HJIRA","24457H","arabic_chain2",TRUE,-0.300333092630767
"Y3P_1853","Arabic",4,0,"E DRISS BENZAKRI","25969B","arabic_chain2",TRUE,-0.628161597881283
"Y3P_1874","Arabic",4,0,"E DRISS BENZAKRI","25969B","arabic_chain2",TRUE,-1.15817473435367
"Y3P_1887","Arabic",4,1,"AL FARABI","27200P","arabic_chain2",TRUE,-0.539757792337165
"Y3P_1898","Arabic",4,1,"LISSANE EDDINE IBN ALKHATIB","27199N","arabic_chain2",TRUE,-0.300333092630767
"Y3P_1899","Arabic",4,1,"ECOLE PRIMAIRE MOHAMED ZARKTOUNI","24698V","arabic_chain2",TRUE,0.0926046001137208
"Y3P_1903","Arabic",4,0,"ECOLE PRIMAIRE IBNOU TOFAIL","01625R","arabic_chain2",TRUE,-1.28665979615856
"Y3P_1906","Arabic",4,0,"E ERRAHMA","20901T","arabic_chain2",TRUE,-0.721627946537725
"Y3P_1951","Arabic",4,0,"CENTRALE EL AOUNATE","08101E","arabic_chain2",TRUE,-0.0919832340434855
"Y3P_1969","Arabic",4,1,"ECOLE PRIMAIRE MED BELHASSAN AL OUAZZANI","01633Z","arabic_chain2",TRUE,-1.28665979615856
"Y3P_2032","Arabic",4,1,"ENNAHDA","18163S","arabic_chain2",TRUE,-0.721627946537725
"Y3P_2168","Arabic",4,0,"ECOLE PRIMAIRE  EL KODS","01788T","arabic_chain2",TRUE,-0.4559304208047
"Y3P_2204","Arabic",4,0,"EL FALAH","18168X","arabic_chain2",TRUE,-1.15817473435367
"Y3P_2274","Arabic",4,0,"ABI BAKR ESSADDIK","01727B","arabic_chain2",TRUE,-0.721627946537725
"Y3P_2290","Arabic",4,1,"ECOLE TIKNI","08099C","arabic_chain2",TRUE,-0.227844410941676
"Y3P_2426","Arabic",4,1,"AL FARABI","27200P","arabic_chain2",TRUE,-0.455930420804699
"Y3P_2509","Arabic",4,1,"ECOLE IBRAHIM ROUDANI","23361S","arabic_chain2",TRUE,0.503987316660174
"Y3P_2512","Arabic",4,0,"OUM EL BANINE","26368K","arabic_chain2",TRUE,-0.628161597881283
"Y3P_2513","Arabic",4,1,"ECOLE ABDELKRIM EL KHATIB","25823T","arabic_chain2",TRUE,0.149799693066064
"Y3P_2517","Arabic",4,0,"EL FALAH","18168X","arabic_chain2",TRUE,0.409913745255844
"Y3P_2560","Arabic",4,1,"IBN BATTOUTA","08086N","arabic_chain2",TRUE,0.258639487400968
"Y3P_2572","Arabic",4,1,"ECOLE PRIMAIRE MUSTAPHA EL MAANI","14033C","arabic_chain2",TRUE,-1.15817473435367
"Y3P_2646","Arabic",4,1,"ECOLE PRIMAIRE IBN AL HAYTAM","24791W","arabic_chain2",TRUE,-0.158483342202072
"Y3P_2657","Arabic",4,1,"ECOLE PRIMAIRE ENNOUR","26477D","arabic_chain2",TRUE,-0.0281064084142285
"Y3P_2689","Arabic",4,1,"ECOLE PRIMAIRE ENNOUR","26477D","arabic_chain2",TRUE,-0.926013127182204
"Y3P_2705","Arabic",4,1,"ECOLE MOUAD BEN JABAL","25822S","arabic_chain2",TRUE,0.31054828862766
"Y3P_2734","Arabic",4,0,"ECOLE PRIMAIRE ERHAMNA","01621L","arabic_chain2",TRUE,-0.926013127182204
"Y3P_2741","Arabic",4,1,"IBNOU MISSKAWAIHE","27772L","arabic_chain2",TRUE,0.720101737842322
"Y3P_2758","Arabic",4,0,"ECOLE PRIMAIRE IBNOU TOFAIL","01625R","arabic_chain2",TRUE,-0.820705653808082
"Y3P_2760","Arabic",4,0,"ECOLE PRIMAIRE IBNOU TOFAIL","01625R","arabic_chain2",TRUE,-0.376249190492718
"Y3P_2774","Arabic",4,1,"ECOLE IBN TOUFAIL","27147G","arabic_chain2",TRUE,-1.28665979615856
"Y3P_2781","Arabic",4,1,"ECOLE IBN TOUFAIL","27147G","arabic_chain2",TRUE,-0.158483342202072
"Y3P_2792","Arabic",4,0,"E ERRAHMA","20901T","arabic_chain2",TRUE,-0.376249190492716
"Y3P_2801","Arabic",4,1,"ECOLE PRIMAIRE MUSTAPHA EL MAANI","14033C","arabic_chain2",TRUE,0.409913745255845
"Y3P_2813","Arabic",4,0,"ECOLE PRIMAIRE SOUALEM","14375Z","arabic_chain2",TRUE,-0.0281064084142286
"Y3P_2817","Arabic",4,1,"EL MAKKI ENNACIRI","27094Z","arabic_chain2",TRUE,-1.15817473435367
"Y3P_2827","Arabic",4,0,"ECOLE PRIMAIRE  ALI BNOU ABITALEB","25998H","arabic_chain2",TRUE,-0.926013127182204
"Y3P_2830","Arabic",4,0,"ABI BAKR ESSADDIK","01727B","arabic_chain2",TRUE,-1.03824460912283
"Y3P_2836","Arabic",4,0,"ECOLE PRIMAIRE  ALI BNOU ABITALEB","25998H","arabic_chain2",TRUE,0.503987316660174
"Y3P_2837","Arabic",4,0,"ECOLE PRIMAIRE  ALI BNOU ABITALEB","25998H","arabic_chain2",TRUE,-0.539757792337165
"Y3P_2840","Arabic",4,1,"ECOLE SIDI ALI","08138V","arabic_chain2",TRUE,0.59342970245639
"Y3P_2860","Arabic",4,0,"ECOLE PRIMAIRE  ALI BNOU ABITALEB","25998H","arabic_chain2",TRUE,0.636591347617444
"Y3P_289","Arabic",4,1,"ECOLE SIDI ALI","08138V","arabic_chain2",TRUE,-0.300333092630767
"Y3P_2894","Arabic",4,0,"E OUKBA BNOU NAFII","25341U","arabic_chain2",TRUE,-0.455930420804699
"Y3P_2895","Arabic",4,0,"E OUKBA BNOU NAFII","25341U","arabic_chain2",TRUE,-0.158483342202072
"Y3P_2896","Arabic",4,1,"ECOLE IBN TOUFAIL","27147G","arabic_chain2",TRUE,-0.926013127182203
"Y3P_2898","Arabic",4,0,"MOHAMED ZERKTOUNI","18165U","arabic_chain2",TRUE,-0.227844410941677
"Y3P_2904","Arabic",4,0,"E 11 JANVIER","26108C","arabic_chain2",TRUE,0.360938579097191
"Y3P_2925","Arabic",4,0,"ECOLE PRIMAIRE ERHAMNA","01621L","arabic_chain2",TRUE,0.149799693066064
"Y3P_2927","Arabic",4,1,"ECOLE PRIMAIRE MUSTAPHA EL MAANI","14033C","arabic_chain2",TRUE,-0.0919832340434856
"Y3P_2982","Arabic",4,1,"ECOLE EL KARIA","08207V","arabic_chain2",TRUE,-0.628161597881284
"Y3P_2987","Arabic",4,0,"AHMED BOUKMAKH","26501E","arabic_chain2",TRUE,-0.539757792337164
"Y3P_2992","Arabic",4,1,"ECOLE PRIMAIRE IBN AL HAYTAM","24791W","arabic_chain2",TRUE,-0.539757792337164
"Y3P_2996","Arabic",4,1,"IBNOU MISSKAWAIHE","27772L","arabic_chain2",TRUE,-1.03824460912283
"Y3P_3020","Arabic",4,1,"ECOLE OMAR BNOU ALKHATTAB","14019M","arabic_chain2",TRUE,0.549250483292409
"Y3P_3033","Arabic",4,1,"ECOLE OMAR BNOU ALKHATTAB","14019M","arabic_chain2",TRUE,-0.820705653808082
"Y3P_3037","Arabic",4,1,"ECOLE OMAR BNOU ALKHATTAB","14019M","arabic_chain2",TRUE,0.092604600113721
"Y3P_3039","Arabic",4,1,"ECOLE PRIMAIRE MED BELHASSAN AL OUAZZANI","01633Z","arabic_chain2",TRUE,-0.0281064084142287
"Y3P_3055","Arabic",4,0,"E ERRAHMA","20901T","arabic_chain2",TRUE,-0.376249190492716
"Y3P_3071","Arabic",4,1,"ECOLE MOUAD BEN JABAL","25822S","arabic_chain2",TRUE,-0.628161597881283
"Y3P_3109","Arabic",4,0,"ECOLE PRIMAIRE  EL KODS","01788T","arabic_chain2",TRUE,0.593429702456394
"Y3P_3153","Arabic",4,0,"ECOLE PRIMAIRE ELMARWA","27527V","arabic_chain2",TRUE,0.310548288627658
"Y3P_3155","Arabic",4,0,"ECOLE PRIMAIRE ELMARWA","27527V","arabic_chain2",TRUE,-0.455930420804698
"Y3P_3166","Arabic",4,0,"ECOLE PRIMAIRE ERHAMNA","01621L","arabic_chain2",TRUE,0.360938579097189
"Y3P_3174","Arabic",4,0,"ECOLE PRIMAIRE  ALI BNOU ABITALEB","25998H","arabic_chain2",TRUE,-1.15817473435367
"Y3P_3180","Arabic",4,1,"ENNAHDA","18163S","arabic_chain2",TRUE,-0.539757792337164
"Y3P_3194","Arabic",4,1,"ABDERRAHMANE HJIRA","24457H","arabic_chain2",TRUE,0.0333594790261147
"Y3P_3203","Arabic",4,0,"ECOLE PRIMAIRE  EL KODS","01788T","arabic_chain2",TRUE,-0.628161597881284
"Y3P_3220","Arabic",4,1,"ECOLE PRIMAIRE ENNOUR","26477D","arabic_chain2",TRUE,0.54925048329241
"Y3P_3284","Arabic",4,1,"ENNAHDA","18163S","arabic_chain2",TRUE,-0.455930420804699
"Y3P_3290","Arabic",4,1,"AL FARABI","27200P","arabic_chain2",TRUE,-0.0281064084142285
"Y3P_3297","Arabic",4,1,"IBN BATTOUTA","08086N","arabic_chain2",TRUE,-0.721627946537725
"Y3P_3317","Arabic",4,1,"IBN BATTOUTA","08086N","arabic_chain2",TRUE,0.59342970245639
"Y3P_3319","Arabic",4,0,"ECOLE PRIMAIRE ERHAMNA","01621L","arabic_chain2",TRUE,-0.158483342202073
"Y3P_3323","Arabic",4,1,"ENNAHDA","18163S","arabic_chain2",TRUE,-1.28665979615856
"Y3P_3334","Arabic",4,0,"E HOMMANE EL FETOUAKI","26461L","arabic_chain2",TRUE,0.457567983183321
"Y3P_3346","Arabic",4,0,"OULED SIDI ABDENNEBI","01738N","arabic_chain2",TRUE,-0.4559304208047
"Y3P_3351","Arabic",4,1,"ECOLE PRIMAIRE MOHAMED ZARKTOUNI","24698V","arabic_chain2",TRUE,0.149799693066063
"Y3P_3352","Arabic",4,1,"ECOLE PRIMAIRE MOHAMED ZARKTOUNI","24698V","arabic_chain2",TRUE,0.409913745255845
"Y3P_3357","Arabic",4,1,"IBN BATTOUTA","08086N","arabic_chain2",TRUE,0.0333594790261139
"Y3P_3361","Arabic",4,1,"ECOLE PRIMAIRE MOHAMED ZARKTOUNI","24698V","arabic_chain2",TRUE,0.360938579097193
"Y3P_3376","Arabic",4,1,"ENNAHDA","18163S","arabic_chain2",TRUE,-0.721627946537725
"Y3P_3380","Arabic",4,0,"E HOMMANE EL FETOUAKI","26461L","arabic_chain2",TRUE,-0.0281064084142289
"Y3P_3383","Arabic",4,0,"OULED SIDI ABDENNEBI","01738N","arabic_chain2",TRUE,0.149799693066062
"Y3P_3385","Arabic",4,0,"ECOLE PRIMAIRE AHL LOUGHLAM CHARKIA","01722W","arabic_chain2",TRUE,0.549250483292408
"Y3P_3395","Arabic",4,0,"ECOLE PRIMAIRE SOUALEM","14375Z","arabic_chain2",TRUE,-1.03824460912283
"Y3P_3405","Arabic",4,0,"OULED SIDI ABDENNEBI","01738N","arabic_chain2",TRUE,-0.0281064084142278
"Y3P_3425","Arabic",4,1,"LISSANE EDDINE IBN ALKHATIB","27199N","arabic_chain2",TRUE,0.503987316660172
"Y3P_3430","Arabic",4,0,"OULED SIDI ABDENNEBI","01738N","arabic_chain2",TRUE,-0.0919832340434858
"Y3P_3437","Arabic",4,0,"ABI BAKR ESSADDIK","01727B","arabic_chain2",TRUE,-1.15817473435367
"Y3P_3464","Arabic",4,0,"CENTRALE EL AOUNATE","08101E","arabic_chain2",TRUE,0.31054828862766
"Y3P_3471","Arabic",4,0,"CENTRALE EL AOUNATE","08101E","arabic_chain2",TRUE,-0.539757792337164
"Y3P_3483","Arabic",4,1,"ECOLE IBN TOUFAIL","27147G","arabic_chain2",TRUE,-1.15817473435367
"Y3P_3501","Arabic",4,1,"ABDERRAHMANE HJIRA","24457H","arabic_chain2",TRUE,-0.539757792337165
"Y3P_3503","Arabic",4,0,"ECOLE PRIMAIRE OUED AL MAKHAZINE","01623N","arabic_chain2",TRUE,0.205098433524334
"Y3P_3510","Arabic",4,0,"ECOLE PRIMAIRE OUED AL MAKHAZINE","01623N","arabic_chain2",TRUE,0.310548288627659
"Y3P_3514","Arabic",4,0,"ECOLE PRIMAIRE OUED AL MAKHAZINE","01623N","arabic_chain2",TRUE,-0.376249190492718
"Y3P_3517","Arabic",4,0,"ECOLE PRIMAIRE OUED AL MAKHAZINE","01623N","arabic_chain2",TRUE,-0.628161597881283
"Y3P_3520","Arabic",4,0,"AHMED BOUKMAKH","26501E","arabic_chain2",TRUE,0.503987316660174
"Y3P_3536","Arabic",4,1,"ECOLE IBRAHIM ROUDANI","23361S","arabic_chain2",TRUE,0.720101737842322
"Y3P_3537","Arabic",4,1,"EL MAKKI ENNACIRI","27094Z","arabic_chain2",TRUE,0.0333594790261141
"Y3P_3544","Arabic",4,1,"ECOLE IBRAHIM ROUDANI","23361S","arabic_chain2",TRUE,0.409913745255845
"Y3P_3551","Arabic",4,0,"ECOLE PRIMAIRE  EL KODS","01788T","arabic_chain2",TRUE,-0.539757792337164
"Y3P_3555","Arabic",4,0,"ECOLE PRIMAIRE  EL KODS","01788T","arabic_chain2",TRUE,-0.926013127182204
"Y3P_3559","Arabic",4,0,"E OUKBA BNOU NAFII","25341U","arabic_chain2",TRUE,-0.158483342202072
"Y3P_3562","Arabic",4,0,"E OUKBA BNOU NAFII","25341U","arabic_chain2",TRUE,0.0926046001137201
"Y3P_3580","Arabic",4,1,"IBNOU MISSKAWAIHE","27772L","arabic_chain2",TRUE,0.503987316660174
"Y3P_3583","Arabic",4,0,"E OUKBA BNOU NAFII","25341U","arabic_chain2",TRUE,-0.628161597881283
"Y3P_3585","Arabic",4,0,"MOHAMED ZERKTOUNI","18165U","arabic_chain2",TRUE,-1.15817473435367
"Y3P_3587","Arabic",4,0,"MOHAMED ZERKTOUNI","18165U","arabic_chain2",TRUE,0.205098433524334
"Y3P_3600","Arabic",4,0,"AHMED BOUKMAKH","26501E","arabic_chain2",TRUE,0.0926046001137207
"Y3P_3604","Arabic",4,1,"LISSANE EDDINE IBN ALKHATIB","27199N","arabic_chain2",TRUE,-0.455930420804698
"Y3P_3610","Arabic",4,1,"ECOLE PRIMAIRE ENNOUR","26477D","arabic_chain2",TRUE,-0.0919832340434841
"Y3P_3624","Arabic",4,1,"ECOLE ABDELKRIM EL KHATIB","25823T","arabic_chain2",TRUE,-0.376249190492716
"Y3P_3642","Arabic",4,0,"E 11 JANVIER","26108C","arabic_chain2",TRUE,-0.0281064084142292
"Y3P_3643","Arabic",4,0,"E 11 JANVIER","26108C","arabic_chain2",TRUE,-1.28665979615856
"Y3P_3645","Arabic",4,0,"E 11 JANVIER","26108C","arabic_chain2",TRUE,-1.15817473435367
"Y3P_3652","Arabic",4,0,"E 11 JANVIER","26108C","arabic_chain2",TRUE,-0.721627946537724
"Y3P_3657","Arabic",4,0,"ECOLE PRIMAIRE IBNOU TOFAIL","01625R","arabic_chain2",TRUE,0.31054828862766
"Y3P_3669","Arabic",4,0,"ECOLE PRIMAIRE IBNOU TOFAIL","01625R","arabic_chain2",TRUE,-0.628161597881283
"Y3P_3678","Arabic",4,0,"ECOLE PRIMAIRE AHL LOUGHLAM CHARKIA","01722W","arabic_chain2",TRUE,0.205098433524333
"Y3P_3679","Arabic",4,0,"ECOLE PRIMAIRE AHL LOUGHLAM CHARKIA","01722W","arabic_chain2",TRUE,-0.300333092630766
"Y3P_3681","Arabic",4,0,"ECOLE PRIMAIRE AHL LOUGHLAM CHARKIA","01722W","arabic_chain2",TRUE,0.409913745255846
"Y3P_3689","Arabic",4,0,"ECOLE PRIMAIRE AHL LOUGHLAM CHARKIA","01722W","arabic_chain2",TRUE,0.678796549127855
"Y3P_3692","Arabic",4,1,"ECOLE MOUAD BEN JABAL","25822S","arabic_chain2",TRUE,0.636591347617443
"Y3P_3693","Arabic",4,1,"ECOLE MOUAD BEN JABAL","25822S","arabic_chain2",TRUE,0.310548288627659
"Y3P_3697","Arabic",4,1,"ECOLE MOUAD BEN JABAL","25822S","arabic_chain2",TRUE,0.0333594790261142
"Y3P_3710","Arabic",4,1,"ECOLE EL KARIA","08207V","arabic_chain2",TRUE,-0.455930420804701
"Y3P_3715","Arabic",4,1,"ECOLE TIKNI","08099C","arabic_chain2",TRUE,0.360938579097191
"Y3P_3726","Arabic",4,1,"ECOLE PRIMAIRE MED BELHASSAN AL OUAZZANI","01633Z","arabic_chain2",TRUE,0.149799693066062
"Y3P_3748","Arabic",4,1,"ECOLE PRIMAIRE MED BELHASSAN AL OUAZZANI","01633Z","arabic_chain2",TRUE,0.360938579097192
"Y3P_3753","Arabic",4,1,"ECOLE PRIMAIRE MED BELHASSAN AL OUAZZANI","01633Z","arabic_chain2",TRUE,-0.158483342202072
"Y3P_3759","Arabic",4,1,"EL MAKKI ENNACIRI","27094Z","arabic_chain2",TRUE,-0.926013127182204
"Y3P_3762","Arabic",4,0,"ECOLE PRIMAIRE OUED AL MAKHAZINE","01623N","arabic_chain2",TRUE,-1.42463339474992
"Y3P_3769","Arabic",4,1,"ECOLE EL KARIA","08207V","arabic_chain2",TRUE,0.360938579097191
"Y3P_3777","Arabic",4,1,"ECOLE OMAR BNOU ALKHATTAB","14019M","arabic_chain2",TRUE,0.149799693066062
"Y3P_3806","Arabic",4,1,"ECOLE SIDI ALI","08138V","arabic_chain2",TRUE,0.678796549127855
"Y3P_3808","Arabic",4,0,"AHMED BOUKMAKH","26501E","arabic_chain2",TRUE,-1.42463339474992
"Y3P_3817","Arabic",4,0,"E DRISS BENZAKRI","25969B","arabic_chain2",TRUE,-0.376249190492717
"Y3P_3827","Arabic",4,1,"ECOLE TIKNI","08099C","arabic_chain2",TRUE,0.409913745255846
"Y3P_3831","Arabic",4,1,"ECOLE PRIMAIRE IBN AL HAYTAM","24791W","arabic_chain2",TRUE,0.258639487400969
"Y3P_3842","Arabic",4,0,"ECOLE PRIMAIRE ELMARWA","27527V","arabic_chain2",TRUE,-1.15817473435367
"Y3P_3862","Arabic",4,0,"OUM EL BANINE","26368K","arabic_chain2",TRUE,0.258639487400971
"Y3P_3865","Arabic",4,0,"EL FALAH","18168X","arabic_chain2",TRUE,-0.227844410941677
"Y3P_3876","Arabic",4,1,"AL FARABI","27200P","arabic_chain2",TRUE,-0.376249190492717
"Y3P_3881","Arabic",4,0,"E ERRAHMA","20901T","arabic_chain2",TRUE,-0.820705653808082
"Y3P_3883","Arabic",4,1,"ECOLE ABDELKRIM EL KHATIB","25823T","arabic_chain2",TRUE,0.360938579097192
"Y3P_3915","Arabic",4,0,"ECOLE PRIMAIRE ELMARWA","27527V","arabic_chain2",TRUE,-0.300333092630767
"Y3P_3934","Arabic",4,0,"OUM EL BANINE","26368K","arabic_chain2",TRUE,-0.721627946537725
"Y3P_3936","Arabic",4,1,"IBN BATTOUTA","08086N","arabic_chain2",TRUE,-0.539757792337165
"Y3P_3938","Arabic",4,0,"E ERRAHMA","20901T","arabic_chain2",TRUE,-0.0919832340434858
"Y3P_3943","Arabic",4,0,"ECOLE PRIMAIRE SOUALEM","14375Z","arabic_chain2",TRUE,0.54925048329241
"Y3P_3960","Arabic",4,0,"E DRISS BENZAKRI","25969B","arabic_chain2",TRUE,-0.926013127182205
"Y3P_3967","Arabic",4,1,"ECOLE PRIMAIRE MOHAMED ZARKTOUNI","24698V","arabic_chain2",TRUE,0.720101737842322
"Y3P_3972","Arabic",4,1,"ABDERRAHMANE HJIRA","24457H","arabic_chain2",TRUE,-0.0919832340434858
"Y3P_3981","Arabic",4,0,"CENTRALE EL AOUNATE","08101E","arabic_chain2",TRUE,-1.42463339474992
"Y3P_4002","Arabic",4,0,"OULED SIDI ABDENNEBI","01738N","arabic_chain2",TRUE,-0.300333092630767
"Y3P_4041","Arabic",4,0,"CENTRALE EL AOUNATE","08101E","arabic_chain2",TRUE,-1.03824460912283
"Y3P_4062","Arabic",4,0,"MOHAMED ZERKTOUNI","18165U","arabic_chain2",TRUE,0.0926046001137212
"Y3P_4063","Arabic",4,1,"EL MAKKI ENNACIRI","27094Z","arabic_chain2",TRUE,-0.376249190492717
"Y3P_4069","Arabic",4,1,"IBNOU MISSKAWAIHE","27772L","arabic_chain2",TRUE,0.360938579097192
"Y3P_4090","Arabic",4,0,"MOHAMED ZERKTOUNI","18165U","arabic_chain2",TRUE,0.0333594790261143
"Y3P_4122","Arabic",4,1,"IBNOU MISSKAWAIHE","27772L","arabic_chain2",TRUE,-0.300333092630766
"Y3P_4209","Arabic",4,1,"AL FARABI","27200P","arabic_chain2",TRUE,0.205098433524333
"Y3P_4334","Arabic",4,0,"ECOLE PRIMAIRE ERHAMNA","01621L","arabic_chain2",TRUE,-0.820705653808082
"Y3P_4350","Arabic",4,1,"ECOLE PRIMAIRE IBN AL HAYTAM","24791W","arabic_chain2",TRUE,0.720101737842322
"Y3P_4374","Arabic",4,0,"E DRISS BENZAKRI","25969B","arabic_chain2",TRUE,-0.539757792337164
"Y3P_4387","Arabic",4,0,"ECOLE PRIMAIRE SOUALEM","14375Z","arabic_chain2",TRUE,-1.03824460912283
"Y3P_4494","Arabic",4,1,"ECOLE PRIMAIRE IBN AL HAYTAM","24791W","arabic_chain2",TRUE,0.80021705580612
"Y3P_580","Arabic",4,0,"EL FALAH","18168X","arabic_chain2",TRUE,-1.03824460912283
"Y3P_586","Arabic",4,1,"ECOLE IBN TOUFAIL","27147G","arabic_chain2",TRUE,-0.820705653808082
"Y3P_589","Arabic",4,1,"ECOLE PRIMAIRE MUSTAPHA EL MAANI","14033C","arabic_chain2",TRUE,0.205098433524333
"Y3P_612","Arabic",4,1,"ECOLE PRIMAIRE ENNOUR","26477D","arabic_chain2",TRUE,-0.926013127182203
"Y3P_625","Arabic",4,1,"ECOLE SIDI ALI","08138V","arabic_chain2",TRUE,-0.455930420804699
"Y3P_657","Arabic",4,1,"ECOLE PRIMAIRE MUSTAPHA EL MAANI","14033C","arabic_chain2",TRUE,-0.300333092630767
"Y3P_781","Arabic",4,1,"LISSANE EDDINE IBN ALKHATIB","27199N","arabic_chain2",TRUE,-0.158483342202073
"Y3P_98","Arabic",4,1,"ECOLE EL KARIA","08207V","arabic_chain2",TRUE,-0.227844410941676
"Y1_41575","Arabic",5,1,"ECOLE PRIMAIRE ENNOUR","26477D","arabic_chain2",TRUE,0.360938579097193
"Y3P_1003","Arabic",5,0,"ECOLE PRIMAIRE  EL KODS","01788T","arabic_chain2",TRUE,-0.455930420804698
"Y3P_1008","Arabic",5,0,"E HOMMANE EL FETOUAKI","26461L","arabic_chain2",TRUE,-1.03824460912283
"Y3P_1065","Arabic",5,1,"ECOLE TIKNI","08099C","arabic_chain2",TRUE,0.409913745255846
"Y3P_1068","Arabic",5,1,"ECOLE TIKNI","08099C","arabic_chain2",TRUE,0.409913745255846
"Y3P_1116","Arabic",5,1,"ECOLE SIDI ALI","08138V","arabic_chain2",TRUE,0.59342970245639
"Y3P_1136","Arabic",5,1,"ENNAHDA","18163S","arabic_chain2",TRUE,0.503987316660175
"Y3P_1155","Arabic",5,0,"OULED SIDI ABDENNEBI","01738N","arabic_chain2",TRUE,-1.03824460912283
"Y3P_1234","Arabic",5,1,"ECOLE PRIMAIRE ENNOUR","26477D","arabic_chain2",TRUE,0.205098433524334
"Y3P_1338","Arabic",5,1,"ECOLE PRIMAIRE MOHAMED ZARKTOUNI","24698V","arabic_chain2",TRUE,0.360938579097192
"Y3P_1346","Arabic",5,0,"CENTRALE EL AOUNATE","08101E","arabic_chain2",TRUE,-1.42463339474992
"Y3P_1348","Arabic",5,0,"AHMED BOUKMAKH","26501E","arabic_chain2",TRUE,-1.15817473435367
"Y3P_140","Arabic",5,0,"AHMED BOUKMAKH","26501E","arabic_chain2",TRUE,-0.628161597881284
"Y3P_1424","Arabic",5,1,"ECOLE PRIMAIRE MUSTAPHA EL MAANI","14033C","arabic_chain2",TRUE,-0.820705653808083
"Y3P_1441","Arabic",5,1,"ECOLE PRIMAIRE ENNOUR","26477D","arabic_chain2",TRUE,0.636591347617442
"Y3P_1458","Arabic",5,1,"EL MAKKI ENNACIRI","27094Z","arabic_chain2",TRUE,0.205098433524334
"Y3P_1464","Arabic",5,1,"ECOLE OMAR BNOU ALKHATTAB","14019M","arabic_chain2",TRUE,-0.926013127182204
"Y3P_1525","Arabic",5,1,"ECOLE IBN TOUFAIL","27147G","arabic_chain2",TRUE,0.503987316660175
"Y3P_1552","Arabic",5,1,"LISSANE EDDINE IBN ALKHATIB","27199N","arabic_chain2",TRUE,-0.158483342202072
"Y3P_1554","Arabic",5,0,"CENTRALE EL AOUNATE","08101E","arabic_chain2",TRUE,-0.227844410941677
"Y3P_1555","Arabic",5,1,"LISSANE EDDINE IBN ALKHATIB","27199N","arabic_chain2",TRUE,0.360938579097195
"Y3P_157","Arabic",5,1,"LISSANE EDDINE IBN ALKHATIB","27199N","arabic_chain2",TRUE,-0.300333092630767
"Y3P_1570","Arabic",5,1,"ABDERRAHMANE HJIRA","24457H","arabic_chain2",TRUE,0.149799693066063
"Y3P_1601","Arabic",5,0,"ECOLE PRIMAIRE  ALI BNOU ABITALEB","25998H","arabic_chain2",TRUE,0.310548288627661
"Y3P_1603","Arabic",5,0,"ECOLE PRIMAIRE OUED AL MAKHAZINE","01623N","arabic_chain2",TRUE,0.360938579097193
"Y3P_1610","Arabic",5,0,"ECOLE PRIMAIRE ERHAMNA","01621L","arabic_chain2",TRUE,-0.376249190492716
"Y3P_1634","Arabic",5,0,"E 11 JANVIER","26108C","arabic_chain2",TRUE,-1.28665979615856
"Y3P_1635","Arabic",5,0,"ECOLE PRIMAIRE ELMARWA","27527V","arabic_chain2",TRUE,0.72010173784232
"Y3P_1638","Arabic",5,0,"OUM EL BANINE","26368K","arabic_chain2",TRUE,-0.0281064084142288
"Y3P_1639","Arabic",5,1,"IBNOU MISSKAWAIHE","27772L","arabic_chain2",TRUE,-0.0281064084142291
"Y3P_1642","Arabic",5,0,"CENTRALE EL AOUNATE","08101E","arabic_chain2",TRUE,-0.455930420804699
"Y3P_1674","Arabic",5,0,"ECOLE PRIMAIRE ELMARWA","27527V","arabic_chain2",TRUE,-0.376249190492716
"Y3P_1677","Arabic",5,1,"ECOLE SIDI ALI","08138V","arabic_chain2",TRUE,0.678796549127853
"Y3P_1679","Arabic",5,0,"E 11 JANVIER","26108C","arabic_chain2",TRUE,-0.0919832340434868
"Y3P_1689","Arabic",5,0,"E 11 JANVIER","26108C","arabic_chain2",TRUE,0.205098433524335
"Y3P_1702","Arabic",5,0,"ECOLE PRIMAIRE SOUALEM","14375Z","arabic_chain2",TRUE,-1.03824460912283
"Y3P_1772","Arabic",5,0,"E DRISS BENZAKRI","25969B","arabic_chain2",TRUE,0.59342970245639
"Y3P_1803","Arabic",5,1,"ECOLE PRIMAIRE MED BELHASSAN AL OUAZZANI","01633Z","arabic_chain2",TRUE,0.72010173784232
"Y3P_1810","Arabic",5,0,"ABI BAKR ESSADDIK","01727B","arabic_chain2",TRUE,-0.820705653808083
"Y3P_1852","Arabic",5,0,"E OUKBA BNOU NAFII","25341U","arabic_chain2",TRUE,0.636591347617441
"Y3P_1861","Arabic",5,0,"ECOLE PRIMAIRE OUED AL MAKHAZINE","01623N","arabic_chain2",TRUE,0.258639487400971
"Y3P_1865","Arabic",5,0,"E DRISS BENZAKRI","25969B","arabic_chain2",TRUE,-0.300333092630767
"Y3P_1869","Arabic",5,0,"E ERRAHMA","20901T","arabic_chain2",TRUE,0.149799693066063
"Y3P_1886","Arabic",5,1,"ECOLE PRIMAIRE MOHAMED ZARKTOUNI","24698V","arabic_chain2",TRUE,0.549250483292408
"Y3P_189","Arabic",5,1,"ABDERRAHMANE HJIRA","24457H","arabic_chain2",TRUE,-0.455930420804698
"Y3P_1892","Arabic",5,0,"ABI BAKR ESSADDIK","01727B","arabic_chain2",TRUE,-0.376249190492717
"Y3P_1911","Arabic",5,0,"EL FALAH","18168X","arabic_chain2",TRUE,-0.455930420804698
"Y3P_1925","Arabic",5,0,"OULED SIDI ABDENNEBI","01738N","arabic_chain2",TRUE,-1.28665979615856
"Y3P_1926","Arabic",5,0,"OULED SIDI ABDENNEBI","01738N","arabic_chain2",TRUE,-1.15817473435367
"Y3P_1949","Arabic",5,0,"CENTRALE EL AOUNATE","08101E","arabic_chain2",TRUE,-0.158483342202072
"Y3P_1958","Arabic",5,1,"ECOLE PRIMAIRE MED BELHASSAN AL OUAZZANI","01633Z","arabic_chain2",TRUE,-0.028106408414229
"Y3P_1961","Arabic",5,1,"ECOLE PRIMAIRE MED BELHASSAN AL OUAZZANI","01633Z","arabic_chain2",TRUE,-0.0281064084142289
"Y3P_1985","Arabic",5,0,"OULED SIDI ABDENNEBI","01738N","arabic_chain2",TRUE,-0.820705653808083
"Y3P_1992","Arabic",5,0,"ECOLE PRIMAIRE  EL KODS","01788T","arabic_chain2",TRUE,0.205098433524334
"Y3P_2003","Arabic",5,1,"ECOLE ABDELKRIM EL KHATIB","25823T","arabic_chain2",TRUE,0.503987316660176
"Y3P_2007","Arabic",5,1,"ECOLE ABDELKRIM EL KHATIB","25823T","arabic_chain2",TRUE,0.593429702456391
"Y3P_2009","Arabic",5,1,"ECOLE ABDELKRIM EL KHATIB","25823T","arabic_chain2",TRUE,-0.539757792337165
"Y3P_2012","Arabic",5,1,"ENNAHDA","18163S","arabic_chain2",TRUE,0.258639487400971
"Y3P_2018","Arabic",5,0,"E 11 JANVIER","26108C","arabic_chain2",TRUE,0.258639487400971
"Y3P_2025","Arabic",5,1,"ENNAHDA","18163S","arabic_chain2",TRUE,0.205098433524335
"Y3P_2035","Arabic",5,1,"ECOLE PRIMAIRE MUSTAPHA EL MAANI","14033C","arabic_chain2",TRUE,-0.0919832340434861
"Y3P_2036","Arabic",5,1,"ECOLE PRIMAIRE MUSTAPHA EL MAANI","14033C","arabic_chain2",TRUE,0.360938579097195
"Y3P_2040","Arabic",5,1,"ENNAHDA","18163S","arabic_chain2",TRUE,0.205098433524334
"Y3P_2045","Arabic",5,0,"ECOLE PRIMAIRE AHL LOUGHLAM CHARKIA","01722W","arabic_chain2",TRUE,0.310548288627661
"Y3P_2072","Arabic",5,1,"ECOLE PRIMAIRE MOHAMED ZARKTOUNI","24698V","arabic_chain2",TRUE,-1.15817473435367
"Y3P_2074","Arabic",5,1,"ECOLE PRIMAIRE MOHAMED ZARKTOUNI","24698V","arabic_chain2",TRUE,0.59342970245639
"Y3P_2079","Arabic",5,1,"ECOLE PRIMAIRE MOHAMED ZARKTOUNI","24698V","arabic_chain2",TRUE,0.503987316660174
"Y3P_2083","Arabic",5,0,"E HOMMANE EL FETOUAKI","26461L","arabic_chain2",TRUE,-0.0919832340434863
"Y3P_2089","Arabic",5,1,"LISSANE EDDINE IBN ALKHATIB","27199N","arabic_chain2",TRUE,-0.300333092630767
"Y3P_2101","Arabic",5,0,"ECOLE PRIMAIRE AHL LOUGHLAM CHARKIA","01722W","arabic_chain2",TRUE,0.549250483292408
"Y3P_2103","Arabic",5,0,"ECOLE PRIMAIRE AHL LOUGHLAM CHARKIA","01722W","arabic_chain2",TRUE,0.258639487400972
"Y3P_2110","Arabic",5,0,"ECOLE PRIMAIRE AHL LOUGHLAM CHARKIA","01722W","arabic_chain2",TRUE,0.205098433524334
"Y3P_2113","Arabic",5,0,"ECOLE PRIMAIRE AHL LOUGHLAM CHARKIA","01722W","arabic_chain2",TRUE,0.31054828862766
"Y3P_2116","Arabic",5,1,"ECOLE IBRAHIM ROUDANI","23361S","arabic_chain2",TRUE,0.31054828862766
"Y3P_2118","Arabic",5,1,"ECOLE IBRAHIM ROUDANI","23361S","arabic_chain2",TRUE,0.31054828862766
"Y3P_2130","Arabic",5,0,"E ERRAHMA","20901T","arabic_chain2",TRUE,-0.0919832340434862
"Y3P_2141","Arabic",5,0,"E 11 JANVIER","26108C","arabic_chain2",TRUE,-0.0919832340434863
"Y3P_2148","Arabic",5,0,"E DRISS BENZAKRI","25969B","arabic_chain2",TRUE,0.0926046001137214
"Y3P_2151","Arabic",5,0,"E DRISS BENZAKRI","25969B","arabic_chain2",TRUE,0.457567983183323
"Y3P_2156","Arabic",5,0,"ECOLE PRIMAIRE  EL KODS","01788T","arabic_chain2",TRUE,0.205098433524336
"Y3P_2157","Arabic",5,0,"ECOLE PRIMAIRE  EL KODS","01788T","arabic_chain2",TRUE,-0.721627946537726
"Y3P_2162","Arabic",5,0,"E DRISS BENZAKRI","25969B","arabic_chain2",TRUE,-0.455930420804699
"Y3P_2171","Arabic",5,1,"ECOLE IBRAHIM ROUDANI","23361S","arabic_chain2",TRUE,0.360938579097193
"Y3P_2173","Arabic",5,0,"OUM EL BANINE","26368K","arabic_chain2",TRUE,0.72010173784232
"Y3P_2183","Arabic",5,1,"ECOLE MOUAD BEN JABAL","25822S","arabic_chain2",TRUE,0.205098433524334
"Y3P_2184","Arabic",5,1,"ECOLE MOUAD BEN JABAL","25822S","arabic_chain2",TRUE,0.549250483292409
"Y3P_2199","Arabic",5,0,"ECOLE PRIMAIRE  ALI BNOU ABITALEB","25998H","arabic_chain2",TRUE,-0.300333092630767
"Y3P_22","Arabic",5,1,"ABDERRAHMANE HJIRA","24457H","arabic_chain2",TRUE,-0.721627946537725
"Y3P_2207","Arabic",5,0,"EL FALAH","18168X","arabic_chain2",TRUE,-0.0281064084142292
"Y3P_2213","Arabic",5,1,"ECOLE PRIMAIRE ENNOUR","26477D","arabic_chain2",TRUE,0.457567983183322
"Y3P_2219","Arabic",5,0,"OUM EL BANINE","26368K","arabic_chain2",TRUE,0.636591347617442
"Y3P_2227","Arabic",5,0,"OUM EL BANINE","26368K","arabic_chain2",TRUE,0.25863948740097
"Y3P_2228","Arabic",5,1,"EL MAKKI ENNACIRI","27094Z","arabic_chain2",TRUE,0.59342970245639
"Y3P_223","Arabic",5,0,"ECOLE PRIMAIRE OUED AL MAKHAZINE","01623N","arabic_chain2",TRUE,-0.0919832340434873
"Y3P_2230","Arabic",5,0,"AHMED BOUKMAKH","26501E","arabic_chain2",TRUE,0.76055911752885
"Y3P_2232","Arabic",5,1,"ECOLE PRIMAIRE IBN AL HAYTAM","24791W","arabic_chain2",TRUE,0.0333594790261137
"Y3P_2237","Arabic",5,1,"ECOLE IBRAHIM ROUDANI","23361S","arabic_chain2",TRUE,0.678796549127854
"Y3P_2245","Arabic",5,1,"ECOLE OMAR BNOU ALKHATTAB","14019M","arabic_chain2",TRUE,-0.158483342202073
"Y3P_2253","Arabic",5,1,"ECOLE IBN TOUFAIL","27147G","arabic_chain2",TRUE,-0.455930420804699
"Y3P_2259","Arabic",5,0,"ABI BAKR ESSADDIK","01727B","arabic_chain2",TRUE,-0.926013127182204
"Y3P_2276","Arabic",5,0,"AHMED BOUKMAKH","26501E","arabic_chain2",TRUE,-0.539757792337165
"Y3P_2283","Arabic",5,1,"IBN BATTOUTA","08086N","arabic_chain2",TRUE,0.549250483292409
"Y3P_2300","Arabic",5,1,"IBN BATTOUTA","08086N","arabic_chain2",TRUE,-0.227844410941676
"Y3P_2302","Arabic",5,1,"AL FARABI","27200P","arabic_chain2",TRUE,-0.227844410941676
"Y3P_2308","Arabic",5,1,"IBN BATTOUTA","08086N","arabic_chain2",TRUE,0.503987316660173
"Y3P_2311","Arabic",5,1,"ABDERRAHMANE HJIRA","24457H","arabic_chain2",TRUE,0.503987316660175
"Y3P_2321","Arabic",5,0,"ECOLE PRIMAIRE SOUALEM","14375Z","arabic_chain2",TRUE,0.503987316660174
"Y3P_2324","Arabic",5,0,"ECOLE PRIMAIRE SOUALEM","14375Z","arabic_chain2",TRUE,0.549250483292409
"Y3P_2331","Arabic",5,0,"ECOLE PRIMAIRE SOUALEM","14375Z","arabic_chain2",TRUE,-0.926013127182205
"Y3P_2337","Arabic",5,0,"ECOLE PRIMAIRE SOUALEM","14375Z","arabic_chain2",TRUE,-1.03824460912283
"Y3P_2355","Arabic",5,0,"ECOLE PRIMAIRE ERHAMNA","01621L","arabic_chain2",TRUE,0.0926046001137208
"Y3P_2356","Arabic",5,0,"ECOLE PRIMAIRE ERHAMNA","01621L","arabic_chain2",TRUE,0.258639487400971
"Y3P_2357","Arabic",5,0,"ECOLE PRIMAIRE ERHAMNA","01621L","arabic_chain2",TRUE,0.549250483292408
"Y3P_2377","Arabic",5,1,"ECOLE OMAR BNOU ALKHATTAB","14019M","arabic_chain2",TRUE,-0.0281064084142293
"Y3P_2388","Arabic",5,1,"ECOLE OMAR BNOU ALKHATTAB","14019M","arabic_chain2",TRUE,-1.15817473435367
"Y3P_2403","Arabic",5,1,"AL FARABI","27200P","arabic_chain2",TRUE,0.360938579097192
"Y3P_2415","Arabic",5,0,"ECOLE PRIMAIRE IBNOU TOFAIL","01625R","arabic_chain2",TRUE,-0.455930420804698
"Y3P_2422","Arabic",5,0,"ECOLE PRIMAIRE IBNOU TOFAIL","01625R","arabic_chain2",TRUE,0.72010173784232
"Y3P_2434","Arabic",5,0,"ECOLE PRIMAIRE  ALI BNOU ABITALEB","25998H","arabic_chain2",TRUE,0.720101737842321
"Y3P_2435","Arabic",5,0,"ECOLE PRIMAIRE  EL KODS","01788T","arabic_chain2",TRUE,0.360938579097192
"Y3P_2451","Arabic",5,0,"E OUKBA BNOU NAFII","25341U","arabic_chain2",TRUE,-0.0919832340434859
"Y3P_2455","Arabic",5,0,"E OUKBA BNOU NAFII","25341U","arabic_chain2",TRUE,0.593429702456389
"Y3P_2476","Arabic",5,0,"MOHAMED ZERKTOUNI","18165U","arabic_chain2",TRUE,-0.628161597881284
"Y3P_2477","Arabic",5,0,"E HOMMANE EL FETOUAKI","26461L","arabic_chain2",TRUE,-0.376249190492716
"Y3P_2481","Arabic",5,0,"ECOLE PRIMAIRE OUED AL MAKHAZINE","01623N","arabic_chain2",TRUE,0.0926046001137218
"Y3P_2484","Arabic",5,0,"ECOLE PRIMAIRE OUED AL MAKHAZINE","01623N","arabic_chain2",TRUE,0.457567983183324
"Y3P_2485","Arabic",5,0,"E OUKBA BNOU NAFII","25341U","arabic_chain2",TRUE,-0.227844410941676
"Y3P_2490","Arabic",5,1,"AL FARABI","27200P","arabic_chain2",TRUE,0.360938579097192
"Y3P_2491","Arabic",5,1,"IBNOU MISSKAWAIHE","27772L","arabic_chain2",TRUE,0.205098433524335
"Y3P_2500","Arabic",5,1,"ECOLE PRIMAIRE MUSTAPHA EL MAANI","14033C","arabic_chain2",TRUE,-0.227844410941677
"Y3P_2522","Arabic",5,1,"ECOLE SIDI ALI","08138V","arabic_chain2",TRUE,0.59342970245639
"Y3P_2528","Arabic",5,1,"ECOLE TIKNI","08099C","arabic_chain2",TRUE,0.205098433524334
"Y3P_2531","Arabic",5,1,"ECOLE TIKNI","08099C","arabic_chain2",TRUE,0.258639487400971
"Y3P_2533","Arabic",5,1,"ECOLE TIKNI","08099C","arabic_chain2",TRUE,0.457567983183323
"Y3P_2547","Arabic",5,1,"ECOLE MOUAD BEN JABAL","25822S","arabic_chain2",TRUE,0.360938579097193
"Y3P_2565","Arabic",5,1,"IBNOU MISSKAWAIHE","27772L","arabic_chain2",TRUE,0.409913745255848
"Y3P_2566","Arabic",5,1,"IBNOU MISSKAWAIHE","27772L","arabic_chain2",TRUE,0.409913745255847
"Y3P_2568","Arabic",5,0,"E ERRAHMA","20901T","arabic_chain2",TRUE,0.409913745255848
"Y3P_2574","Arabic",5,1,"IBNOU MISSKAWAIHE","27772L","arabic_chain2",TRUE,0.678796549127854
"Y3P_2589","Arabic",5,0,"MOHAMED ZERKTOUNI","18165U","arabic_chain2",TRUE,-0.539757792337164
"Y3P_2590","Arabic",5,1,"ECOLE PRIMAIRE ENNOUR","26477D","arabic_chain2",TRUE,0.310548288627662
"Y3P_2600","Arabic",5,1,"AL FARABI","27200P","arabic_chain2",TRUE,0.0333594790261146
"Y3P_2608","Arabic",5,1,"ABDERRAHMANE HJIRA","24457H","arabic_chain2",TRUE,-0.539757792337165
"Y3P_2616","Arabic",5,0,"CENTRALE EL AOUNATE","08101E","arabic_chain2",TRUE,-1.03824460912283
"Y3P_2620","Arabic",5,0,"E ERRAHMA","20901T","arabic_chain2",TRUE,0.258639487400971
"Y3P_2628","Arabic",5,0,"ECOLE PRIMAIRE ERHAMNA","01621L","arabic_chain2",TRUE,-0.0919832340434865
"Y3P_2633","Arabic",5,0,"MOHAMED ZERKTOUNI","18165U","arabic_chain2",TRUE,-0.0281064084142293
"Y3P_2638","Arabic",5,0,"E ERRAHMA","20901T","arabic_chain2",TRUE,0.549250483292408
"Y3P_2645","Arabic",5,1,"ECOLE OMAR BNOU ALKHATTAB","14019M","arabic_chain2",TRUE,-0.820705653808083
"Y3P_2663","Arabic",5,0,"ABI BAKR ESSADDIK","01727B","arabic_chain2",TRUE,-0.820705653808083
"Y3P_2664","Arabic",5,0,"ECOLE PRIMAIRE ELMARWA","27527V","arabic_chain2",TRUE,-0.539757792337164
"Y3P_2665","Arabic",5,1,"ECOLE ABDELKRIM EL KHATIB","25823T","arabic_chain2",TRUE,0.205098433524336
"Y3P_2681","Arabic",5,1,"EL MAKKI ENNACIRI","27094Z","arabic_chain2",TRUE,0.720101737842321
"Y3P_2700","Arabic",5,0,"OUM EL BANINE","26368K","arabic_chain2",TRUE,-0.300333092630767
"Y3P_2702","Arabic",5,1,"ECOLE SIDI ALI","08138V","arabic_chain2",TRUE,0.0926046001137208
"Y3P_2745","Arabic",5,0,"MOHAMED ZERKTOUNI","18165U","arabic_chain2",TRUE,0.0333594790261133
"Y3P_2747","Arabic",5,0,"ECOLE PRIMAIRE IBNOU TOFAIL","01625R","arabic_chain2",TRUE,-0.820705653808083
"Y3P_2767","Arabic",5,0,"ECOLE PRIMAIRE ELMARWA","27527V","arabic_chain2",TRUE,0.72010173784232
"Y3P_2771","Arabic",5,1,"LISSANE EDDINE IBN ALKHATIB","27199N","arabic_chain2",TRUE,-0.376249190492716
"Y3P_278","Arabic",5,0,"E HOMMANE EL FETOUAKI","26461L","arabic_chain2",TRUE,0.205098433524335
"Y3P_281","Arabic",5,0,"E HOMMANE EL FETOUAKI","26461L","arabic_chain2",TRUE,-0.0281064084142289
"Y3P_2844","Arabic",5,0,"ABI BAKR ESSADDIK","01727B","arabic_chain2",TRUE,-0.926013127182204
"Y3P_2905","Arabic",5,0,"EL FALAH","18168X","arabic_chain2",TRUE,-0.0281064084142288
"Y3P_2909","Arabic",5,0,"ECOLE PRIMAIRE  ALI BNOU ABITALEB","25998H","arabic_chain2",TRUE,0.0926046001137212
"Y3P_2911","Arabic",5,1,"ECOLE PRIMAIRE MED BELHASSAN AL OUAZZANI","01633Z","arabic_chain2",TRUE,0.149799693066063
"Y3P_2960","Arabic",5,0,"E OUKBA BNOU NAFII","25341U","arabic_chain2",TRUE,-0.0281064084142284
"Y3P_2972","Arabic",5,1,"ECOLE IBRAHIM ROUDANI","23361S","arabic_chain2",TRUE,0.0926046001137221
"Y3P_2994","Arabic",5,1,"ECOLE PRIMAIRE MED BELHASSAN AL OUAZZANI","01633Z","arabic_chain2",TRUE,-0.0281064084142295
"Y3P_301","Arabic",5,0,"ECOLE PRIMAIRE  ALI BNOU ABITALEB","25998H","arabic_chain2",TRUE,-1.03824460912283
"Y3P_3017","Arabic",5,0,"AHMED BOUKMAKH","26501E","arabic_chain2",TRUE,-0.0919832340434867
"Y3P_3061","Arabic",5,1,"ECOLE PRIMAIRE MUSTAPHA EL MAANI","14033C","arabic_chain2",TRUE,-0.539757792337165
"Y3P_3104","Arabic",5,1,"AL FARABI","27200P","arabic_chain2",TRUE,-0.300333092630767
"Y3P_3113","Arabic",5,1,"ECOLE IBN TOUFAIL","27147G","arabic_chain2",TRUE,-0.376249190492716
"Y3P_3241","Arabic",5,1,"ECOLE PRIMAIRE IBN AL HAYTAM","24791W","arabic_chain2",TRUE,-0.300333092630766
"Y3P_373","Arabic",5,1,"ECOLE PRIMAIRE IBN AL HAYTAM","24791W","arabic_chain2",TRUE,-0.926013127182204
"Y3P_424","Arabic",5,0,"OULED SIDI ABDENNEBI","01738N","arabic_chain2",TRUE,-0.158483342202072
"Y3P_474","Arabic",5,1,"ECOLE MOUAD BEN JABAL","25822S","arabic_chain2",TRUE,0.76055911752885
"Y3P_476","Arabic",5,1,"ENNAHDA","18163S","arabic_chain2",TRUE,0.258639487400971
"Y3P_489","Arabic",5,0,"EL FALAH","18168X","arabic_chain2",TRUE,-0.455930420804698
"Y3P_490","Arabic",5,1,"EL MAKKI ENNACIRI","27094Z","arabic_chain2",TRUE,0.59342970245639
"Y3P_513","Arabic",5,1,"ECOLE PRIMAIRE IBN AL HAYTAM","24791W","arabic_chain2",TRUE,0.25863948740097
"Y3P_514","Arabic",5,1,"ECOLE PRIMAIRE IBN AL HAYTAM","24791W","arabic_chain2",TRUE,0.0926046001137211
"Y3P_539","Arabic",5,0,"ECOLE PRIMAIRE ELMARWA","27527V","arabic_chain2",TRUE,-1.15817473435367
"Y3P_545","Arabic",5,1,"ECOLE SIDI ALI","08138V","arabic_chain2",TRUE,0.149799693066064
"Y3P_561","Arabic",5,1,"ECOLE ABDELKRIM EL KHATIB","25823T","arabic_chain2",TRUE,0.678796549127852
"Y3P_588","Arabic",5,1,"ECOLE IBN TOUFAIL","27147G","arabic_chain2",TRUE,-0.721627946537725
"Y3P_615","Arabic",5,1,"ECOLE IBN TOUFAIL","27147G","arabic_chain2",TRUE,-0.455930420804699
"Y3P_66","Arabic",5,1,"IBN BATTOUTA","08086N","arabic_chain2",TRUE,-0.820705653808083
"Y3P_689","Arabic",5,0,"ECOLE PRIMAIRE IBNOU TOFAIL","01625R","arabic_chain2",TRUE,0.149799693066064
"Y3P_711","Arabic",5,1,"EL MAKKI ENNACIRI","27094Z","arabic_chain2",TRUE,0.258639487400971
"Y3P_765","Arabic",5,1,"ECOLE MOUAD BEN JABAL","25822S","arabic_chain2",TRUE,-0.158483342202073
"Y3P_777","Arabic",5,1,"IBN BATTOUTA","08086N","arabic_chain2",TRUE,0.258639487400971
"Y3P_825","Arabic",5,0,"EL FALAH","18168X","arabic_chain2",TRUE,0.205098433524335
"Y3P_839","Arabic",5,0,"MOHAMED ZERKTOUNI","18165U","arabic_chain2",TRUE,-0.926013127182204
"Y3P_891","Arabic",5,0,"ECOLE PRIMAIRE IBNOU TOFAIL","01625R","arabic_chain2",TRUE,-0.539757792337165
"Y3P_1002","Arabic",6,0,"ECOLE PRIMAIRE ELMARWA","27527V","arabic_chain2",TRUE,-0.227844410941676
"Y3P_1017","Arabic",6,0,"AHMED BOUKMAKH","26501E","arabic_chain2",TRUE,0.31054828862766
"Y3P_1021","Arabic",6,1,"EL MAKKI ENNACIRI","27094Z","arabic_chain2",TRUE,-0.376249190492715
"Y3P_1030","Arabic",6,0,"ECOLE PRIMAIRE  ALI BNOU ABITALEB","25998H","arabic_chain2",TRUE,0.0926046001137216
"Y3P_1042","Arabic",6,0,"ECOLE PRIMAIRE AHL LOUGHLAM CHARKIA","01722W","arabic_chain2",TRUE,0.149799693066063
"Y3P_1057","Arabic",6,1,"IBNOU MISSKAWAIHE","27772L","arabic_chain2",TRUE,0.760559117528851
"Y3P_1071","Arabic",6,1,"LISSANE EDDINE IBN ALKHATIB","27199N","arabic_chain2",TRUE,0.636591347617445
"Y3P_1078","Arabic",6,0,"AHMED BOUKMAKH","26501E","arabic_chain2",TRUE,0.25863948740097
"Y3P_1080","Arabic",6,1,"ECOLE TIKNI","08099C","arabic_chain2",TRUE,-0.721627946537726
"Y3P_1086","Arabic",6,1,"AL FARABI","27200P","arabic_chain2",TRUE,0.25863948740097
"Y3P_1088","Arabic",6,0,"ECOLE PRIMAIRE SOUALEM","14375Z","arabic_chain2",TRUE,-1.03824460912283
"Y3P_1094","Arabic",6,0,"ECOLE PRIMAIRE SOUALEM","14375Z","arabic_chain2",TRUE,-0.721627946537725
"Y3P_1102","Arabic",6,1,"ECOLE PRIMAIRE MUSTAPHA EL MAANI","14033C","arabic_chain2",TRUE,0.678796549127856
"Y3P_1104","Arabic",6,0,"ECOLE PRIMAIRE OUED AL MAKHAZINE","01623N","arabic_chain2",TRUE,0.636591347617442
"Y3P_1112","Arabic",6,1,"ECOLE SIDI ALI","08138V","arabic_chain2",TRUE,0.83912041583112
"Y3P_1113","Arabic",6,1,"ECOLE SIDI ALI","08138V","arabic_chain2",TRUE,0.149799693066063
"Y3P_1115","Arabic",6,1,"ECOLE SIDI ALI","08138V","arabic_chain2",TRUE,0.549250483292409
"Y3P_112","Arabic",6,0,"OUM EL BANINE","26368K","arabic_chain2",TRUE,0.0333594790261135
"Y3P_1122","Arabic",6,1,"ECOLE SIDI ALI","08138V","arabic_chain2",TRUE,0.636591347617445
"Y3P_1152","Arabic",6,0,"E ERRAHMA","20901T","arabic_chain2",TRUE,0.503987316660174
"Y3P_1154","Arabic",6,0,"CENTRALE EL AOUNATE","08101E","arabic_chain2",TRUE,-0.300333092630765
"Y3P_1166","Arabic",6,1,"ECOLE ABDELKRIM EL KHATIB","25823T","arabic_chain2",TRUE,0.914827266531076
"Y3P_1167","Arabic",6,0,"AHMED BOUKMAKH","26501E","arabic_chain2",TRUE,0.0926046001137206
"Y3P_1171","Arabic",6,1,"ECOLE IBN TOUFAIL","27147G","arabic_chain2",TRUE,-0.0281064084142285
"Y3P_1180","Arabic",6,0,"E 11 JANVIER","26108C","arabic_chain2",TRUE,0.360938579097192
"Y3P_1189","Arabic",6,0,"ECOLE PRIMAIRE SOUALEM","14375Z","arabic_chain2",TRUE,-0.721627946537726
"Y3P_1191","Arabic",6,1,"LISSANE EDDINE IBN ALKHATIB","27199N","arabic_chain2",TRUE,-0.820705653808083
"Y3P_1200","Arabic",6,0,"CENTRALE EL AOUNATE","08101E","arabic_chain2",TRUE,0.25863948740097
"Y3P_1201","Arabic",6,1,"ECOLE PRIMAIRE MUSTAPHA EL MAANI","14033C","arabic_chain2",TRUE,0.149799693066063
"Y3P_1222","Arabic",6,1,"ECOLE MOUAD BEN JABAL","25822S","arabic_chain2",TRUE,0.503987316660174
"Y3P_1227","Arabic",6,0,"ECOLE PRIMAIRE ELMARWA","27527V","arabic_chain2",TRUE,-0.455930420804698
"Y3P_1231","Arabic",6,1,"ECOLE PRIMAIRE IBN AL HAYTAM","24791W","arabic_chain2",TRUE,0.549250483292408
"Y3P_1233","Arabic",6,1,"ECOLE PRIMAIRE ENNOUR","26477D","arabic_chain2",TRUE,-0.0281064084142292
"Y3P_1237","Arabic",6,0,"ECOLE PRIMAIRE AHL LOUGHLAM CHARKIA","01722W","arabic_chain2",TRUE,0.503987316660173
"Y3P_1258","Arabic",6,1,"ECOLE OMAR BNOU ALKHATTAB","14019M","arabic_chain2",TRUE,-1.15817473435367
"Y3P_126","Arabic",6,1,"IBNOU MISSKAWAIHE","27772L","arabic_chain2",TRUE,-0.091983234043486
"Y3P_1289","Arabic",6,1,"ECOLE IBN TOUFAIL","27147G","arabic_chain2",TRUE,-0.721627946537726
"Y3P_1293","Arabic",6,0,"ECOLE PRIMAIRE  EL KODS","01788T","arabic_chain2",TRUE,0.360938579097193
"Y3P_1294","Arabic",6,0,"ECOLE PRIMAIRE  ALI BNOU ABITALEB","25998H","arabic_chain2",TRUE,-1.15817473435367
"Y3P_1295","Arabic",6,1,"ECOLE PRIMAIRE MUSTAPHA EL MAANI","14033C","arabic_chain2",TRUE,0.457567983183323
"Y3P_1297","Arabic",6,0,"OULED SIDI ABDENNEBI","01738N","arabic_chain2",TRUE,0.409913745255846
"Y3P_1300","Arabic",6,0,"AHMED BOUKMAKH","26501E","arabic_chain2",TRUE,0.0333594790261128
"Y3P_1309","Arabic",6,1,"IBN BATTOUTA","08086N","arabic_chain2",TRUE,-0.0919832340434879
"Y3P_1315","Arabic",6,0,"EL FALAH","18168X","arabic_chain2",TRUE,-0.628161597881285
"Y3P_1318","Arabic",6,0,"EL FALAH","18168X","arabic_chain2",TRUE,-1.03824460912283
"Y3P_1356","Arabic",6,1,"ECOLE PRIMAIRE MOHAMED ZARKTOUNI","24698V","arabic_chain2",TRUE,-0.0281064084142299
"Y3P_1369","Arabic",6,0,"ECOLE PRIMAIRE OUED AL MAKHAZINE","01623N","arabic_chain2",TRUE,0.720101737842322
"Y3P_1374","Arabic",6,0,"ECOLE PRIMAIRE OUED AL MAKHAZINE","01623N","arabic_chain2",TRUE,0.360938579097194
"Y3P_138","Arabic",6,0,"CENTRALE EL AOUNATE","08101E","arabic_chain2",TRUE,-0.926013127182203
"Y3P_1383","Arabic",6,1,"ECOLE PRIMAIRE ENNOUR","26477D","arabic_chain2",TRUE,0.83912041583112
"Y3P_1391","Arabic",6,1,"ECOLE TIKNI","08099C","arabic_chain2",TRUE,-0.721627946537726
"Y3P_1401","Arabic",6,0,"E DRISS BENZAKRI","25969B","arabic_chain2",TRUE,-0.455930420804699
"Y3P_1407","Arabic",6,0,"E HOMMANE EL FETOUAKI","26461L","arabic_chain2",TRUE,-0.158483342202073
"Y3P_1411","Arabic",6,0,"MOHAMED ZERKTOUNI","18165U","arabic_chain2",TRUE,0.409913745255847
"Y3P_1412","Arabic",6,0,"MOHAMED ZERKTOUNI","18165U","arabic_chain2",TRUE,-0.0281064084142292
"Y3P_1415","Arabic",6,0,"ABI BAKR ESSADDIK","01727B","arabic_chain2",TRUE,-0.376249190492715
"Y3P_1423","Arabic",6,0,"ABI BAKR ESSADDIK","01727B","arabic_chain2",TRUE,0.59342970245639
"Y3P_1446","Arabic",6,1,"ECOLE OMAR BNOU ALKHATTAB","14019M","arabic_chain2",TRUE,-0.227844410941675
"Y3P_1460","Arabic",6,1,"ECOLE IBRAHIM ROUDANI","23361S","arabic_chain2",TRUE,0.636591347617444
"Y3P_1461","Arabic",6,0,"ABI BAKR ESSADDIK","01727B","arabic_chain2",TRUE,-0.091983234043487
"Y3P_1496","Arabic",6,0,"E OUKBA BNOU NAFII","25341U","arabic_chain2",TRUE,-0.539757792337166
"Y3P_15","Arabic",6,0,"ECOLE PRIMAIRE SOUALEM","14375Z","arabic_chain2",TRUE,-0.300333092630766
"Y3P_1500","Arabic",6,0,"E OUKBA BNOU NAFII","25341U","arabic_chain2",TRUE,-0.0919832340434863
"Y3P_151","Arabic",6,1,"ECOLE PRIMAIRE ENNOUR","26477D","arabic_chain2",TRUE,-0.820705653808083
"Y3P_1538","Arabic",6,0,"ABI BAKR ESSADDIK","01727B","arabic_chain2",TRUE,-0.0919832340434857
"Y3P_154","Arabic",6,1,"ECOLE PRIMAIRE MED BELHASSAN AL OUAZZANI","01633Z","arabic_chain2",TRUE,-0.158483342202072
"Y3P_1556","Arabic",6,1,"ABDERRAHMANE HJIRA","24457H","arabic_chain2",TRUE,-0.0281064084142279
"Y3P_1568","Arabic",6,0,"E DRISS BENZAKRI","25969B","arabic_chain2",TRUE,0.149799693066062
"Y3P_1580","Arabic",6,1,"IBNOU MISSKAWAIHE","27772L","arabic_chain2",TRUE,-0.455930420804699
"Y3P_1598","Arabic",6,0,"ECOLE PRIMAIRE IBNOU TOFAIL","01625R","arabic_chain2",TRUE,-0.376249190492714
"Y3P_1599","Arabic",6,0,"ECOLE PRIMAIRE  ALI BNOU ABITALEB","25998H","arabic_chain2",TRUE,-0.721627946537726
"Y3P_16","Arabic",6,1,"ECOLE PRIMAIRE MOHAMED ZARKTOUNI","24698V","arabic_chain2",TRUE,-0.455930420804699
"Y3P_166","Arabic",6,0,"E 11 JANVIER","26108C","arabic_chain2",TRUE,-0.820705653808084
"Y3P_1660","Arabic",6,0,"ECOLE PRIMAIRE OUED AL MAKHAZINE","01623N","arabic_chain2",TRUE,-0.820705653808082
"Y3P_1680","Arabic",6,0,"ECOLE PRIMAIRE AHL LOUGHLAM CHARKIA","01722W","arabic_chain2",TRUE,0.678796549127853
"Y3P_169","Arabic",6,0,"ECOLE PRIMAIRE AHL LOUGHLAM CHARKIA","01722W","arabic_chain2",TRUE,-0.0281064084142287
"Y3P_1693","Arabic",6,1,"ECOLE OMAR BNOU ALKHATTAB","14019M","arabic_chain2",TRUE,0.914827266531076
"Y3P_1695","Arabic",6,0,"OULED SIDI ABDENNEBI","01738N","arabic_chain2",TRUE,0.409913745255845
"Y3P_1706","Arabic",6,1,"ECOLE OMAR BNOU ALKHATTAB","14019M","arabic_chain2",TRUE,0.720101737842321
"Y3P_1715","Arabic",6,1,"ECOLE OMAR BNOU ALKHATTAB","14019M","arabic_chain2",TRUE,0.720101737842323
"Y3P_1724","Arabic",6,0,"ECOLE PRIMAIRE SOUALEM","14375Z","arabic_chain2",TRUE,0.0333594790261127
"Y3P_173","Arabic",6,1,"ECOLE ABDELKRIM EL KHATIB","25823T","arabic_chain2",TRUE,-0.376249190492715
"Y3P_1743","Arabic",6,0,"ECOLE PRIMAIRE ERHAMNA","01621L","arabic_chain2",TRUE,0.800217055806119
"Y3P_1770","Arabic",6,0,"MOHAMED ZERKTOUNI","18165U","arabic_chain2",TRUE,0.31054828862766
"Y3P_182","Arabic",6,1,"ECOLE IBN TOUFAIL","27147G","arabic_chain2",TRUE,0.678796549127855
"Y3P_194","Arabic",6,1,"ENNAHDA","18163S","arabic_chain2",TRUE,-0.300333092630766
"Y3P_198","Arabic",6,1,"ENNAHDA","18163S","arabic_chain2",TRUE,0.593429702456391
"Y3P_2","Arabic",6,1,"ECOLE TIKNI","08099C","arabic_chain2",TRUE,-1.28665979615856
"Y3P_205","Arabic",6,0,"ABI BAKR ESSADDIK","01727B","arabic_chain2",TRUE,-0.539757792337167
"Y3P_209","Arabic",6,0,"OUM EL BANINE","26368K","arabic_chain2",TRUE,-0.376249190492715
"Y3P_220","Arabic",6,1,"LISSANE EDDINE IBN ALKHATIB","27199N","arabic_chain2",TRUE,-0.227844410941675
"Y3P_235","Arabic",6,1,"IBN BATTOUTA","08086N","arabic_chain2",TRUE,-1.03824460912283
"Y3P_240","Arabic",6,0,"OUM EL BANINE","26368K","arabic_chain2",TRUE,0.0926046001137217
"Y3P_263","Arabic",6,0,"CENTRALE EL AOUNATE","08101E","arabic_chain2",TRUE,-1.03824460912283
"Y3P_270","Arabic",6,1,"ECOLE IBRAHIM ROUDANI","23361S","arabic_chain2",TRUE,-0.455930420804699
"Y3P_275","Arabic",6,0,"ECOLE PRIMAIRE IBNOU TOFAIL","01625R","arabic_chain2",TRUE,-1.15817473435367
"Y3P_276","Arabic",6,0,"E HOMMANE EL FETOUAKI","26461L","arabic_chain2",TRUE,0.310548288627662
"Y3P_277","Arabic",6,0,"E HOMMANE EL FETOUAKI","26461L","arabic_chain2",TRUE,0.80021705580612
"Y3P_283","Arabic",6,1,"ECOLE PRIMAIRE ENNOUR","26477D","arabic_chain2",TRUE,0.258639487400969
"Y3P_290","Arabic",6,1,"AL FARABI","27200P","arabic_chain2",TRUE,-0.227844410941676
"Y3P_294","Arabic",6,1,"ABDERRAHMANE HJIRA","24457H","arabic_chain2",TRUE,0.0333594790261139
"Y3P_296","Arabic",6,1,"ECOLE SIDI ALI","08138V","arabic_chain2",TRUE,0.549250483292407
"Y3P_299","Arabic",6,0,"OULED SIDI ABDENNEBI","01738N","arabic_chain2",TRUE,0.258639487400971
"Y3P_322","Arabic",6,0,"MOHAMED ZERKTOUNI","18165U","arabic_chain2",TRUE,-0.455930420804699
"Y3P_327","Arabic",6,1,"ECOLE MOUAD BEN JABAL","25822S","arabic_chain2",TRUE,-0.0281064084142299
"Y3P_353","Arabic",6,1,"ABDERRAHMANE HJIRA","24457H","arabic_chain2",TRUE,-0.455930420804699
"Y3P_354","Arabic",6,1,"ECOLE PRIMAIRE ENNOUR","26477D","arabic_chain2",TRUE,-0.0281064084142294
"Y3P_359","Arabic",6,1,"EL MAKKI ENNACIRI","27094Z","arabic_chain2",TRUE,-0.376249190492715
"Y3P_391","Arabic",6,1,"IBN BATTOUTA","08086N","arabic_chain2",TRUE,-0.721627946537725
"Y3P_410","Arabic",6,0,"ECOLE PRIMAIRE ERHAMNA","01621L","arabic_chain2",TRUE,-0.721627946537726
"Y3P_42","Arabic",6,1,"AL FARABI","27200P","arabic_chain2",TRUE,-0.227844410941677
"Y3P_438","Arabic",6,1,"IBNOU MISSKAWAIHE","27772L","arabic_chain2",TRUE,-0.227844410941676
"Y3P_449","Arabic",6,0,"OULED SIDI ABDENNEBI","01738N","arabic_chain2",TRUE,0.83912041583112
"Y3P_454","Arabic",6,0,"E 11 JANVIER","26108C","arabic_chain2",TRUE,0.409913745255846
"Y3P_458","Arabic",6,1,"ECOLE IBN TOUFAIL","27147G","arabic_chain2",TRUE,0.457567983183323
"Y3P_463","Arabic",6,0,"E 11 JANVIER","26108C","arabic_chain2",TRUE,-0.158483342202071
"Y3P_468","Arabic",6,1,"ECOLE PRIMAIRE MOHAMED ZARKTOUNI","24698V","arabic_chain2",TRUE,0.31054828862766
"Y3P_479","Arabic",6,0,"OULED SIDI ABDENNEBI","01738N","arabic_chain2",TRUE,0.149799693066063
"Y3P_487","Arabic",6,0,"ECOLE PRIMAIRE  EL KODS","01788T","arabic_chain2",TRUE,-0.628161597881284
"Y3P_5","Arabic",6,1,"ECOLE MOUAD BEN JABAL","25822S","arabic_chain2",TRUE,-0.455930420804699
"Y3P_50","Arabic",6,1,"ABDERRAHMANE HJIRA","24457H","arabic_chain2",TRUE,0.457567983183322
"Y3P_503","Arabic",6,0,"OUM EL BANINE","26368K","arabic_chain2",TRUE,0.360938579097192
"Y3P_507","Arabic",6,0,"OUM EL BANINE","26368K","arabic_chain2",TRUE,0.457567983183322
"Y3P_519","Arabic",6,1,"EL MAKKI ENNACIRI","27094Z","arabic_chain2",TRUE,-0.820705653808084
"Y3P_523","Arabic",6,1,"ECOLE PRIMAIRE MUSTAPHA EL MAANI","14033C","arabic_chain2",TRUE,0.258639487400971
"Y3P_526","Arabic",6,1,"ECOLE ABDELKRIM EL KHATIB","25823T","arabic_chain2",TRUE,-0.227844410941675
"Y3P_529","Arabic",6,1,"ECOLE IBRAHIM ROUDANI","23361S","arabic_chain2",TRUE,0.503987316660173
"Y3P_533","Arabic",6,0,"AHMED BOUKMAKH","26501E","arabic_chain2",TRUE,-0.721627946537726
"Y3P_537","Arabic",6,1,"AL FARABI","27200P","arabic_chain2",TRUE,0.149799693066062
"Y3P_562","Arabic",6,0,"EL FALAH","18168X","arabic_chain2",TRUE,-0.0919832340434852
"Y3P_563","Arabic",6,1,"IBNOU MISSKAWAIHE","27772L","arabic_chain2",TRUE,0.310548288627661
"Y3P_567","Arabic",6,1,"ECOLE IBRAHIM ROUDANI","23361S","arabic_chain2",TRUE,0.409913745255846
"Y3P_571","Arabic",6,1,"ECOLE IBRAHIM ROUDANI","23361S","arabic_chain2",TRUE,0.360938579097193
"Y3P_594","Arabic",6,1,"ECOLE MOUAD BEN JABAL","25822S","arabic_chain2",TRUE,0.360938579097193
"Y3P_598","Arabic",6,1,"AL FARABI","27200P","arabic_chain2",TRUE,0.678796549127854
"Y3P_65","Arabic",6,1,"ECOLE PRIMAIRE IBN AL HAYTAM","24791W","arabic_chain2",TRUE,0.0333594790261131
"Y3P_656","Arabic",6,1,"ECOLE PRIMAIRE MED BELHASSAN AL OUAZZANI","01633Z","arabic_chain2",TRUE,0.360938579097193
"Y3P_661","Arabic",6,1,"LISSANE EDDINE IBN ALKHATIB","27199N","arabic_chain2",TRUE,-0.0919832340434861
"Y3P_663","Arabic",6,1,"ECOLE PRIMAIRE MED BELHASSAN AL OUAZZANI","01633Z","arabic_chain2",TRUE,-1.03824460912283
"Y3P_665","Arabic",6,0,"CENTRALE EL AOUNATE","08101E","arabic_chain2",TRUE,0.760559117528851
"Y3P_667","Arabic",6,0,"E HOMMANE EL FETOUAKI","26461L","arabic_chain2",TRUE,0.409913745255847
"Y3P_672","Arabic",6,1,"ECOLE PRIMAIRE MED BELHASSAN AL OUAZZANI","01633Z","arabic_chain2",TRUE,0.205098433524333
"Y3P_678","Arabic",6,1,"LISSANE EDDINE IBN ALKHATIB","27199N","arabic_chain2",TRUE,0.0333594790261129
"Y3P_684","Arabic",6,0,"E ERRAHMA","20901T","arabic_chain2",TRUE,-0.820705653808083
"Y3P_685","Arabic",6,0,"E ERRAHMA","20901T","arabic_chain2",TRUE,0.593429702456392
"Y3P_688","Arabic",6,0,"ECOLE PRIMAIRE ELMARWA","27527V","arabic_chain2",TRUE,0.258639487400969
"Y3P_702","Arabic",6,1,"ENNAHDA","18163S","arabic_chain2",TRUE,0.760559117528852
"Y3P_704","Arabic",6,1,"ENNAHDA","18163S","arabic_chain2",TRUE,0.205098433524334
"Y3P_706","Arabic",6,1,"ENNAHDA","18163S","arabic_chain2",TRUE,-0.227844410941675
"Y3P_709","Arabic",6,0,"EL FALAH","18168X","arabic_chain2",TRUE,-0.0919832340434854
"Y3P_716","Arabic",6,1,"ECOLE ABDELKRIM EL KHATIB","25823T","arabic_chain2",TRUE,0.409913745255846
"Y3P_723","Arabic",6,0,"E DRISS BENZAKRI","25969B","arabic_chain2",TRUE,0.25863948740097
"Y3P_728","Arabic",6,1,"ECOLE PRIMAIRE MED BELHASSAN AL OUAZZANI","01633Z","arabic_chain2",TRUE,-0.227844410941676
"Y3P_737","Arabic",6,0,"E ERRAHMA","20901T","arabic_chain2",TRUE,-0.028106408414229
"Y3P_742","Arabic",6,0,"E DRISS BENZAKRI","25969B","arabic_chain2",TRUE,0.360938579097194
"Y3P_743","Arabic",6,1,"ECOLE ABDELKRIM EL KHATIB","25823T","arabic_chain2",TRUE,0.205098433524334
"Y3P_749","Arabic",6,1,"ECOLE PRIMAIRE MUSTAPHA EL MAANI","14033C","arabic_chain2",TRUE,0.310548288627662
"Y3P_757","Arabic",6,0,"E ERRAHMA","20901T","arabic_chain2",TRUE,0.593429702456391
"Y3P_766","Arabic",6,1,"ECOLE MOUAD BEN JABAL","25822S","arabic_chain2",TRUE,0.593429702456391
"Y3P_78","Arabic",6,1,"ECOLE IBN TOUFAIL","27147G","arabic_chain2",TRUE,0.205098433524336
"Y3P_783","Arabic",6,0,"ECOLE PRIMAIRE  EL KODS","01788T","arabic_chain2",TRUE,0.258639487400971
"Y3P_79","Arabic",6,1,"ECOLE PRIMAIRE IBN AL HAYTAM","24791W","arabic_chain2",TRUE,0.457567983183322
"Y3P_793","Arabic",6,0,"ECOLE PRIMAIRE  EL KODS","01788T","arabic_chain2",TRUE,-0.376249190492715
"Y3P_797","Arabic",6,0,"ECOLE PRIMAIRE ERHAMNA","01621L","arabic_chain2",TRUE,0.205098433524335
"Y3P_807","Arabic",6,0,"MOHAMED ZERKTOUNI","18165U","arabic_chain2",TRUE,-0.628161597881285
"Y3P_820","Arabic",6,1,"ECOLE TIKNI","08099C","arabic_chain2",TRUE,-0.628161597881284
"Y3P_835","Arabic",6,0,"EL FALAH","18168X","arabic_chain2",TRUE,0.0333594790261146
"Y3P_838","Arabic",6,1,"EL MAKKI ENNACIRI","27094Z","arabic_chain2",TRUE,0.760559117528852
"Y3P_84","Arabic",6,0,"ECOLE PRIMAIRE  EL KODS","01788T","arabic_chain2",TRUE,-0.628161597881284
"Y3P_856","Arabic",6,0,"E 11 JANVIER","26108C","arabic_chain2",TRUE,0.593429702456392
"Y3P_862","Arabic",6,0,"E OUKBA BNOU NAFII","25341U","arabic_chain2",TRUE,0.80021705580612
"Y3P_873","Arabic",6,0,"ECOLE PRIMAIRE  ALI BNOU ABITALEB","25998H","arabic_chain2",TRUE,0.503987316660174
"Y3P_877","Arabic",6,0,"ECOLE PRIMAIRE  ALI BNOU ABITALEB","25998H","arabic_chain2",TRUE,-0.721627946537726
"Y3P_88","Arabic",6,1,"EL MAKKI ENNACIRI","27094Z","arabic_chain2",TRUE,0.0926046001137202
"Y3P_886","Arabic",6,0,"ECOLE PRIMAIRE IBNOU TOFAIL","01625R","arabic_chain2",TRUE,-0.926013127182204
"Y3P_887","Arabic",6,0,"ECOLE PRIMAIRE IBNOU TOFAIL","01625R","arabic_chain2",TRUE,0.360938579097193
"Y3P_897","Arabic",6,0,"ECOLE PRIMAIRE IBNOU TOFAIL","01625R","arabic_chain2",TRUE,-0.158483342202072
"Y3P_904","Arabic",6,1,"ECOLE TIKNI","08099C","arabic_chain2",TRUE,-0.455930420804699
"Y3P_906","Arabic",6,1,"IBN BATTOUTA","08086N","arabic_chain2",TRUE,-0.158483342202072
"Y3P_912","Arabic",6,1,"IBN BATTOUTA","08086N","arabic_chain2",TRUE,0.549250483292407
"Y3P_919","Arabic",6,0,"ECOLE PRIMAIRE ELMARWA","27527V","arabic_chain2",TRUE,0.720101737842322
"Y3P_92","Arabic",6,0,"ECOLE PRIMAIRE OUED AL MAKHAZINE","01623N","arabic_chain2",TRUE,-0.628161597881284
"Y3P_923","Arabic",6,1,"ECOLE PRIMAIRE MOHAMED ZARKTOUNI","24698V","arabic_chain2",TRUE,0.0333594790261131
"Y3P_926","Arabic",6,1,"ECOLE PRIMAIRE IBN AL HAYTAM","24791W","arabic_chain2",TRUE,0.0926046001137217
"Y3P_929","Arabic",6,1,"ECOLE PRIMAIRE IBN AL HAYTAM","24791W","arabic_chain2",TRUE,0.033359479026114
"Y3P_931","Arabic",6,0,"ECOLE PRIMAIRE AHL LOUGHLAM CHARKIA","01722W","arabic_chain2",TRUE,-0.628161597881284
"Y3P_935","Arabic",6,1,"ECOLE PRIMAIRE MOHAMED ZARKTOUNI","24698V","arabic_chain2",TRUE,0.760559117528852
"Y3P_94","Arabic",6,0,"E HOMMANE EL FETOUAKI","26461L","arabic_chain2",TRUE,-0.376249190492715
"Y3P_942","Arabic",6,0,"ECOLE PRIMAIRE ERHAMNA","01621L","arabic_chain2",TRUE,0.258639487400971
"Y3P_947","Arabic",6,0,"ECOLE PRIMAIRE ERHAMNA","01621L","arabic_chain2",TRUE,0.310548288627662
"Y3P_963","Arabic",6,0,"ECOLE PRIMAIRE ELMARWA","27527V","arabic_chain2",TRUE,0.205098433524335
"Y3P_966","Arabic",6,0,"E OUKBA BNOU NAFII","25341U","arabic_chain2",TRUE,0.59342970245639
"Y3P_968","Arabic",6,1,"ABDERRAHMANE HJIRA","24457H","arabic_chain2",TRUE,0.503987316660174
"Y3P_979","Arabic",6,0,"E DRISS BENZAKRI","25969B","arabic_chain2",TRUE,0.503987316660172
"Y3P_988","Arabic",6,0,"E OUKBA BNOU NAFII","25341U","arabic_chain2",TRUE,0.409913745255847
"Y3P_4277","French",1,0,"ECOLE PRIMAIRE ERHAMNA","01621L","french_chain1",TRUE,1.48988545691649
"Y3P_4456","French",1,0,"CENTRALE EL AOUNATE","08101E","french_chain1",TRUE,1.4577254865272
"Y3P_4596","French",1,1,"ECOLE OMAR BNOU ALKHATTAB","14019M","french_chain1",TRUE,1.18331742477144
"Y3P_4598","French",1,1,"ECOLE OMAR BNOU ALKHATTAB","14019M","french_chain1",TRUE,0.641423938505945
"Y3P_4680","French",1,1,"ABDERRAHMANE HJIRA","24457H","french_chain1",TRUE,0.780919979286561
"Y3P_4692","French",1,0,"ECOLE PRIMAIRE AHL LOUGHLAM CHARKIA","01722W","french_chain1",TRUE,0.910566776932217
"Y3P_4755","French",1,1,"IBN BATTOUTA","08086N","french_chain1",TRUE,0.138398881251489
"Y3P_4757","French",1,1,"IBN BATTOUTA","08086N","french_chain1",TRUE,-0.83326260802363
"Y3P_4763","French",1,1,"IBN BATTOUTA","08086N","french_chain1",TRUE,0.436307893898244
"Y3P_4833","French",1,0,"CENTRALE EL AOUNATE","08101E","french_chain1",TRUE,-0.404605767756302
"Y3P_4869","French",1,1,"ECOLE PRIMAIRE IBN AL HAYTAM","24791W","french_chain1",TRUE,1.48988545691649
"Y3P_4999","French",1,0,"ECOLE PRIMAIRE ELMARWA","27527V","french_chain1",TRUE,-0.833262608023631
"Y3P_5109","French",1,1,"ECOLE MOUAD BEN JABAL","25822S","french_chain1",TRUE,0.264189158504852
"Y3P_5125","French",1,0,"CENTRALE EL AOUNATE","08101E","french_chain1",TRUE,0.264189158504852
"Y3P_5146","French",1,1,"IBNOU MISSKAWAIHE","27772L","french_chain1",TRUE,1.35861420112115
"Y3P_5177","French",1,1,"ECOLE ABDELKRIM EL KHATIB","25823T","french_chain1",TRUE,1.52163840851693
"Y3P_5199","French",1,0,"AHMED BOUKMAKH","26501E","french_chain1",TRUE,0.138398881251488
"Y3P_5230","French",1,0,"ECOLE PRIMAIRE SOUALEM","14375Z","french_chain1",TRUE,0.780919979286561
"Y3P_5241","French",1,0,"E 11 JANVIER","26108C","french_chain1",TRUE,-0.0713333345894459
"Y3P_5278","French",1,1,"ECOLE IBRAHIM ROUDANI","23361S","french_chain1",TRUE,1.42514016327818
"Y3P_5282","French",1,1,"ABDERRAHMANE HJIRA","24457H","french_chain1",TRUE,-0.148062717254811
"Y3P_5285","French",1,1,"ENNAHDA","18163S","french_chain1",TRUE,0.0715645413093869
"Y3P_5315","French",1,0,"EL FALAH","18168X","french_chain1",TRUE,0.951888113855436
"Y3P_5364","French",1,0,"E OUKBA BNOU NAFII","25341U","french_chain1",TRUE,0.489937395294115
"Y3P_5388","French",1,0,"ECOLE PRIMAIRE  EL KODS","01788T","french_chain1",TRUE,-0.83326260802363
"Y3P_5408","French",1,1,"ECOLE PRIMAIRE MED BELHASSAN AL OUAZZANI","01633Z","french_chain1",TRUE,0.910566776932213
"Y3P_5425","French",1,0,"MOHAMED ZERKTOUNI","18165U","french_chain1",TRUE,0.00175676946159569
"Y3P_5428","French",1,0,"MOHAMED ZERKTOUNI","18165U","french_chain1",TRUE,0.641423938505944
"Y3P_5446","French",1,0,"ECOLE PRIMAIRE ELMARWA","27527V","french_chain1",TRUE,-0.404605767756302
"Y3P_5452","French",1,1,"ECOLE TIKNI","08099C","french_chain1",TRUE,0.00175676946159565
"Y3P_5495","French",1,0,"AHMED BOUKMAKH","26501E","french_chain1",TRUE,-0.500832957319059
"Y3P_5500","French",1,0,"E HOMMANE EL FETOUAKI","26461L","french_chain1",TRUE,0.735609282040137
"Y3P_5501","French",1,1,"ECOLE ABDELKRIM EL KHATIB","25823T","french_chain1",TRUE,-0.404605767756303
"Y3P_5513","French",1,1,"ABDERRAHMANE HJIRA","24457H","french_chain1",TRUE,0.20252865620583
"Y3P_5536","French",1,1,"EL MAKKI ENNACIRI","27094Z","french_chain1",TRUE,0.541924208748577
"Y3P_5541","French",1,1,"ECOLE IBRAHIM ROUDANI","23361S","french_chain1",TRUE,1.14650682448742
"Y3P_5545","French",1,0,"ECOLE PRIMAIRE ERHAMNA","01621L","french_chain1",TRUE,1.14650682448743
"Y3P_5555","French",1,1,"ECOLE SIDI ALI","08138V","french_chain1",TRUE,0.264189158504854
"Y3P_5574","French",1,1,"ECOLE TIKNI","08099C","french_chain1",TRUE,-0.603663813814508
"Y3P_5579","French",1,1,"ECOLE PRIMAIRE MUSTAPHA EL MAANI","14033C","french_chain1",TRUE,-0.228846381157125
"Y3P_5584","French",1,0,"CENTRALE EL AOUNATE","08101E","french_chain1",TRUE,0.910566776932212
"Y3P_5585","French",1,0,"E OUKBA BNOU NAFII","25341U","french_chain1",TRUE,1.18331742477144
"Y3P_5588","French",1,0,"E OUKBA BNOU NAFII","25341U","french_chain1",TRUE,0.825140378889177
"Y3P_5596","French",1,0,"ABI BAKR ESSADDIK","01727B","french_chain1",TRUE,-0.83326260802363
"Y3P_5598","French",1,0,"ABI BAKR ESSADDIK","01727B","french_chain1",TRUE,-0.148062717254811
"Y3P_5615","French",1,0,"EL FALAH","18168X","french_chain1",TRUE,0.0715645413093862
"Y3P_5619","French",1,1,"ECOLE PRIMAIRE MOHAMED ZARKTOUNI","24698V","french_chain1",TRUE,1.07088550685414
"Y3P_5620","French",1,1,"ECOLE IBN TOUFAIL","27147G","french_chain1",TRUE,0.910566776932217
"Y3P_5631","French",1,1,"IBNOU MISSKAWAIHE","27772L","french_chain1",TRUE,0.689136736371583
"Y3P_5635","French",1,0,"AHMED BOUKMAKH","26501E","french_chain1",TRUE,-0.603663813814506
"Y3P_5636","French",1,0,"ECOLE PRIMAIRE ERHAMNA","01621L","french_chain1",TRUE,0.82514037888918
"Y3P_5639","French",1,0,"CENTRALE EL AOUNATE","08101E","french_chain1",TRUE,0.825140378889178
"Y3P_5654","French",1,0,"E HOMMANE EL FETOUAKI","26461L","french_chain1",TRUE,0.0715645413093863
"Y3P_5656","French",1,1,"AL FARABI","27200P","french_chain1",TRUE,-0.314169978877259
"Y3P_5708","French",1,0,"ECOLE PRIMAIRE AHL LOUGHLAM CHARKIA","01722W","french_chain1",TRUE,0.592384740646364
"Y3P_5758","French",1,1,"ECOLE PRIMAIRE IBN AL HAYTAM","24791W","french_chain1",TRUE,0.489937395294123
"Y3P_5776","French",1,1,"ECOLE PRIMAIRE IBN AL HAYTAM","24791W","french_chain1",TRUE,1.25510191097487
"Y3P_5788","French",1,1,"ECOLE IBN TOUFAIL","27147G","french_chain1",TRUE,1.3246303130919
"Y3P_5794","French",1,1,"ECOLE IBN TOUFAIL","27147G","french_chain1",TRUE,0.689136736371586
"Y3P_5851","French",1,0,"OULED SIDI ABDENNEBI","01738N","french_chain1",TRUE,-0.500832957319058
"Y3P_5878","French",1,1,"ECOLE PRIMAIRE MOHAMED ZARKTOUNI","24698V","french_chain1",TRUE,-0.314169978877259
"Y3P_5886","French",1,0,"ECOLE PRIMAIRE ERHAMNA","01621L","french_chain1",TRUE,0.202528656205831
"Y3P_5920","French",1,0,"ECOLE PRIMAIRE OUED AL MAKHAZINE","01623N","french_chain1",TRUE,0.323587347659647
"Y3P_5951","French",1,1,"LISSANE EDDINE IBN ALKHATIB","27199N","french_chain1",TRUE,0.641423938505945
"Y3P_5970","French",1,1,"LISSANE EDDINE IBN ALKHATIB","27199N","french_chain1",TRUE,-0.14806271725481
"Y3P_6016","French",1,1,"ECOLE IBN TOUFAIL","27147G","french_chain1",TRUE,1.35861420112115
"Y3P_6027","French",1,1,"ECOLE PRIMAIRE ENNOUR","26477D","french_chain1",TRUE,1.4577254865272
"Y3P_6030","French",1,0,"ECOLE PRIMAIRE ERHAMNA","01621L","french_chain1",TRUE,0.323587347659649
"Y3P_6072","French",1,1,"ECOLE PRIMAIRE ENNOUR","26477D","french_chain1",TRUE,0.992350908612519
"Y3P_6077","French",1,1,"ECOLE PRIMAIRE ENNOUR","26477D","french_chain1",TRUE,1.4577254865272
"Y3P_6090","French",1,1,"LISSANE EDDINE IBN ALKHATIB","27199N","french_chain1",TRUE,0.780919979286562
"Y3P_6106","French",1,1,"ECOLE PRIMAIRE ENNOUR","26477D","french_chain1",TRUE,1.14650682448742
"Y3P_6111","French",1,1,"ECOLE MOUAD BEN JABAL","25822S","french_chain1",TRUE,0.541924208748574
"Y3P_6112","French",1,1,"ECOLE MOUAD BEN JABAL","25822S","french_chain1",TRUE,0.380906132769901
"Y3P_6124","French",1,0,"ECOLE PRIMAIRE SOUALEM","14375Z","french_chain1",TRUE,-0.14806271725481
"Y3P_6126","French",1,0,"E DRISS BENZAKRI","25969B","french_chain1",TRUE,0.780919979286556
"Y3P_6129","French",1,0,"E DRISS BENZAKRI","25969B","french_chain1",TRUE,-0.962675208301684
"Y3P_6152","French",1,0,"E ERRAHMA","20901T","french_chain1",TRUE,-0.714077309309472
"Y3P_6178","French",1,1,"ECOLE MOUAD BEN JABAL","25822S","french_chain1",TRUE,1.07088550685414
"Y3P_6191","French",1,0,"ECOLE PRIMAIRE  ALI BNOU ABITALEB","25998H","french_chain1",TRUE,-0.83326260802363
"Y3P_6194","French",1,0,"ECOLE PRIMAIRE  ALI BNOU ABITALEB","25998H","french_chain1",TRUE,-0.603663813814508
"Y3P_6249","French",1,1,"AL FARABI","27200P","french_chain1",TRUE,0.541924208748572
"Y3P_6261","French",1,0,"ECOLE PRIMAIRE ELMARWA","27527V","french_chain1",TRUE,-0.500832957319058
"Y3P_6264","French",1,0,"OULED SIDI ABDENNEBI","01738N","french_chain1",TRUE,-0.500832957319057
"Y3P_6267","French",1,1,"ECOLE SIDI ALI","08138V","french_chain1",TRUE,0.735609282040139
"Y3P_6268","French",1,0,"OUM EL BANINE","26368K","french_chain1",TRUE,-0.83326260802363
"Y3P_6272","French",1,1,"LISSANE EDDINE IBN ALKHATIB","27199N","french_chain1",TRUE,-0.603663813814506
"Y3P_6285","French",1,1,"ECOLE PRIMAIRE MOHAMED ZARKTOUNI","24698V","french_chain1",TRUE,0.489937395294117
"Y3P_6290","French",1,1,"EL MAKKI ENNACIRI","27094Z","french_chain1",TRUE,0.689136736371586
"Y3P_6292","French",1,1,"EL MAKKI ENNACIRI","27094Z","french_chain1",TRUE,1.10904119340074
"Y3P_6339","French",1,0,"EL FALAH","18168X","french_chain1",TRUE,1.21950564767887
"Y3P_6340","French",1,0,"AHMED BOUKMAKH","26501E","french_chain1",TRUE,-0.714077309309473
"Y3P_6347","French",1,0,"ABI BAKR ESSADDIK","01727B","french_chain1",TRUE,-0.714077309309473
"Y3P_6392","French",1,0,"OULED SIDI ABDENNEBI","01738N","french_chain1",TRUE,0.0715645413093853
"Y3P_6404","French",1,0,"OUM EL BANINE","26368K","french_chain1",TRUE,0.436307893898242
"Y3P_6416","French",1,1,"ECOLE PRIMAIRE ENNOUR","26477D","french_chain1",TRUE,0.780919979286562
"Y3P_6433","French",1,1,"ECOLE OMAR BNOU ALKHATTAB","14019M","french_chain1",TRUE,0.735609282040136
"Y3P_6445","French",1,1,"ECOLE PRIMAIRE MUSTAPHA EL MAANI","14033C","french_chain1",TRUE,0.0715645413093866
"Y3P_6469","French",1,1,"ECOLE PRIMAIRE MUSTAPHA EL MAANI","14033C","french_chain1",TRUE,0.380906132769902
"Y3P_6471","French",1,1,"IBNOU MISSKAWAIHE","27772L","french_chain1",TRUE,-0.603663813814505
"Y3P_6478","French",1,1,"ENNAHDA","18163S","french_chain1",TRUE,0.489937395294115
"Y3P_6487","French",1,1,"ECOLE ABDELKRIM EL KHATIB","25823T","french_chain1",TRUE,0.541924208748572
"Y3P_6491","French",1,0,"ECOLE PRIMAIRE OUED AL MAKHAZINE","01623N","french_chain1",TRUE,-0.071333334589446
"Y3P_6520","French",1,0,"EL FALAH","18168X","french_chain1",TRUE,-0.148062717254812
"Y3P_6527","French",1,1,"ECOLE EL KARIA","08207V","french_chain1",TRUE,1.21950564767887
"Y3P_6537","French",1,1,"ECOLE EL KARIA","08207V","french_chain1",TRUE,1.35861420112115
"Y3P_6548","French",1,1,"ECOLE EL KARIA","08207V","french_chain1",TRUE,0.780919979286561
"Y3P_6550","French",1,1,"ECOLE EL KARIA","08207V","french_chain1",TRUE,1.10904119340073
"Y3P_6552","French",1,0,"MOHAMED ZERKTOUNI","18165U","french_chain1",TRUE,-0.314169978877259
"Y3P_6553","French",1,0,"MOHAMED ZERKTOUNI","18165U","french_chain1",TRUE,0.0715645413093853
"Y3P_6556","French",1,1,"ECOLE TIKNI","08099C","french_chain1",TRUE,-0.228846381157124
"Y3P_6560","French",1,1,"ECOLE PRIMAIRE MED BELHASSAN AL OUAZZANI","01633Z","french_chain1",TRUE,0.735609282040136
"Y3P_6569","French",1,1,"ECOLE PRIMAIRE MED BELHASSAN AL OUAZZANI","01633Z","french_chain1",TRUE,1.18331742477144
"Y3P_6585","French",1,1,"AL FARABI","27200P","french_chain1",TRUE,1.18331742477144
"Y3P_6587","French",1,0,"ECOLE PRIMAIRE AHL LOUGHLAM CHARKIA","01722W","french_chain1",TRUE,0.489937395294117
"Y3P_6591","French",1,1,"ECOLE PRIMAIRE IBN AL HAYTAM","24791W","french_chain1",TRUE,1.25510191097487
"Y3P_6594","French",1,1,"ECOLE EL KARIA","08207V","french_chain1",TRUE,1.03200220095457
"Y3P_6595","French",1,1,"ECOLE PRIMAIRE IBN AL HAYTAM","24791W","french_chain1",TRUE,1.03200220095458
"Y3P_6600","French",1,0,"E ERRAHMA","20901T","french_chain1",TRUE,-0.714077309309473
"Y3P_6605","French",1,0,"E DRISS BENZAKRI","25969B","french_chain1",TRUE,-0.228846381157127
"Y3P_6608","French",1,0,"ECOLE PRIMAIRE SOUALEM","14375Z","french_chain1",TRUE,0.380906132769903
"Y3P_6614","French",1,1,"ECOLE PRIMAIRE MOHAMED ZARKTOUNI","24698V","french_chain1",TRUE,1.21950564767888
"Y3P_6623","French",1,0,"AHMED BOUKMAKH","26501E","french_chain1",TRUE,-0.603663813814507
"Y3P_6624","French",1,1,"IBNOU MISSKAWAIHE","27772L","french_chain1",TRUE,1.18331742477144
"Y3P_6633","French",1,1,"ECOLE PRIMAIRE MUSTAPHA EL MAANI","14033C","french_chain1",TRUE,0.541924208748577
"Y3P_6638","French",1,1,"ECOLE PRIMAIRE MUSTAPHA EL MAANI","14033C","french_chain1",TRUE,-0.314169978877259
"Y3P_6651","French",1,1,"IBN BATTOUTA","08086N","french_chain1",TRUE,1.21950564767887
"Y3P_6652","French",1,0,"MOHAMED ZERKTOUNI","18165U","french_chain1",TRUE,0.436307893898244
"Y3P_6671","French",1,0,"OUM EL BANINE","26368K","french_chain1",TRUE,0.138398881251487
"Y3P_6692","French",1,0,"E OUKBA BNOU NAFII","25341U","french_chain1",TRUE,1.10904119340073
"Y3P_6700","French",1,1,"ECOLE IBN TOUFAIL","27147G","french_chain1",TRUE,0.82514037888918
"Y3P_6713","French",1,1,"ECOLE SIDI ALI","08138V","french_chain1",TRUE,0.20252865620583
"Y3P_6716","French",1,1,"IBN BATTOUTA","08086N","french_chain1",TRUE,0.868335953271178
"Y3P_6719","French",1,0,"E ERRAHMA","20901T","french_chain1",TRUE,0.825140378889181
"Y3P_6738","French",1,0,"ECOLE PRIMAIRE SOUALEM","14375Z","french_chain1",TRUE,0.436307893898247
"Y3P_6750","French",1,0,"ECOLE PRIMAIRE  EL KODS","01788T","french_chain1",TRUE,0.592384740646363
"Y3P_6751","French",1,0,"ECOLE PRIMAIRE  EL KODS","01788T","french_chain1",TRUE,0.592384740646364
"Y3P_6754","French",1,0,"ECOLE PRIMAIRE  EL KODS","01788T","french_chain1",TRUE,0.951888113855435
"Y3P_6756","French",1,0,"ECOLE PRIMAIRE  EL KODS","01788T","french_chain1",TRUE,0.436307893898244
"Y3P_6758","French",1,0,"E DRISS BENZAKRI","25969B","french_chain1",TRUE,-0.83326260802363
"Y3P_6762","French",1,0,"E DRISS BENZAKRI","25969B","french_chain1",TRUE,-0.603663813814507
"Y3P_6765","French",1,1,"ECOLE PRIMAIRE MED BELHASSAN AL OUAZZANI","01633Z","french_chain1",TRUE,0.689136736371586
"Y3P_6776","French",1,1,"ECOLE PRIMAIRE MED BELHASSAN AL OUAZZANI","01633Z","french_chain1",TRUE,0.138398881251487
"Y3P_6778","French",1,1,"ECOLE TIKNI","08099C","french_chain1",TRUE,0.20252865620583
"Y3P_6779","French",1,0,"E HOMMANE EL FETOUAKI","26461L","french_chain1",TRUE,0.138398881251488
"Y3P_6783","French",1,0,"E HOMMANE EL FETOUAKI","26461L","french_chain1",TRUE,1.35861420112115
"Y3P_6796","French",1,0,"E HOMMANE EL FETOUAKI","26461L","french_chain1",TRUE,-0.314169978877259
"Y3P_6800","French",1,0,"ECOLE PRIMAIRE AHL LOUGHLAM CHARKIA","01722W","french_chain1",TRUE,0.735609282040137
"Y3P_6817","French",1,0,"OULED SIDI ABDENNEBI","01738N","french_chain1",TRUE,-1.10410890872619
"Y3P_6823","French",1,0,"ECOLE PRIMAIRE ELMARWA","27527V","french_chain1",TRUE,0.0715645413093865
"Y3P_6836","French",1,0,"E 11 JANVIER","26108C","french_chain1",TRUE,1.10904119340073
"Y3P_6845","French",1,0,"E 11 JANVIER","26108C","french_chain1",TRUE,0.641423938505944
"Y3P_6846","French",1,0,"E 11 JANVIER","26108C","french_chain1",TRUE,-0.314169978877258
"Y3P_6847","French",1,0,"E 11 JANVIER","26108C","french_chain1",TRUE,0.138398881251487
"Y3P_6873","French",1,0,"ECOLE PRIMAIRE  ALI BNOU ABITALEB","25998H","french_chain1",TRUE,-0.500832957319058
"Y3P_6877","French",1,0,"ECOLE PRIMAIRE  ALI BNOU ABITALEB","25998H","french_chain1",TRUE,-0.0713333345894453
"Y3P_6879","French",1,1,"ABDERRAHMANE HJIRA","24457H","french_chain1",TRUE,0.64142393850594
"Y3P_6885","French",1,1,"AL FARABI","27200P","french_chain1",TRUE,-0.962675208301684
"Y3P_6893","French",1,1,"ECOLE MOUAD BEN JABAL","25822S","french_chain1",TRUE,0.541924208748571
"Y3P_6903","French",1,1,"ECOLE ABDELKRIM EL KHATIB","25823T","french_chain1",TRUE,1.10904119340074
"Y3P_6909","French",1,0,"ECOLE PRIMAIRE  ALI BNOU ABITALEB","25998H","french_chain1",TRUE,0.202528656205831
"Y3P_6910","French",1,1,"ENNAHDA","18163S","french_chain1",TRUE,-0.228846381157126
"Y3P_6913","French",1,1,"ENNAHDA","18163S","french_chain1",TRUE,0.592384740646364
"Y3P_6924","French",1,1,"ECOLE OMAR BNOU ALKHATTAB","14019M","french_chain1",TRUE,0.951888113855439
"Y3P_6934","French",1,1,"LISSANE EDDINE IBN ALKHATIB","27199N","french_chain1",TRUE,0.592384740646362
"Y3P_6944","French",1,1,"ECOLE SIDI ALI","08138V","french_chain1",TRUE,1.21950564767887
"Y3P_6956","French",1,0,"E OUKBA BNOU NAFII","25341U","french_chain1",TRUE,0.138398881251487
"Y3P_6960","French",1,0,"OUM EL BANINE","26368K","french_chain1",TRUE,-1.6255819976143
"Y3P_6963","French",1,0,"OUM EL BANINE","26368K","french_chain1",TRUE,-0.0713333345894458
"Y3P_6966","French",1,1,"AL FARABI","27200P","french_chain1",TRUE,0.951888113855442
"Y3P_6971","French",1,0,"ABI BAKR ESSADDIK","01727B","french_chain1",TRUE,-0.0713333345894459
"Y3P_6977","French",1,1,"ENNAHDA","18163S","french_chain1",TRUE,-0.962675208301684
"Y3P_6978","French",1,0,"ECOLE PRIMAIRE ELMARWA","27527V","french_chain1",TRUE,-0.714077309309472
"Y3P_6980","French",1,1,"EL MAKKI ENNACIRI","27094Z","french_chain1",TRUE,0.202528656205831
"Y3P_6984","French",1,1,"ECOLE IBRAHIM ROUDANI","23361S","french_chain1",TRUE,0.825140378889177
"Y3P_6986","French",1,0,"ABI BAKR ESSADDIK","01727B","french_chain1",TRUE,-0.714077309309472
"Y3P_6987","French",1,0,"E ERRAHMA","20901T","french_chain1",TRUE,0.910566776932212
"Y3P_7008","French",1,1,"ECOLE TIKNI","08099C","french_chain1",TRUE,-0.714077309309475
"Y3P_7013","French",1,0,"OULED SIDI ABDENNEBI","01738N","french_chain1",TRUE,-0.833262608023631
"Y3P_7018","French",1,0,"ECOLE PRIMAIRE OUED AL MAKHAZINE","01623N","french_chain1",TRUE,0.541924208748574
"Y3P_7021","French",1,0,"ECOLE PRIMAIRE OUED AL MAKHAZINE","01623N","french_chain1",TRUE,0.641423938505946
"Y3P_7034","French",1,1,"ECOLE SIDI ALI","08138V","french_chain1",TRUE,0.541924208748578
"Y3P_7036","French",1,0,"ECOLE PRIMAIRE SOUALEM","14375Z","french_chain1",TRUE,0.78091997928656
"Y3P_7040","French",1,1,"ECOLE PRIMAIRE MOHAMED ZARKTOUNI","24698V","french_chain1",TRUE,1.25510191097487
"Y3P_7048","French",1,1,"ECOLE IBRAHIM ROUDANI","23361S","french_chain1",TRUE,1.03200220095458
"Y3P_7050","French",1,1,"ECOLE ABDELKRIM EL KHATIB","25823T","french_chain1",TRUE,0.592384740646364
"Y3P_7064","French",1,0,"ECOLE PRIMAIRE OUED AL MAKHAZINE","01623N","french_chain1",TRUE,0.489937395294115
"Y3P_7071","French",1,1,"EL MAKKI ENNACIRI","27094Z","french_chain1",TRUE,1.35861420112115
"Y3P_7079","French",1,1,"ECOLE OMAR BNOU ALKHATTAB","14019M","french_chain1",TRUE,-0.071333334589446
"Y3P_7086","French",1,1,"ECOLE IBRAHIM ROUDANI","23361S","french_chain1",TRUE,0.910566776932213
"Y3P_7090","French",1,0,"EL FALAH","18168X","french_chain1",TRUE,-1.25978643883667
"Y3P_7096","French",1,0,"ECOLE PRIMAIRE AHL LOUGHLAM CHARKIA","01722W","french_chain1",TRUE,1.18331742477144
"Y3P_7100","French",1,1,"ABDERRAHMANE HJIRA","24457H","french_chain1",TRUE,0.54192420874857
"Y3P_7111","French",1,1,"IBNOU MISSKAWAIHE","27772L","french_chain1",TRUE,1.03200220095457
"Y3P_7120","French",1,0,"E ERRAHMA","20901T","french_chain1",TRUE,-0.603663813814507
"Y3P_2780","French",2,1,"ECOLE MOUAD BEN JABAL","25822S","french_chain1",TRUE,-0.228846381157125
"Y3P_3321","French",2,0,"E ERRAHMA","20901T","french_chain1",TRUE,-1.25978643883667
"Y3P_3322","French",2,1,"ENNAHDA","18163S","french_chain1",TRUE,-0.714077309309471
"Y3P_3331","French",2,0,"ECOLE PRIMAIRE ELMARWA","27527V","french_chain1",TRUE,0.323587347659651
"Y3P_3404","French",2,1,"ENNAHDA","18163S","french_chain1",TRUE,0.380906132769905
"Y3P_3409","French",2,0,"EL FALAH","18168X","french_chain1",TRUE,-0.83326260802363
"Y3P_3575","French",2,0,"ECOLE PRIMAIRE  EL KODS","01788T","french_chain1",TRUE,0.780919979286562
"Y3P_3926","French",2,0,"CENTRALE EL AOUNATE","08101E","french_chain1",TRUE,-1.43246943297424
"Y3P_3984","French",2,1,"ECOLE IBRAHIM ROUDANI","23361S","french_chain1",TRUE,-0.148062717254811
"Y3P_4028","French",2,1,"ECOLE SIDI ALI","08138V","french_chain1",TRUE,1.14650682448742
"Y3P_4043","French",2,0,"ECOLE PRIMAIRE  EL KODS","01788T","french_chain1",TRUE,0.489937395294115
"Y3P_4054","French",2,1,"EL MAKKI ENNACIRI","27094Z","french_chain1",TRUE,0.592384740646354
"Y3P_4055","French",2,1,"EL MAKKI ENNACIRI","27094Z","french_chain1",TRUE,-0.0713333345894473
"Y3P_4082","French",2,0,"OUM EL BANINE","26368K","french_chain1",TRUE,-0.714077309309471
"Y3P_4091","French",2,1,"EL MAKKI ENNACIRI","27094Z","french_chain1",TRUE,-0.962675208301685
"Y3P_4114","French",2,1,"ABDERRAHMANE HJIRA","24457H","french_chain1",TRUE,1.25510191097487
"Y3P_4129","French",2,1,"ECOLE IBRAHIM ROUDANI","23361S","french_chain1",TRUE,-0.83326260802363
"Y3P_4151","French",2,0,"OUM EL BANINE","26368K","french_chain1",TRUE,0.910566776932214
"Y3P_4162","French",2,1,"IBN BATTOUTA","08086N","french_chain1",TRUE,1.10904119340073
"Y3P_4192","French",2,1,"ECOLE PRIMAIRE MED BELHASSAN AL OUAZZANI","01633Z","french_chain1",TRUE,-0.314169978877257
"Y3P_4202","French",2,0,"E OUKBA BNOU NAFII","25341U","french_chain1",TRUE,-0.603663813814502
"Y3P_4205","French",2,0,"ECOLE PRIMAIRE OUED AL MAKHAZINE","01623N","french_chain1",TRUE,1.32463031309189
"Y3P_4240","French",2,1,"ECOLE PRIMAIRE IBN AL HAYTAM","24791W","french_chain1",TRUE,1.07088550685413
"Y3P_4242","French",2,0,"ECOLE PRIMAIRE SOUALEM","14375Z","french_chain1",TRUE,0.0715645413093853
"Y3P_4249","French",2,0,"ECOLE PRIMAIRE ERHAMNA","01621L","french_chain1",TRUE,0.138398881251487
"Y3P_4261","French",2,1,"ECOLE IBN TOUFAIL","27147G","french_chain1",TRUE,-0.4046057677563
"Y3P_4281","French",2,0,"E DRISS BENZAKRI","25969B","french_chain1",TRUE,-1.43246943297424
"Y3P_4316","French",2,0,"AHMED BOUKMAKH","26501E","french_chain1",TRUE,-0.228846381157125
"Y3P_4348","French",2,1,"IBN BATTOUTA","08086N","french_chain1",TRUE,1.03200220095458
"Y3P_4369","French",2,1,"IBNOU MISSKAWAIHE","27772L","french_chain1",TRUE,-0.148062717254812
"Y3P_4393","French",2,0,"AHMED BOUKMAKH","26501E","french_chain1",TRUE,0.489937395294116
"Y3P_4397","French",2,1,"ECOLE IBRAHIM ROUDANI","23361S","french_chain1",TRUE,0.689136736371578
"Y3P_4414","French",2,1,"ECOLE TIKNI","08099C","french_chain1",TRUE,1.29013459311193
"Y3P_4422","French",2,1,"AL FARABI","27200P","french_chain1",TRUE,1.10904119340073
"Y3P_4423","French",2,1,"IBNOU MISSKAWAIHE","27772L","french_chain1",TRUE,0.0715645413093851
"Y3P_4445","French",2,1,"IBN BATTOUTA","08086N","french_chain1",TRUE,-0.962675208301684
"Y3P_4457","French",2,0,"CENTRALE EL AOUNATE","08101E","french_chain1",TRUE,0.323587347659649
"Y3P_4489","French",2,0,"ECOLE PRIMAIRE IBNOU TOFAIL","01625R","french_chain1",TRUE,-1.6255819976143
"Y3P_4499","French",2,0,"E OUKBA BNOU NAFII","25341U","french_chain1",TRUE,-0.314169978877257
"Y3P_4560","French",2,0,"E HOMMANE EL FETOUAKI","26461L","french_chain1",TRUE,0.489937395294114
"Y3P_4561","French",2,0,"E HOMMANE EL FETOUAKI","26461L","french_chain1",TRUE,-0.314169978877257
"Y3P_4581","French",2,1,"AL FARABI","27200P","french_chain1",TRUE,-0.714077309309471
"Y3P_4601","French",2,1,"ECOLE OMAR BNOU ALKHATTAB","14019M","french_chain1",TRUE,0.735609282040132
"Y3P_4635","French",2,1,"ABDERRAHMANE HJIRA","24457H","french_chain1",TRUE,-0.714077309309471
"Y3P_4651","French",2,1,"IBN BATTOUTA","08086N","french_chain1",TRUE,-0.148062717254812
"Y3P_4659","French",2,0,"E HOMMANE EL FETOUAKI","26461L","french_chain1",TRUE,-0.314169978877257
"Y3P_4715","French",2,0,"ECOLE PRIMAIRE SOUALEM","14375Z","french_chain1",TRUE,0.780919979286558
"Y3P_4730","French",2,1,"ECOLE IBRAHIM ROUDANI","23361S","french_chain1",TRUE,0.0715645413093856
"Y3P_4743","French",2,1,"ECOLE IBN TOUFAIL","27147G","french_chain1",TRUE,0.138398881251488
"Y3P_4750","French",2,1,"ECOLE IBN TOUFAIL","27147G","french_chain1",TRUE,-0.314169978877256
"Y3P_4774","French",2,1,"LISSANE EDDINE IBN ALKHATIB","27199N","french_chain1",TRUE,0.689136736371579
"Y3P_4812","French",2,0,"E 11 JANVIER","26108C","french_chain1",TRUE,-1.43246943297424
"Y3P_4840","French",2,0,"CENTRALE EL AOUNATE","08101E","french_chain1",TRUE,-0.404605767756299
"Y3P_4892","French",2,0,"E DRISS BENZAKRI","25969B","french_chain1",TRUE,0.689136736371578
"Y3P_4923","French",2,1,"ECOLE ABDELKRIM EL KHATIB","25823T","french_chain1",TRUE,0.138398881251488
"Y3P_4924","French",2,1,"ECOLE MOUAD BEN JABAL","25822S","french_chain1",TRUE,0.541924208748571
"Y3P_5009","French",2,1,"ABDERRAHMANE HJIRA","24457H","french_chain1",TRUE,-0.714077309309471
"Y3P_5017","French",2,1,"ECOLE PRIMAIRE ENNOUR","26477D","french_chain1",TRUE,0.138398881251488
"Y3P_5084","French",2,0,"ECOLE PRIMAIRE OUED AL MAKHAZINE","01623N","french_chain1",TRUE,-1.6255819976143
"Y3P_5176","French",2,0,"AHMED BOUKMAKH","26501E","french_chain1",TRUE,-0.148062717254811
"Y3P_5201","French",2,0,"ECOLE PRIMAIRE ERHAMNA","01621L","french_chain1",TRUE,-0.833262608023631
"Y3P_5246","French",2,0,"ECOLE PRIMAIRE  ALI BNOU ABITALEB","25998H","french_chain1",TRUE,0.59238474064635
"Y3P_5255","French",2,0,"ECOLE PRIMAIRE SOUALEM","14375Z","french_chain1",TRUE,-1.43246943297424
"Y3P_5259","French",2,0,"ECOLE PRIMAIRE  ALI BNOU ABITALEB","25998H","french_chain1",TRUE,0.323587347659651
"Y3P_5266","French",2,0,"ECOLE PRIMAIRE AHL LOUGHLAM CHARKIA","01722W","french_chain1",TRUE,0.78091997928656
"Y3P_5305","French",2,0,"OULED SIDI ABDENNEBI","01738N","french_chain1",TRUE,0.0715645413093852
"Y3P_5360","French",2,1,"ECOLE MOUAD BEN JABAL","25822S","french_chain1",TRUE,0.380906132769905
"Y3P_5378","French",2,0,"ECOLE PRIMAIRE IBNOU TOFAIL","01625R","french_chain1",TRUE,1.55300193461717
"Y3P_5382","French",2,1,"ECOLE PRIMAIRE MUSTAPHA EL MAANI","14033C","french_chain1",TRUE,-0.603663813814502
"Y3P_5386","French",2,1,"ECOLE PRIMAIRE IBN AL HAYTAM","24791W","french_chain1",TRUE,-0.0713333345894471
"Y3P_5389","French",2,1,"ECOLE EL KARIA","08207V","french_chain1",TRUE,0.32358734765965
"Y3P_5394","French",2,1,"ECOLE EL KARIA","08207V","french_chain1",TRUE,0.20252865620583
"Y3P_5397","French",2,1,"ECOLE EL KARIA","08207V","french_chain1",TRUE,1.25510191097487
"Y3P_5400","French",2,1,"LISSANE EDDINE IBN ALKHATIB","27199N","french_chain1",TRUE,-0.228846381157124
"Y3P_5417","French",2,1,"ECOLE SIDI ALI","08138V","french_chain1",TRUE,-0.0713333345894467
"Y3P_5419","French",2,1,"ECOLE SIDI ALI","08138V","french_chain1",TRUE,-0.404605767756298
"Y3P_5433","French",2,0,"MOHAMED ZERKTOUNI","18165U","french_chain1",TRUE,-0.314169978877257
"Y3P_5469","French",2,1,"ECOLE PRIMAIRE ENNOUR","26477D","french_chain1",TRUE,0.264189158504853
"Y3P_5470","French",2,1,"ECOLE PRIMAIRE ENNOUR","26477D","french_chain1",TRUE,1.39211002827329
"Y3P_5482","French",2,0,"MOHAMED ZERKTOUNI","18165U","french_chain1",TRUE,-1.43246943297424
"Y3P_5517","French",2,1,"ECOLE EL KARIA","08207V","french_chain1",TRUE,-0.314169978877258
"Y3P_5524","French",2,1,"ECOLE IBRAHIM ROUDANI","23361S","french_chain1",TRUE,0.202528656205829
"Y3P_5535","French",2,0,"ECOLE PRIMAIRE OUED AL MAKHAZINE","01623N","french_chain1",TRUE,-1.6255819976143
"Y3P_5561","French",2,1,"ECOLE PRIMAIRE MUSTAPHA EL MAANI","14033C","french_chain1",TRUE,-0.148062717254812
"Y3P_5622","French",2,1,"ECOLE PRIMAIRE MED BELHASSAN AL OUAZZANI","01633Z","french_chain1",TRUE,0.436307893898244
"Y3P_5624","French",2,0,"E OUKBA BNOU NAFII","25341U","french_chain1",TRUE,-0.0713333345894462
"Y3P_5625","French",2,0,"ECOLE PRIMAIRE AHL LOUGHLAM CHARKIA","01722W","french_chain1",TRUE,0.202528656205828
"Y3P_5640","French",2,0,"ECOLE PRIMAIRE  EL KODS","01788T","french_chain1",TRUE,0.202528656205829
"Y3P_5643","French",2,0,"ECOLE PRIMAIRE ELMARWA","27527V","french_chain1",TRUE,-1.25978643883667
"Y3P_5660","French",2,0,"AHMED BOUKMAKH","26501E","french_chain1",TRUE,1.10904119340073
"Y3P_5664","French",2,0,"ECOLE PRIMAIRE ELMARWA","27527V","french_chain1",TRUE,0.78091997928656
"Y3P_5679","French",2,0,"E DRISS BENZAKRI","25969B","french_chain1",TRUE,0.73560928204013
"Y3P_5682","French",2,0,"E HOMMANE EL FETOUAKI","26461L","french_chain1",TRUE,0.0715645413093855
"Y3P_5683","French",2,0,"E DRISS BENZAKRI","25969B","french_chain1",TRUE,-0.962675208301684
"Y3P_5684","French",2,0,"E HOMMANE EL FETOUAKI","26461L","french_chain1",TRUE,-0.603663813814502
"Y3P_5690","French",2,0,"E ERRAHMA","20901T","french_chain1",TRUE,-0.071333334589447
"Y3P_5691","French",2,0,"E ERRAHMA","20901T","french_chain1",TRUE,0.138398881251487
"Y3P_5692","French",2,0,"E ERRAHMA","20901T","french_chain1",TRUE,-0.833262608023629
"Y3P_5693","French",2,0,"E ERRAHMA","20901T","french_chain1",TRUE,-0.148062717254813
"Y3P_5704","French",2,0,"EL FALAH","18168X","french_chain1",TRUE,-1.25978643883667
"Y3P_5713","French",2,0,"ECOLE PRIMAIRE AHL LOUGHLAM CHARKIA","01722W","french_chain1",TRUE,-0.228846381157125
"Y3P_5721","French",2,1,"ENNAHDA","18163S","french_chain1",TRUE,1.29013459311194
"Y3P_5723","French",2,1,"ENNAHDA","18163S","french_chain1",TRUE,0.689136736371576
"Y3P_5755","French",2,1,"ECOLE PRIMAIRE IBN AL HAYTAM","24791W","french_chain1",TRUE,1.21950564767887
"Y3P_5756","French",2,1,"ECOLE PRIMAIRE IBN AL HAYTAM","24791W","french_chain1",TRUE,0.951888113855441
"Y3P_5762","French",2,0,"ECOLE PRIMAIRE  ALI BNOU ABITALEB","25998H","french_chain1",TRUE,-0.4046057677563
"Y3P_5763","French",2,0,"ECOLE PRIMAIRE  ALI BNOU ABITALEB","25998H","french_chain1",TRUE,1.03200220095457
"Y3P_5768","French",2,0,"ECOLE PRIMAIRE  ALI BNOU ABITALEB","25998H","french_chain1",TRUE,-0.148062717254811
"Y3P_5780","French",2,0,"EL FALAH","18168X","french_chain1",TRUE,-1.10410890872619
"Y3P_5785","French",2,1,"ECOLE IBN TOUFAIL","27147G","french_chain1",TRUE,0.868335953271177
"Y3P_5797","French",2,0,"E DRISS BENZAKRI","25969B","french_chain1",TRUE,-0.83326260802363
"Y3P_5807","French",2,0,"OULED SIDI ABDENNEBI","01738N","french_chain1",TRUE,-0.0713333345894476
"Y3P_5818","French",2,0,"ECOLE PRIMAIRE ERHAMNA","01621L","french_chain1",TRUE,-0.228846381157126
"Y3P_5827","French",2,0,"ECOLE PRIMAIRE ERHAMNA","01621L","french_chain1",TRUE,-1.43246943297424
"Y3P_5828","French",2,0,"ECOLE PRIMAIRE ELMARWA","27527V","french_chain1",TRUE,0.436307893898242
"Y3P_5830","French",2,0,"ECOLE PRIMAIRE ERHAMNA","01621L","french_chain1",TRUE,-0.148062717254811
"Y3P_5838","French",2,0,"CENTRALE EL AOUNATE","08101E","french_chain1",TRUE,-0.404605767756301
"Y3P_5842","French",2,1,"ECOLE PRIMAIRE MED BELHASSAN AL OUAZZANI","01633Z","french_chain1",TRUE,-0.148062717254812
"Y3P_5844","French",2,1,"LISSANE EDDINE IBN ALKHATIB","27199N","french_chain1",TRUE,0.735609282040135
"Y3P_5850","French",2,1,"ECOLE PRIMAIRE MED BELHASSAN AL OUAZZANI","01633Z","french_chain1",TRUE,0.641423938505932
"Y3P_5854","French",2,1,"ECOLE PRIMAIRE MED BELHASSAN AL OUAZZANI","01633Z","french_chain1",TRUE,1.14650682448742
"Y3P_5858","French",2,1,"ECOLE PRIMAIRE MOHAMED ZARKTOUNI","24698V","french_chain1",TRUE,1.18331742477143
"Y3P_5859","French",2,1,"ECOLE PRIMAIRE MOHAMED ZARKTOUNI","24698V","french_chain1",TRUE,0.825140378889181
"Y3P_5868","French",2,1,"ECOLE PRIMAIRE MOHAMED ZARKTOUNI","24698V","french_chain1",TRUE,-1.10410890872619
"Y3P_5872","French",2,1,"ECOLE PRIMAIRE MOHAMED ZARKTOUNI","24698V","french_chain1",TRUE,0.78091997928656
"Y3P_5874","French",2,1,"LISSANE EDDINE IBN ALKHATIB","27199N","french_chain1",TRUE,0.735609282040132
"Y3P_5895","French",2,0,"EL FALAH","18168X","french_chain1",TRUE,-1.25978643883667
"Y3P_5896","French",2,0,"OULED SIDI ABDENNEBI","01738N","french_chain1",TRUE,-0.228846381157124
"Y3P_5898","French",2,1,"EL MAKKI ENNACIRI","27094Z","french_chain1",TRUE,-0.500832957319056
"Y3P_5899","French",2,1,"ENNAHDA","18163S","french_chain1",TRUE,0.541924208748569
"Y3P_5913","French",2,0,"ECOLE PRIMAIRE AHL LOUGHLAM CHARKIA","01722W","french_chain1",TRUE,0.436307893898242
"Y3P_5917","French",2,0,"CENTRALE EL AOUNATE","08101E","french_chain1",TRUE,-1.43246943297424
"Y3P_5929","French",2,1,"ECOLE PRIMAIRE ENNOUR","26477D","french_chain1",TRUE,0.868335953271175
"Y3P_5930","French",2,1,"ECOLE PRIMAIRE ENNOUR","26477D","french_chain1",TRUE,0.992350908612524
"Y3P_5959","French",2,0,"MOHAMED ZERKTOUNI","18165U","french_chain1",TRUE,-0.404605767756299
"Y3P_5960","French",2,0,"MOHAMED ZERKTOUNI","18165U","french_chain1",TRUE,0.0715645413093856
"Y3P_5972","French",2,1,"ECOLE OMAR BNOU ALKHATTAB","14019M","french_chain1",TRUE,-1.10410890872619
"Y3P_5973","French",2,1,"ECOLE OMAR BNOU ALKHATTAB","14019M","french_chain1",TRUE,0.951888113855435
"Y3P_5977","French",2,1,"ECOLE OMAR BNOU ALKHATTAB","14019M","french_chain1",TRUE,0.20252865620583
"Y3P_5982","French",2,0,"ABI BAKR ESSADDIK","01727B","french_chain1",TRUE,-1.43246943297424
"Y3P_5984","French",2,0,"ABI BAKR ESSADDIK","01727B","french_chain1",TRUE,-0.714077309309472
"Y3P_5987","French",2,0,"ABI BAKR ESSADDIK","01727B","french_chain1",TRUE,-1.6255819976143
"Y3P_5989","French",2,0,"ABI BAKR ESSADDIK","01727B","french_chain1",TRUE,0.992350908612519
"Y3P_5996","French",2,0,"ABI BAKR ESSADDIK","01727B","french_chain1",TRUE,1.10904119340073
"Y3P_5998","French",2,0,"ECOLE PRIMAIRE SOUALEM","14375Z","french_chain1",TRUE,0.689136736371578
"Y3P_6004","French",2,1,"IBN BATTOUTA","08086N","french_chain1",TRUE,-0.0713333345894471
"Y3P_6013","French",2,1,"LISSANE EDDINE IBN ALKHATIB","27199N","french_chain1",TRUE,0.138398881251487
"Y3P_6019","French",2,0,"ECOLE PRIMAIRE OUED AL MAKHAZINE","01623N","french_chain1",TRUE,-1.6255819976143
"Y3P_6026","French",2,0,"ECOLE PRIMAIRE OUED AL MAKHAZINE","01623N","french_chain1",TRUE,0.541924208748569
"Y3P_6034","French",2,1,"IBNOU MISSKAWAIHE","27772L","french_chain1",TRUE,0.380906132769904
"Y3P_6041","French",2,1,"ECOLE ABDELKRIM EL KHATIB","25823T","french_chain1",TRUE,0.86833595327118
"Y3P_6042","French",2,1,"ECOLE ABDELKRIM EL KHATIB","25823T","french_chain1",TRUE,1.25510191097487
"Y3P_6043","French",2,1,"ECOLE ABDELKRIM EL KHATIB","25823T","french_chain1",TRUE,-0.148062717254812
"Y3P_6044","French",2,1,"ECOLE ABDELKRIM EL KHATIB","25823T","french_chain1",TRUE,0.910566776932218
"Y3P_6052","French",2,1,"ECOLE MOUAD BEN JABAL","25822S","french_chain1",TRUE,-0.0713333345894472
"Y3P_6058","French",2,1,"ECOLE PRIMAIRE MUSTAPHA EL MAANI","14033C","french_chain1",TRUE,0.910566776932225
"Y3P_6084","French",2,0,"ECOLE PRIMAIRE IBNOU TOFAIL","01625R","french_chain1",TRUE,-0.500832957319055
"Y3P_6094","French",2,0,"ECOLE PRIMAIRE  EL KODS","01788T","french_chain1",TRUE,0.264189158504852
"Y3P_6120","French",2,0,"ECOLE PRIMAIRE IBNOU TOFAIL","01625R","french_chain1",TRUE,0.951888113855435
"Y3P_6122","French",2,0,"ECOLE PRIMAIRE IBNOU TOFAIL","01625R","french_chain1",TRUE,0.138398881251486
"Y3P_6134","French",2,0,"OULED SIDI ABDENNEBI","01738N","french_chain1",TRUE,-0.228846381157124
"Y3P_6148","French",2,1,"ECOLE SIDI ALI","08138V","french_chain1",TRUE,1.14650682448742
"Y3P_6160","French",2,1,"ECOLE TIKNI","08099C","french_chain1",TRUE,-0.962675208301684
"Y3P_6164","French",2,1,"ECOLE SIDI ALI","08138V","french_chain1",TRUE,1.10904119340073
"Y3P_6175","French",2,1,"ECOLE MOUAD BEN JABAL","25822S","french_chain1",TRUE,0.59238474064635
"Y3P_6177","French",2,0,"ECOLE PRIMAIRE SOUALEM","14375Z","french_chain1",TRUE,0.380906132769904
"Y3P_6202","French",2,1,"ECOLE TIKNI","08099C","french_chain1",TRUE,0.436307893898246
"Y3P_6204","French",2,0,"ECOLE PRIMAIRE ELMARWA","27527V","french_chain1",TRUE,-0.314169978877257
"Y3P_6216","French",2,1,"IBNOU MISSKAWAIHE","27772L","french_chain1",TRUE,0.071564541309386
"Y3P_6230","French",2,0,"E OUKBA BNOU NAFII","25341U","french_chain1",TRUE,-0.314169978877257
"Y3P_6236","French",2,0,"E OUKBA BNOU NAFII","25341U","french_chain1",TRUE,-0.603663813814502
"Y3P_6241","French",2,1,"ECOLE PRIMAIRE MUSTAPHA EL MAANI","14033C","french_chain1",TRUE,-0.314169978877258
"Y3P_6244","French",2,1,"AL FARABI","27200P","french_chain1",TRUE,-0.833262608023629
"Y3P_6247","French",2,1,"AL FARABI","27200P","french_chain1",TRUE,-0.148062717254812
"Y3P_6256","French",2,0,"ECOLE PRIMAIRE AHL LOUGHLAM CHARKIA","01722W","french_chain1",TRUE,-0.500832957319057
"Y3P_6263","French",2,0,"ECOLE PRIMAIRE  EL KODS","01788T","french_chain1",TRUE,0.592384740646354
"Y3P_6293","French",2,1,"ECOLE PRIMAIRE MOHAMED ZARKTOUNI","24698V","french_chain1",TRUE,0.541924208748569
"Y3P_6294","French",2,1,"ECOLE TIKNI","08099C","french_chain1",TRUE,1.07088550685414
"Y3P_6295","French",2,1,"ABDERRAHMANE HJIRA","24457H","french_chain1",TRUE,0.489937395294114
"Y3P_6316","French",2,1,"ECOLE PRIMAIRE IBN AL HAYTAM","24791W","french_chain1",TRUE,1.21950564767887
"Y3P_6322","French",2,0,"EL FALAH","18168X","french_chain1",TRUE,-0.962675208301684
"Y3P_6354","French",2,1,"ABDERRAHMANE HJIRA","24457H","french_chain1",TRUE,0.071564541309385
"Y3P_6356","French",2,1,"EL MAKKI ENNACIRI","27094Z","french_chain1",TRUE,0.735609282040133
"Y3P_6358","French",2,0,"E 11 JANVIER","26108C","french_chain1",TRUE,0.00175676946159515
"Y3P_6359","French",2,0,"MOHAMED ZERKTOUNI","18165U","french_chain1",TRUE,0.0715645413093854
"Y3P_6366","French",2,0,"E 11 JANVIER","26108C","french_chain1",TRUE,0.735609282040131
"Y3P_6370","French",2,0,"E 11 JANVIER","26108C","french_chain1",TRUE,-1.10410890872619
"Y3P_6379","French",2,0,"OUM EL BANINE","26368K","french_chain1",TRUE,-0.714077309309471
"Y3P_6401","French",2,1,"AL FARABI","27200P","french_chain1",TRUE,-0.83326260802363
"Y3P_6432","French",2,1,"ECOLE EL KARIA","08207V","french_chain1",TRUE,0.541924208748569
"Y3P_6435","French",2,1,"ECOLE OMAR BNOU ALKHATTAB","14019M","french_chain1",TRUE,0.951888113855441
"Y3P_6439","French",2,1,"ECOLE PRIMAIRE MUSTAPHA EL MAANI","14033C","french_chain1",TRUE,-0.4046057677563
"Y3P_6444","French",2,0,"OULED SIDI ABDENNEBI","01738N","french_chain1",TRUE,-0.714077309309471
"Y3P_6476","French",2,0,"OUM EL BANINE","26368K","french_chain1",TRUE,0.264189158504852
"Y3P_6565","French",2,1,"ECOLE IBN TOUFAIL","27147G","french_chain1",TRUE,1.07088550685413
"Y3P_6566","French",2,0,"AHMED BOUKMAKH","26501E","french_chain1",TRUE,1.03200220095457
"Y3P_6618","French",2,0,"OUM EL BANINE","26368K","french_chain1",TRUE,0.780919979286558
"Y3P_6640","French",2,1,"IBNOU MISSKAWAIHE","27772L","french_chain1",TRUE,-0.228846381157126
"Y3P_6676","French",2,1,"ECOLE TIKNI","08099C","french_chain1",TRUE,-0.603663813814505
"Y3P_1519","French",3,1,"ECOLE IBN TOUFAIL","27147G","french_chain1",TRUE,0.910566776932222
"Y3P_1535","French",3,1,"ECOLE OMAR BNOU ALKHATTAB","14019M","french_chain1",TRUE,-0.148062717254812
"Y3P_1956","French",3,1,"LISSANE EDDINE IBN ALKHATIB","27199N","french_chain1",TRUE,0.436307893898244
"Y3P_2015","French",3,1,"ECOLE PRIMAIRE ENNOUR","26477D","french_chain1",TRUE,0.951888113855444
"Y3P_2042","French",3,1,"ECOLE IBRAHIM ROUDANI","23361S","french_chain1",TRUE,-0.228846381157127
"Y3P_2297","French",3,0,"EL FALAH","18168X","french_chain1",TRUE,-0.962675208301684
"Y3P_2339","French",3,0,"ECOLE PRIMAIRE SOUALEM","14375Z","french_chain1",TRUE,0.641423938505933
"Y3P_2379","French",3,1,"ECOLE ABDELKRIM EL KHATIB","25823T","french_chain1",TRUE,1.07088550685414
"Y3P_2473","French",3,1,"ENNAHDA","18163S","french_chain1",TRUE,-0.404605767756301
"Y3P_2520","French",3,0,"AHMED BOUKMAKH","26501E","french_chain1",TRUE,0.54192420874857
"Y3P_2571","French",3,1,"ECOLE OMAR BNOU ALKHATTAB","14019M","french_chain1",TRUE,-1.10410890872619
"Y3P_2631","French",3,0,"MOHAMED ZERKTOUNI","18165U","french_chain1",TRUE,-1.10410890872619
"Y3P_2688","French",3,1,"ECOLE IBRAHIM ROUDANI","23361S","french_chain1",TRUE,0.0715645413093837
"Y3P_2720","French",3,0,"E HOMMANE EL FETOUAKI","26461L","french_chain1",TRUE,0.138398881251486
"Y3P_2776","French",3,1,"ECOLE SIDI ALI","08138V","french_chain1",TRUE,-0.714077309309472
"Y3P_2793","French",3,0,"E DRISS BENZAKRI","25969B","french_chain1",TRUE,0.380906132769904
"Y3P_2848","French",3,1,"ECOLE OMAR BNOU ALKHATTAB","14019M","french_chain1",TRUE,0.0715645413093847
"Y3P_2885","French",3,1,"ECOLE PRIMAIRE MUSTAPHA EL MAANI","14033C","french_chain1",TRUE,-0.0713333345894478
"Y3P_2910","French",3,1,"ABDERRAHMANE HJIRA","24457H","french_chain1",TRUE,0.689136736371576
"Y3P_2926","French",3,0,"E DRISS BENZAKRI","25969B","french_chain1",TRUE,1.3246303130919
"Y3P_2948","French",3,1,"ABDERRAHMANE HJIRA","24457H","french_chain1",TRUE,0.592384740646355
"Y3P_2981","French",3,1,"EL MAKKI ENNACIRI","27094Z","french_chain1",TRUE,0.592384740646352
"Y3P_3022","French",3,0,"EL FALAH","18168X","french_chain1",TRUE,-0.0713333345894473
"Y3P_3029","French",3,0,"CENTRALE EL AOUNATE","08101E","french_chain1",TRUE,0.91056677693222
"Y3P_3043","French",3,0,"E OUKBA BNOU NAFII","25341U","french_chain1",TRUE,0.868335953271176
"Y3P_3064","French",3,0,"ECOLE PRIMAIRE IBNOU TOFAIL","01625R","french_chain1",TRUE,-0.714077309309471
"Y3P_3066","French",3,1,"ECOLE PRIMAIRE MED BELHASSAN AL OUAZZANI","01633Z","french_chain1",TRUE,1.10904119340074
"Y3P_3070","French",3,1,"ENNAHDA","18163S","french_chain1",TRUE,0.910566776932222
"Y3P_3076","French",3,1,"IBNOU MISSKAWAIHE","27772L","french_chain1",TRUE,1.35861420112115
"Y3P_3135","French",3,1,"AL FARABI","27200P","french_chain1",TRUE,-1.10410890872619
"Y3P_3137","French",3,0,"OUM EL BANINE","26368K","french_chain1",TRUE,0.641423938505934
"Y3P_3144","French",3,0,"ECOLE PRIMAIRE ERHAMNA","01621L","french_chain1",TRUE,1.39211002827329
"Y3P_3149","French",3,0,"ECOLE PRIMAIRE ELMARWA","27527V","french_chain1",TRUE,-0.714077309309472
"Y3P_3156","French",3,1,"ECOLE PRIMAIRE MOHAMED ZARKTOUNI","24698V","french_chain1",TRUE,0.825140378889184
"Y3P_3164","French",3,0,"ABI BAKR ESSADDIK","01727B","french_chain1",TRUE,-0.714077309309471
"Y3P_3196","French",3,1,"ABDERRAHMANE HJIRA","24457H","french_chain1",TRUE,0.264189158504853
"Y3P_3214","French",3,1,"ECOLE TIKNI","08099C","french_chain1",TRUE,0.735609282040131
"Y3P_3219","French",3,1,"ECOLE PRIMAIRE ENNOUR","26477D","french_chain1",TRUE,1.03200220095458
"Y3P_3251","French",3,0,"ECOLE PRIMAIRE ERHAMNA","01621L","french_chain1",TRUE,0.82514037888918
"Y3P_3254","French",3,1,"ECOLE TIKNI","08099C","french_chain1",TRUE,1.14650682448742
"Y3P_3264","French",3,1,"ECOLE PRIMAIRE IBN AL HAYTAM","24791W","french_chain1",TRUE,-0.714077309309471
"Y3P_3286","French",3,0,"MOHAMED ZERKTOUNI","18165U","french_chain1",TRUE,0.82514037888918
"Y3P_3294","French",3,1,"ECOLE PRIMAIRE IBN AL HAYTAM","24791W","french_chain1",TRUE,0.380906132769905
"Y3P_3337","French",3,0,"E HOMMANE EL FETOUAKI","26461L","french_chain1",TRUE,-1.10410890872619
"Y3P_3366","French",3,0,"E HOMMANE EL FETOUAKI","26461L","french_chain1",TRUE,0.32358734765965
"Y3P_3421","French",3,0,"OUM EL BANINE","26368K","french_chain1",TRUE,0.00175676946159346
"Y3P_3435","French",3,0,"ABI BAKR ESSADDIK","01727B","french_chain1",TRUE,-1.10410890872619
"Y3P_3461","French",3,0,"CENTRALE EL AOUNATE","08101E","french_chain1",TRUE,-0.228846381157125
"Y3P_3481","French",3,1,"ECOLE IBN TOUFAIL","27147G","french_chain1",TRUE,1.21950564767887
"Y3P_3570","French",3,0,"ECOLE PRIMAIRE  EL KODS","01788T","french_chain1",TRUE,1.03200220095458
"Y3P_3701","French",3,1,"ECOLE MOUAD BEN JABAL","25822S","french_chain1",TRUE,0.264189158504853
"Y3P_3719","French",3,0,"ECOLE PRIMAIRE ELMARWA","27527V","french_chain1",TRUE,-0.962675208301685
"Y3P_3796","French",3,1,"ECOLE MOUAD BEN JABAL","25822S","french_chain1",TRUE,-0.228846381157125
"Y3P_3814","French",3,1,"ECOLE TIKNI","08099C","french_chain1",TRUE,0.951888113855449
"Y3P_3844","French",3,1,"ECOLE MOUAD BEN JABAL","25822S","french_chain1",TRUE,-0.603663813814502
"Y3P_3922","French",3,0,"E ERRAHMA","20901T","french_chain1",TRUE,1.42514016327818
"Y3P_3955","French",3,1,"ECOLE ABDELKRIM EL KHATIB","25823T","french_chain1",TRUE,-0.314169978877258
"Y3P_3974","French",3,1,"ECOLE PRIMAIRE MUSTAPHA EL MAANI","14033C","french_chain1",TRUE,0.825140378889179
"Y3P_3979","French",3,1,"ECOLE EL KARIA","08207V","french_chain1",TRUE,0.825140378889177
"Y3P_4019","French",3,0,"AHMED BOUKMAKH","26501E","french_chain1",TRUE,-0.4046057677563
"Y3P_4026","French",3,1,"ECOLE SIDI ALI","08138V","french_chain1",TRUE,-0.500832957319055
"Y3P_4027","French",3,1,"ECOLE SIDI ALI","08138V","french_chain1",TRUE,1.35861420112115
"Y3P_4029","French",3,1,"ECOLE PRIMAIRE IBN AL HAYTAM","24791W","french_chain1",TRUE,-0.500832957319054
"Y3P_4049","French",3,1,"EL MAKKI ENNACIRI","27094Z","french_chain1",TRUE,1.52163840851693
"Y3P_4061","French",3,0,"ECOLE PRIMAIRE  ALI BNOU ABITALEB","25998H","french_chain1",TRUE,-1.25978643883667
"Y3P_4083","French",3,0,"OUM EL BANINE","26368K","french_chain1",TRUE,-0.603663813814502
"Y3P_4096","French",3,1,"EL MAKKI ENNACIRI","27094Z","french_chain1",TRUE,0.910566776932224
"Y3P_4109","French",3,1,"ABDERRAHMANE HJIRA","24457H","french_chain1",TRUE,-0.228846381157125
"Y3P_4112","French",3,1,"ABDERRAHMANE HJIRA","24457H","french_chain1",TRUE,0.264189158504852
"Y3P_4126","French",3,1,"ECOLE ABDELKRIM EL KHATIB","25823T","french_chain1",TRUE,1.03200220095458
"Y3P_4136","French",3,0,"ECOLE PRIMAIRE OUED AL MAKHAZINE","01623N","french_chain1",TRUE,1.39211002827329
"Y3P_4153","French",3,1,"ECOLE IBN TOUFAIL","27147G","french_chain1",TRUE,0.138398881251486
"Y3P_4156","French",3,0,"OUM EL BANINE","26368K","french_chain1",TRUE,0.264189158504851
"Y3P_4168","French",3,0,"ECOLE PRIMAIRE OUED AL MAKHAZINE","01623N","french_chain1",TRUE,0.00175676946159424
"Y3P_4184","French",3,0,"ECOLE PRIMAIRE AHL LOUGHLAM CHARKIA","01722W","french_chain1",TRUE,0.825140378889181
"Y3P_4185","French",3,1,"ECOLE PRIMAIRE MUSTAPHA EL MAANI","14033C","french_chain1",TRUE,0.592384740646353
"Y3P_4194","French",3,1,"AL FARABI","27200P","french_chain1",TRUE,0.735609282040133
"Y3P_421","French",3,0,"E HOMMANE EL FETOUAKI","26461L","french_chain1",TRUE,-1.10410890872619
"Y3P_4210","French",3,1,"IBN BATTOUTA","08086N","french_chain1",TRUE,1.29013459311193
"Y3P_4215","French",3,0,"E OUKBA BNOU NAFII","25341U","french_chain1",TRUE,1.18331742477143
"Y3P_4219","French",3,1,"ECOLE PRIMAIRE MED BELHASSAN AL OUAZZANI","01633Z","french_chain1",TRUE,1.35861420112115
"Y3P_4221","French",3,1,"ECOLE PRIMAIRE MED BELHASSAN AL OUAZZANI","01633Z","french_chain1",TRUE,1.14650682448743
"Y3P_4222","French",3,1,"ECOLE PRIMAIRE MED BELHASSAN AL OUAZZANI","01633Z","french_chain1",TRUE,-0.148062717254813
"Y3P_4254","French",3,0,"ECOLE PRIMAIRE ERHAMNA","01621L","french_chain1",TRUE,0.910566776932224
"Y3P_4258","French",3,1,"ECOLE IBN TOUFAIL","27147G","french_chain1",TRUE,1.18331742477143
"Y3P_4264","French",3,1,"IBN BATTOUTA","08086N","french_chain1",TRUE,0.323587347659649
"Y3P_4265","French",3,0,"AHMED BOUKMAKH","26501E","french_chain1",TRUE,-0.404605767756299
"Y3P_4273","French",3,1,"IBNOU MISSKAWAIHE","27772L","french_chain1",TRUE,0.54192420874857
"Y3P_4278","French",3,0,"ECOLE PRIMAIRE SOUALEM","14375Z","french_chain1",TRUE,-1.10410890872619
"Y3P_4284","French",3,0,"E DRISS BENZAKRI","25969B","french_chain1",TRUE,0.910566776932222
"Y3P_4291","French",3,1,"ECOLE PRIMAIRE MOHAMED ZARKTOUNI","24698V","french_chain1",TRUE,1.18331742477143
"Y3P_4293","French",3,1,"ECOLE PRIMAIRE MOHAMED ZARKTOUNI","24698V","french_chain1",TRUE,0.380906132769905
"Y3P_4298","French",3,0,"MOHAMED ZERKTOUNI","18165U","french_chain1",TRUE,0.780919979286563
"Y3P_4304","French",3,1,"ECOLE PRIMAIRE IBN AL HAYTAM","24791W","french_chain1",TRUE,0.323587347659649
"Y3P_4309","French",3,0,"OULED SIDI ABDENNEBI","01738N","french_chain1",TRUE,0.641423938505934
"Y3P_4312","French",3,0,"OULED SIDI ABDENNEBI","01738N","french_chain1",TRUE,-0.314169978877257
"Y3P_4322","French",3,1,"ECOLE SIDI ALI","08138V","french_chain1",TRUE,1.07088550685414
"Y3P_4338","French",3,0,"ECOLE PRIMAIRE IBNOU TOFAIL","01625R","french_chain1",TRUE,0.0715645413093847
"Y3P_4355","French",3,0,"MOHAMED ZERKTOUNI","18165U","french_chain1",TRUE,-0.83326260802363
"Y3P_4363","French",3,0,"ECOLE PRIMAIRE IBNOU TOFAIL","01625R","french_chain1",TRUE,-1.43246943297424
"Y3P_4365","French",3,1,"ECOLE ABDELKRIM EL KHATIB","25823T","french_chain1",TRUE,-0.500832957319056
"Y3P_4398","French",3,1,"ECOLE IBRAHIM ROUDANI","23361S","french_chain1",TRUE,1.07088550685414
"Y3P_4402","French",3,0,"ECOLE PRIMAIRE SOUALEM","14375Z","french_chain1",TRUE,0.951888113855442
"Y3P_4419","French",3,1,"ECOLE TIKNI","08099C","french_chain1",TRUE,0.910566776932215
"Y3P_4420","French",3,1,"ECOLE TIKNI","08099C","french_chain1",TRUE,1.10904119340074
"Y3P_4446","French",3,1,"AL FARABI","27200P","french_chain1",TRUE,0.82514037888918
"Y3P_4465","French",3,1,"IBNOU MISSKAWAIHE","27772L","french_chain1",TRUE,0.91056677693222
"Y3P_4479","French",3,1,"ECOLE PRIMAIRE ENNOUR","26477D","french_chain1",TRUE,1.32463031309189
"Y3P_4504","French",3,0,"ECOLE PRIMAIRE AHL LOUGHLAM CHARKIA","01722W","french_chain1",TRUE,-0.071333334589448
"Y3P_4509","French",3,0,"AHMED BOUKMAKH","26501E","french_chain1",TRUE,0.54192420874857
"Y3P_4516","French",3,0,"EL FALAH","18168X","french_chain1",TRUE,0.00175676946159317
"Y3P_4522","French",3,0,"ECOLE PRIMAIRE IBNOU TOFAIL","01625R","french_chain1",TRUE,0.780919979286563
"Y3P_4531","French",3,1,"ENNAHDA","18163S","french_chain1",TRUE,0.071564541309385
"Y3P_4533","French",3,1,"ENNAHDA","18163S","french_chain1",TRUE,-0.404605767756299
"Y3P_4536","French",3,1,"ENNAHDA","18163S","french_chain1",TRUE,0.202528656205829
"Y3P_4540","French",3,0,"ECOLE PRIMAIRE ELMARWA","27527V","french_chain1",TRUE,-0.83326260802363
"Y3P_4546","French",3,1,"LISSANE EDDINE IBN ALKHATIB","27199N","french_chain1",TRUE,0.264189158504852
"Y3P_4547","French",3,1,"ECOLE PRIMAIRE MED BELHASSAN AL OUAZZANI","01633Z","french_chain1",TRUE,0.541924208748569
"Y3P_4576","French",3,0,"E HOMMANE EL FETOUAKI","26461L","french_chain1",TRUE,0.689136736371579
"Y3P_4580","French",3,1,"ECOLE PRIMAIRE MOHAMED ZARKTOUNI","24698V","french_chain1",TRUE,0.78091997928656
"Y3P_4584","French",3,0,"OUM EL BANINE","26368K","french_chain1",TRUE,0.99235090861252
"Y3P_4604","French",3,0,"ECOLE PRIMAIRE  EL KODS","01788T","french_chain1",TRUE,1.10904119340073
"Y3P_4608","French",3,0,"ECOLE PRIMAIRE  EL KODS","01788T","french_chain1",TRUE,1.03200220095458
"Y3P_4613","French",3,0,"ECOLE PRIMAIRE  EL KODS","01788T","french_chain1",TRUE,1.32463031309189
"Y3P_4637","French",3,1,"ECOLE MOUAD BEN JABAL","25822S","french_chain1",TRUE,1.25510191097486
"Y3P_4639","French",3,1,"ECOLE MOUAD BEN JABAL","25822S","french_chain1",TRUE,1.25510191097487
"Y3P_4648","French",3,0,"ECOLE PRIMAIRE  EL KODS","01788T","french_chain1",TRUE,0.202528656205828
"Y3P_4654","French",3,0,"ECOLE PRIMAIRE AHL LOUGHLAM CHARKIA","01722W","french_chain1",TRUE,0.992350908612521
"Y3P_4660","French",3,0,"ECOLE PRIMAIRE AHL LOUGHLAM CHARKIA","01722W","french_chain1",TRUE,-0.148062717254813
"Y3P_4661","French",3,0,"CENTRALE EL AOUNATE","08101E","french_chain1",TRUE,0.951888113855437
"Y3P_4670","French",3,1,"LISSANE EDDINE IBN ALKHATIB","27199N","french_chain1",TRUE,1.03200220095458
"Y3P_4674","French",3,0,"ECOLE PRIMAIRE AHL LOUGHLAM CHARKIA","01722W","french_chain1",TRUE,0.489937395294117
"Y3P_4693","French",3,0,"ECOLE PRIMAIRE ELMARWA","27527V","french_chain1",TRUE,-0.148062717254813
"Y3P_4695","French",3,0,"E ERRAHMA","20901T","french_chain1",TRUE,-0.314169978877257
"Y3P_470","French",3,1,"AL FARABI","27200P","french_chain1",TRUE,-0.500832957319056
"Y3P_4708","French",3,0,"MOHAMED ZERKTOUNI","18165U","french_chain1",TRUE,0.0715645413093835
"Y3P_4722","French",3,1,"ECOLE IBN TOUFAIL","27147G","french_chain1",TRUE,0.82514037888918
"Y3P_4734","French",3,1,"ECOLE IBRAHIM ROUDANI","23361S","french_chain1",TRUE,0.436307893898244
"Y3P_4738","French",3,1,"ECOLE IBRAHIM ROUDANI","23361S","french_chain1",TRUE,0.138398881251486
"Y3P_4767","French",3,1,"LISSANE EDDINE IBN ALKHATIB","27199N","french_chain1",TRUE,1.03200220095457
"Y3P_4786","French",3,0,"ABI BAKR ESSADDIK","01727B","french_chain1",TRUE,1.07088550685414
"Y3P_4792","French",3,0,"E 11 JANVIER","26108C","french_chain1",TRUE,0.641423938505935
"Y3P_4800","French",3,0,"E 11 JANVIER","26108C","french_chain1",TRUE,-0.314169978877258
"Y3P_4805","French",3,0,"E 11 JANVIER","26108C","french_chain1",TRUE,0.202528656205829
"Y3P_4810","French",3,0,"E 11 JANVIER","26108C","french_chain1",TRUE,0.592384740646352
"Y3P_4813","French",3,0,"E 11 JANVIER","26108C","french_chain1",TRUE,-0.714077309309472
"Y3P_4819","French",3,0,"ECOLE PRIMAIRE  ALI BNOU ABITALEB","25998H","french_chain1",TRUE,0.95188811385545
"Y3P_4821","French",3,0,"ECOLE PRIMAIRE  ALI BNOU ABITALEB","25998H","french_chain1",TRUE,0.735609282040133
"Y3P_4824","French",3,0,"ECOLE PRIMAIRE  ALI BNOU ABITALEB","25998H","french_chain1",TRUE,1.07088550685414
"Y3P_4850","French",3,0,"AHMED BOUKMAKH","26501E","french_chain1",TRUE,-0.500832957319054
"Y3P_4854","French",3,1,"IBN BATTOUTA","08086N","french_chain1",TRUE,0.592384740646353
"Y3P_4860","French",3,0,"ECOLE PRIMAIRE IBNOU TOFAIL","01625R","french_chain1",TRUE,-0.071333334589448
"Y3P_4864","French",3,1,"ECOLE ABDELKRIM EL KHATIB","25823T","french_chain1",TRUE,1.25510191097486
"Y3P_4878","French",3,0,"OULED SIDI ABDENNEBI","01738N","french_chain1",TRUE,0.202528656205829
"Y3P_4886","French",3,0,"E DRISS BENZAKRI","25969B","french_chain1",TRUE,-0.0713333345894479
"Y3P_4912","French",3,0,"ECOLE PRIMAIRE ELMARWA","27527V","french_chain1",TRUE,-0.962675208301685
"Y3P_4917","French",3,0,"ECOLE PRIMAIRE OUED AL MAKHAZINE","01623N","french_chain1",TRUE,-0.500832957319053
"Y3P_4921","French",3,0,"ECOLE PRIMAIRE OUED AL MAKHAZINE","01623N","french_chain1",TRUE,-1.43246943297424
"Y3P_4934","French",3,1,"LISSANE EDDINE IBN ALKHATIB","27199N","french_chain1",TRUE,0.735609282040131
"Y3P_4935","French",3,0,"E OUKBA BNOU NAFII","25341U","french_chain1",TRUE,0.489937395294117
"Y3P_4943","French",3,0,"E OUKBA BNOU NAFII","25341U","french_chain1",TRUE,1.52163840851693
"Y3P_4952","French",3,0,"EL FALAH","18168X","french_chain1",TRUE,0.735609282040133
"Y3P_4958","French",3,0,"EL FALAH","18168X","french_chain1",TRUE,1.21950564767887
"Y3P_4961","French",3,0,"ECOLE PRIMAIRE ERHAMNA","01621L","french_chain1",TRUE,1.3246303130919
"Y3P_4972","French",3,1,"IBNOU MISSKAWAIHE","27772L","french_chain1",TRUE,0.780919979286557
"Y3P_4975","French",3,0,"OULED SIDI ABDENNEBI","01738N","french_chain1",TRUE,-0.962675208301684
"Y3P_4976","French",3,0,"ABI BAKR ESSADDIK","01727B","french_chain1",TRUE,0.0715645413093844
"Y3P_4979","French",3,1,"IBN BATTOUTA","08086N","french_chain1",TRUE,1.03200220095458
"Y3P_4986","French",3,0,"CENTRALE EL AOUNATE","08101E","french_chain1",TRUE,-0.833262608023629
"Y3P_4988","French",3,0,"CENTRALE EL AOUNATE","08101E","french_chain1",TRUE,0.264189158504852
"Y3P_4990","French",3,1,"ECOLE OMAR BNOU ALKHATTAB","14019M","french_chain1",TRUE,0.868335953271177
"Y3P_5006","French",3,1,"ECOLE OMAR BNOU ALKHATTAB","14019M","french_chain1",TRUE,0.992350908612533
"Y3P_5008","French",3,0,"E DRISS BENZAKRI","25969B","french_chain1",TRUE,-1.6255819976143
"Y3P_5018","French",3,0,"E ERRAHMA","20901T","french_chain1",TRUE,0.138398881251486
"Y3P_5019","French",3,1,"EL MAKKI ENNACIRI","27094Z","french_chain1",TRUE,-0.603663813814502
"Y3P_5024","French",3,1,"EL MAKKI ENNACIRI","27094Z","french_chain1",TRUE,1.42514016327818
"Y3P_5034","French",3,1,"ECOLE SIDI ALI","08138V","french_chain1",TRUE,-1.6255819976143
"Y3P_5039","French",3,1,"ECOLE PRIMAIRE ENNOUR","26477D","french_chain1",TRUE,1.35861420112115
"Y3P_5041","French",3,1,"ECOLE PRIMAIRE ENNOUR","26477D","french_chain1",TRUE,1.48988545691649
"Y3P_5056","French",3,0,"E ERRAHMA","20901T","french_chain1",TRUE,0.592384740646353
"Y3P_5059","French",3,0,"ECOLE PRIMAIRE ERHAMNA","01621L","french_chain1",TRUE,1.10904119340073
"Y3P_5075","French",3,0,"ECOLE PRIMAIRE  ALI BNOU ABITALEB","25998H","french_chain1",TRUE,0.32358734765965
"Y3P_5076","French",3,1,"AL FARABI","27200P","french_chain1",TRUE,-0.4046057677563
"Y3P_5106","French",3,0,"ECOLE PRIMAIRE SOUALEM","14375Z","french_chain1",TRUE,0.868335953271185
"Y3P_5116","French",3,0,"OULED SIDI ABDENNEBI","01738N","french_chain1",TRUE,0.071564541309385
"Y3P_5119","French",3,0,"ECOLE PRIMAIRE OUED AL MAKHAZINE","01623N","french_chain1",TRUE,-1.10410890872619
"Y3P_5121","French",3,1,"IBN BATTOUTA","08086N","french_chain1",TRUE,1.42514016327818
"Y3P_5145","French",3,0,"E ERRAHMA","20901T","french_chain1",TRUE,0.380906132769905
"Y3P_5151","French",3,1,"ECOLE EL KARIA","08207V","french_chain1",TRUE,0.489937395294116
"Y3P_5153","French",3,1,"ECOLE EL KARIA","08207V","french_chain1",TRUE,0.436307893898245
"Y3P_5159","French",3,1,"ECOLE EL KARIA","08207V","french_chain1",TRUE,1.4577254865272
"Y3P_5165","French",3,1,"ECOLE EL KARIA","08207V","french_chain1",TRUE,0.735609282040131
"Y3P_5166","French",3,1,"ECOLE PRIMAIRE MUSTAPHA EL MAANI","14033C","french_chain1",TRUE,0.54192420874857
"Y3P_5210","French",3,0,"ABI BAKR ESSADDIK","01727B","french_chain1",TRUE,-0.148062717254812
"Y3P_5227","French",3,0,"ECOLE PRIMAIRE SOUALEM","14375Z","french_chain1",TRUE,-1.43246943297424
"Y3P_5270","French",3,1,"ECOLE PRIMAIRE IBN AL HAYTAM","24791W","french_chain1",TRUE,1.21950564767887
"Y3P_5404","French",3,1,"IBNOU MISSKAWAIHE","27772L","french_chain1",TRUE,1.21950564767887
"Y3P_5413","French",3,0,"E OUKBA BNOU NAFII","25341U","french_chain1",TRUE,0.825140378889185
"Y3P_5558","French",3,1,"ECOLE PRIMAIRE MUSTAPHA EL MAANI","14033C","french_chain1",TRUE,0.641423938505935
"Y3P_559","French",3,1,"ECOLE PRIMAIRE MOHAMED ZARKTOUNI","24698V","french_chain1",TRUE,-0.962675208301684
"Y1_121890","French",4,1,"LISSANE EDDINE IBN ALKHATIB","27199N","french_chain1",TRUE,-0.0713333345894466
"Y1_54995","French",4,1,"ECOLE PRIMAIRE ENNOUR","26477D","french_chain1",TRUE,0.138398881251488
"Y3P_1117","French",4,1,"ECOLE SIDI ALI","08138V","french_chain1",TRUE,-0.0713333345894467
"Y3P_1134","French",4,1,"AL FARABI","27200P","french_chain1",TRUE,-0.714077309309472
"Y3P_1172","French",4,1,"ECOLE IBN TOUFAIL","27147G","french_chain1",TRUE,-0.962675208301684
"Y3P_1196","French",4,1,"ECOLE TIKNI","08099C","french_chain1",TRUE,-0.962675208301684
"Y3P_1198","French",4,1,"ECOLE PRIMAIRE MUSTAPHA EL MAANI","14033C","french_chain1",TRUE,-0.962675208301684
"Y3P_1327","French",4,1,"ECOLE EL KARIA","08207V","french_chain1",TRUE,-0.0713333345894458
"Y3P_1524","French",4,1,"ECOLE OMAR BNOU ALKHATTAB","14019M","french_chain1",TRUE,-0.148062717254811
"Y3P_1542","French",4,1,"ECOLE PRIMAIRE IBN AL HAYTAM","24791W","french_chain1",TRUE,-0.314169978877258
"Y3P_1582","French",4,0,"E HOMMANE EL FETOUAKI","26461L","french_chain1",TRUE,-0.0713333345894464
"Y3P_1590","French",4,0,"OUM EL BANINE","26368K","french_chain1",TRUE,-0.83326260802363
"Y3P_1606","French",4,1,"ECOLE PRIMAIRE ENNOUR","26477D","french_chain1",TRUE,0.32358734765965
"Y3P_1632","French",4,1,"ENNAHDA","18163S","french_chain1",TRUE,0.138398881251487
"Y3P_1644","French",4,1,"ECOLE PRIMAIRE ENNOUR","26477D","french_chain1",TRUE,0.735609282040131
"Y3P_1654","French",4,1,"IBNOU MISSKAWAIHE","27772L","french_chain1",TRUE,0.264189158504853
"Y3P_1672","French",4,1,"EL MAKKI ENNACIRI","27094Z","french_chain1",TRUE,-0.714077309309473
"Y3P_1678","French",4,1,"ECOLE SIDI ALI","08138V","french_chain1",TRUE,-0.603663813814503
"Y3P_1686","French",4,1,"IBN BATTOUTA","08086N","french_chain1",TRUE,-1.6255819976143
"Y3P_1711","French",4,1,"ECOLE TIKNI","08099C","french_chain1",TRUE,0.380906132769907
"Y3P_1720","French",4,1,"ABDERRAHMANE HJIRA","24457H","french_chain1",TRUE,-0.962675208301685
"Y3P_1731","French",4,1,"ENNAHDA","18163S","french_chain1",TRUE,-0.603663813814504
"Y3P_1747","French",4,0,"ABI BAKR ESSADDIK","01727B","french_chain1",TRUE,-0.833262608023631
"Y3P_1751","French",4,1,"ECOLE TIKNI","08099C","french_chain1",TRUE,0.264189158504852
"Y3P_1774","French",4,0,"ECOLE PRIMAIRE  ALI BNOU ABITALEB","25998H","french_chain1",TRUE,-0.83326260802363
"Y3P_1798","French",4,0,"EL FALAH","18168X","french_chain1",TRUE,-0.714077309309472
"Y3P_1819","French",4,0,"MOHAMED ZERKTOUNI","18165U","french_chain1",TRUE,-0.500832957319056
"Y3P_1840","French",4,0,"ECOLE PRIMAIRE IBNOU TOFAIL","01625R","french_chain1",TRUE,-0.4046057677563
"Y3P_1841","French",4,0,"ECOLE PRIMAIRE ELMARWA","27527V","french_chain1",TRUE,-0.0713333345894469
"Y3P_1842","French",4,1,"ECOLE IBRAHIM ROUDANI","23361S","french_chain1",TRUE,0.138398881251487
"Y3P_1858","French",4,1,"ECOLE PRIMAIRE IBN AL HAYTAM","24791W","french_chain1",TRUE,0.380906132769905
"Y3P_1864","French",4,0,"ECOLE PRIMAIRE  EL KODS","01788T","french_chain1",TRUE,-0.714077309309473
"Y3P_1893","French",4,0,"EL FALAH","18168X","french_chain1",TRUE,-1.25978643883667
"Y3P_1896","French",4,1,"IBNOU MISSKAWAIHE","27772L","french_chain1",TRUE,-1.25978643883667
"Y3P_1908","French",4,0,"E ERRAHMA","20901T","french_chain1",TRUE,-0.83326260802363
"Y3P_1913","French",4,0,"MOHAMED ZERKTOUNI","18165U","french_chain1",TRUE,-1.25978643883667
"Y3P_1943","French",4,1,"ECOLE SIDI ALI","08138V","french_chain1",TRUE,-0.603663813814502
"Y3P_1955","French",4,1,"LISSANE EDDINE IBN ALKHATIB","27199N","french_chain1",TRUE,-0.714077309309473
"Y3P_1998","French",4,0,"E HOMMANE EL FETOUAKI","26461L","french_chain1",TRUE,-1.84332684733642
"Y3P_2013","French",4,1,"ENNAHDA","18163S","french_chain1",TRUE,-0.4046057677563
"Y3P_2022","French",4,1,"AL FARABI","27200P","french_chain1",TRUE,-0.714077309309473
"Y3P_2063","French",4,1,"ECOLE ABDELKRIM EL KHATIB","25823T","french_chain1",TRUE,-0.148062717254812
"Y3P_2094","French",4,0,"E HOMMANE EL FETOUAKI","26461L","french_chain1",TRUE,-0.228846381157125
"Y3P_2146","French",4,0,"ECOLE PRIMAIRE  EL KODS","01788T","french_chain1",TRUE,-0.714077309309473
"Y3P_2172","French",4,1,"EL MAKKI ENNACIRI","27094Z","french_chain1",TRUE,-0.228846381157123
"Y3P_2347","French",4,0,"ECOLE PRIMAIRE SOUALEM","14375Z","french_chain1",TRUE,-0.314169978877258
"Y3P_2425","French",4,1,"AL FARABI","27200P","french_chain1",TRUE,-1.10410890872619
"Y3P_2463","French",4,0,"ECOLE PRIMAIRE OUED AL MAKHAZINE","01623N","french_chain1",TRUE,-1.6255819976143
"Y3P_2556","French",4,1,"ECOLE IBN TOUFAIL","27147G","french_chain1",TRUE,-0.714077309309473
"Y3P_2569","French",4,0,"E ERRAHMA","20901T","french_chain1",TRUE,0.489937395294121
"Y3P_2578","French",4,1,"ECOLE PRIMAIRE MUSTAPHA EL MAANI","14033C","french_chain1",TRUE,0.436307893898247
"Y3P_2583","French",4,0,"CENTRALE EL AOUNATE","08101E","french_chain1",TRUE,-1.25978643883667
"Y3P_2605","French",4,1,"IBN BATTOUTA","08086N","french_chain1",TRUE,-0.962675208301684
"Y3P_2622","French",4,0,"ABI BAKR ESSADDIK","01727B","french_chain1",TRUE,-0.83326260802363
"Y3P_2623","French",4,1,"ECOLE PRIMAIRE MUSTAPHA EL MAANI","14033C","french_chain1",TRUE,-0.4046057677563
"Y3P_2655","French",4,1,"ECOLE PRIMAIRE IBN AL HAYTAM","24791W","french_chain1",TRUE,-0.714077309309473
"Y3P_2714","French",4,0,"E HOMMANE EL FETOUAKI","26461L","french_chain1",TRUE,-0.962675208301685
"Y3P_2740","French",4,0,"AHMED BOUKMAKH","26501E","french_chain1",TRUE,-1.6255819976143
"Y3P_2756","French",4,0,"ECOLE PRIMAIRE ELMARWA","27527V","french_chain1",TRUE,-0.962675208301684
"Y3P_2790","French",4,0,"E OUKBA BNOU NAFII","25341U","french_chain1",TRUE,-0.962675208301684
"Y3P_2811","French",4,0,"ECOLE PRIMAIRE SOUALEM","14375Z","french_chain1",TRUE,-0.833262608023629
"Y3P_2815","French",4,0,"ECOLE PRIMAIRE SOUALEM","14375Z","french_chain1",TRUE,-0.314169978877259
"Y3P_2816","French",4,0,"MOHAMED ZERKTOUNI","18165U","french_chain1",TRUE,-0.0713333345894461
"Y3P_2818","French",4,1,"AL FARABI","27200P","french_chain1",TRUE,0.592384740646356
"Y3P_2838","French",4,0,"ECOLE PRIMAIRE  ALI BNOU ABITALEB","25998H","french_chain1",TRUE,-0.148062717254812
"Y3P_2853","French",4,1,"ECOLE SIDI ALI","08138V","french_chain1",TRUE,-0.14806271725481
"Y3P_2858","French",4,0,"E 11 JANVIER","26108C","french_chain1",TRUE,-1.43246943297424
"Y3P_2861","French",4,0,"ECOLE PRIMAIRE ERHAMNA","01621L","french_chain1",TRUE,-0.0713333345894471
"Y3P_2862","French",4,0,"ECOLE PRIMAIRE ERHAMNA","01621L","french_chain1",TRUE,0.0715645413093852
"Y3P_2900","French",4,0,"OUM EL BANINE","26368K","french_chain1",TRUE,-0.83326260802363
"Y3P_2901","French",4,0,"E 11 JANVIER","26108C","french_chain1",TRUE,0.00175676946159497
"Y3P_2915","French",4,1,"ECOLE ABDELKRIM EL KHATIB","25823T","french_chain1",TRUE,0.323587347659651
"Y3P_2924","French",4,1,"ECOLE IBRAHIM ROUDANI","23361S","french_chain1",TRUE,-0.148062717254811
"Y3P_2939","French",4,1,"EL MAKKI ENNACIRI","27094Z","french_chain1",TRUE,0.489937395294119
"Y3P_2951","French",4,0,"ECOLE PRIMAIRE ERHAMNA","01621L","french_chain1",TRUE,-0.314169978877257
"Y3P_2957","French",4,1,"ECOLE PRIMAIRE MUSTAPHA EL MAANI","14033C","french_chain1",TRUE,-0.603663813814503
"Y3P_2966","French",4,1,"ECOLE PRIMAIRE MOHAMED ZARKTOUNI","24698V","french_chain1",TRUE,-0.500832957319057
"Y3P_2969","French",4,0,"E OUKBA BNOU NAFII","25341U","french_chain1",TRUE,-1.10410890872619
"Y3P_3007","French",4,1,"ECOLE EL KARIA","08207V","french_chain1",TRUE,-0.404605767756301
"Y3P_3008","French",4,1,"ECOLE EL KARIA","08207V","french_chain1",TRUE,0.32358734765965
"Y3P_3012","French",4,1,"ECOLE EL KARIA","08207V","french_chain1",TRUE,-0.0713333345894458
"Y3P_3019","French",4,1,"ECOLE OMAR BNOU ALKHATTAB","14019M","french_chain1",TRUE,0.138398881251487
"Y3P_3067","French",4,1,"ENNAHDA","18163S","french_chain1",TRUE,0.48993739529412
"Y3P_3081","French",4,0,"MOHAMED ZERKTOUNI","18165U","french_chain1",TRUE,-0.500832957319055
"Y3P_3087","French",4,0,"ECOLE PRIMAIRE ELMARWA","27527V","french_chain1",TRUE,-0.314169978877257
"Y3P_3094","French",4,1,"ECOLE ABDELKRIM EL KHATIB","25823T","french_chain1",TRUE,0.32358734765965
"Y3P_3114","French",4,0,"E HOMMANE EL FETOUAKI","26461L","french_chain1",TRUE,-0.714077309309473
"Y3P_3117","French",4,1,"ECOLE PRIMAIRE MED BELHASSAN AL OUAZZANI","01633Z","french_chain1",TRUE,0.323587347659651
"Y3P_3118","French",4,0,"E OUKBA BNOU NAFII","25341U","french_chain1",TRUE,-0.83326260802363
"Y3P_3120","French",4,0,"ECOLE PRIMAIRE  ALI BNOU ABITALEB","25998H","french_chain1",TRUE,-0.603663813814504
"Y3P_3133","French",4,1,"LISSANE EDDINE IBN ALKHATIB","27199N","french_chain1",TRUE,0.00175676946159379
"Y3P_3165","French",4,1,"ECOLE IBRAHIM ROUDANI","23361S","french_chain1",TRUE,-0.0713333345894453
"Y3P_3173","French",4,0,"CENTRALE EL AOUNATE","08101E","french_chain1",TRUE,-1.43246943297424
"Y3P_3206","French",4,1,"ECOLE PRIMAIRE ENNOUR","26477D","french_chain1",TRUE,0.20252865620583
"Y3P_3210","French",4,1,"ECOLE TIKNI","08099C","french_chain1",TRUE,-0.314169978877258
"Y3P_3223","French",4,0,"AHMED BOUKMAKH","26501E","french_chain1",TRUE,-0.714077309309473
"Y3P_3228","French",4,1,"ECOLE ABDELKRIM EL KHATIB","25823T","french_chain1",TRUE,-0.314169978877258
"Y3P_3233","French",4,0,"EL FALAH","18168X","french_chain1",TRUE,-0.228846381157127
"Y3P_3279","French",4,0,"MOHAMED ZERKTOUNI","18165U","french_chain1",TRUE,-0.14806271725481
"Y3P_3292","French",4,0,"ECOLE PRIMAIRE ELMARWA","27527V","french_chain1",TRUE,0.48993739529412
"Y3P_3296","French",4,1,"ECOLE PRIMAIRE MUSTAPHA EL MAANI","14033C","french_chain1",TRUE,-0.500832957319056
"Y3P_3302","French",4,1,"IBN BATTOUTA","08086N","french_chain1",TRUE,0.592384740646356
"Y3P_3326","French",4,1,"ECOLE PRIMAIRE IBN AL HAYTAM","24791W","french_chain1",TRUE,-0.0713333345894462
"Y3P_3339","French",4,1,"ENNAHDA","18163S","french_chain1",TRUE,0.735609282040132
"Y3P_3340","French",4,0,"OULED SIDI ABDENNEBI","01738N","french_chain1",TRUE,0.00175676946159437
"Y3P_3359","French",4,0,"OULED SIDI ABDENNEBI","01738N","french_chain1",TRUE,-1.10410890872619
"Y3P_3362","French",4,1,"ECOLE PRIMAIRE MOHAMED ZARKTOUNI","24698V","french_chain1",TRUE,-0.0713333345894472
"Y3P_3365","French",4,1,"ECOLE PRIMAIRE MOHAMED ZARKTOUNI","24698V","french_chain1",TRUE,0.541924208748577
"Y3P_3368","French",4,1,"ECOLE PRIMAIRE MOHAMED ZARKTOUNI","24698V","french_chain1",TRUE,-0.714077309309473
"Y3P_3370","French",4,0,"OULED SIDI ABDENNEBI","01738N","french_chain1",TRUE,-0.714077309309473
"Y3P_3373","French",4,0,"OULED SIDI ABDENNEBI","01738N","french_chain1",TRUE,-0.500832957319054
"Y3P_3386","French",4,0,"ECOLE PRIMAIRE ELMARWA","27527V","french_chain1",TRUE,0.00175676946159496
"Y3P_3392","French",4,1,"IBNOU MISSKAWAIHE","27772L","french_chain1",TRUE,0.138398881251486
"Y3P_3397","French",4,0,"OULED SIDI ABDENNEBI","01738N","french_chain1",TRUE,-0.500832957319056
"Y3P_3400","French",4,0,"ABI BAKR ESSADDIK","01727B","french_chain1",TRUE,-1.25978643883667
"Y3P_3416","French",4,0,"OUM EL BANINE","26368K","french_chain1",TRUE,-0.714077309309473
"Y3P_3419","French",4,0,"OUM EL BANINE","26368K","french_chain1",TRUE,-0.314169978877258
"Y3P_3429","French",4,0,"AHMED BOUKMAKH","26501E","french_chain1",TRUE,-0.148062717254811
"Y3P_3439","French",4,0,"ABI BAKR ESSADDIK","01727B","french_chain1",TRUE,-0.404605767756301
"Y3P_3451","French",4,0,"ECOLE PRIMAIRE  ALI BNOU ABITALEB","25998H","french_chain1",TRUE,-1.10410890872619
"Y3P_3456","French",4,0,"ECOLE PRIMAIRE  ALI BNOU ABITALEB","25998H","french_chain1",TRUE,-0.83326260802363
"Y3P_3462","French",4,0,"CENTRALE EL AOUNATE","08101E","french_chain1",TRUE,-1.43246943297424
"Y3P_3465","French",4,0,"CENTRALE EL AOUNATE","08101E","french_chain1",TRUE,0.0017567694615953
"Y3P_3472","French",4,0,"CENTRALE EL AOUNATE","08101E","french_chain1",TRUE,-1.43246943297424
"Y3P_3502","French",4,1,"ABDERRAHMANE HJIRA","24457H","french_chain1",TRUE,-0.603663813814503
"Y3P_3506","French",4,0,"ECOLE PRIMAIRE OUED AL MAKHAZINE","01623N","french_chain1",TRUE,-0.0713333345894461
"Y3P_3509","French",4,0,"ECOLE PRIMAIRE OUED AL MAKHAZINE","01623N","french_chain1",TRUE,-0.714077309309472
"Y3P_3526","French",4,0,"ECOLE PRIMAIRE ERHAMNA","01621L","french_chain1",TRUE,-0.500832957319057
"Y3P_3545","French",4,0,"ECOLE PRIMAIRE  EL KODS","01788T","french_chain1",TRUE,-0.962675208301684
"Y3P_3548","French",4,0,"ECOLE PRIMAIRE  EL KODS","01788T","french_chain1",TRUE,-0.603663813814503
"Y3P_3567","French",4,0,"E OUKBA BNOU NAFII","25341U","french_chain1",TRUE,-0.4046057677563
"Y3P_3581","French",4,0,"E OUKBA BNOU NAFII","25341U","french_chain1",TRUE,0.436307893898246
"Y3P_3609","French",4,1,"ECOLE PRIMAIRE ENNOUR","26477D","french_chain1",TRUE,0.592384740646356
"Y3P_3620","French",4,0,"EL FALAH","18168X","french_chain1",TRUE,-0.603663813814504
"Y3P_3625","French",4,0,"ECOLE PRIMAIRE SOUALEM","14375Z","french_chain1",TRUE,-1.43246943297424
"Y3P_3644","French",4,0,"E 11 JANVIER","26108C","french_chain1",TRUE,-1.43246943297424
"Y3P_3651","French",4,0,"E 11 JANVIER","26108C","french_chain1",TRUE,-0.0713333345894462
"Y3P_3653","French",4,0,"E 11 JANVIER","26108C","french_chain1",TRUE,-1.43246943297424
"Y3P_3662","French",4,0,"ECOLE PRIMAIRE IBNOU TOFAIL","01625R","french_chain1",TRUE,0.00175676946159518
"Y3P_3672","French",4,0,"ECOLE PRIMAIRE IBNOU TOFAIL","01625R","french_chain1",TRUE,0.00175676946159509
"Y3P_3677","French",4,0,"ECOLE PRIMAIRE AHL LOUGHLAM CHARKIA","01722W","french_chain1",TRUE,-0.500832957319056
"Y3P_3687","French",4,0,"ECOLE PRIMAIRE AHL LOUGHLAM CHARKIA","01722W","french_chain1",TRUE,-0.4046057677563
"Y3P_3694","French",4,1,"ECOLE MOUAD BEN JABAL","25822S","french_chain1",TRUE,0.323587347659651
"Y3P_3703","French",4,0,"E ERRAHMA","20901T","french_chain1",TRUE,-0.148062717254811
"Y3P_3721","French",4,1,"ECOLE OMAR BNOU ALKHATTAB","14019M","french_chain1",TRUE,-0.0713333345894461
"Y3P_3724","French",4,1,"ECOLE PRIMAIRE MED BELHASSAN AL OUAZZANI","01633Z","french_chain1",TRUE,-0.962675208301684
"Y3P_3725","French",4,1,"ECOLE PRIMAIRE MED BELHASSAN AL OUAZZANI","01633Z","french_chain1",TRUE,-0.962675208301684
"Y3P_3732","French",4,1,"ECOLE PRIMAIRE MED BELHASSAN AL OUAZZANI","01633Z","french_chain1",TRUE,-0.4046057677563
"Y3P_3743","French",4,1,"ECOLE TIKNI","08099C","french_chain1",TRUE,0.20252865620583
"Y3P_3751","French",4,1,"ECOLE PRIMAIRE MED BELHASSAN AL OUAZZANI","01633Z","french_chain1",TRUE,-1.10410890872619
"Y3P_3782","French",4,1,"ECOLE IBN TOUFAIL","27147G","french_chain1",TRUE,0.202528656205829
"Y3P_3784","French",4,0,"ECOLE PRIMAIRE SOUALEM","14375Z","french_chain1",TRUE,-0.314169978877256
"Y3P_3790","French",4,0,"EL FALAH","18168X","french_chain1",TRUE,-0.071333334589446
"Y3P_3792","French",4,1,"ECOLE OMAR BNOU ALKHATTAB","14019M","french_chain1",TRUE,-0.0713333345894474
"Y3P_3795","French",4,1,"ECOLE OMAR BNOU ALKHATTAB","14019M","french_chain1",TRUE,-0.314169978877256
"Y3P_3798","French",4,0,"ECOLE PRIMAIRE  EL KODS","01788T","french_chain1",TRUE,-0.4046057677563
"Y3P_3803","French",4,1,"IBN BATTOUTA","08086N","french_chain1",TRUE,-0.228846381157123
"Y3P_3822","French",4,0,"AHMED BOUKMAKH","26501E","french_chain1",TRUE,0.138398881251486
"Y3P_3824","French",4,0,"ECOLE PRIMAIRE AHL LOUGHLAM CHARKIA","01722W","french_chain1",TRUE,-0.962675208301684
"Y3P_3826","French",4,1,"ABDERRAHMANE HJIRA","24457H","french_chain1",TRUE,0.0715645413093854
"Y3P_3858","French",4,1,"ECOLE SIDI ALI","08138V","french_chain1",TRUE,0.380906132769906
"Y3P_3860","French",4,1,"ECOLE ABDELKRIM EL KHATIB","25823T","french_chain1",TRUE,-0.0713333345894461
"Y3P_3861","French",4,1,"ABDERRAHMANE HJIRA","24457H","french_chain1",TRUE,-0.14806271725481
"Y3P_3891","French",4,0,"E ERRAHMA","20901T","french_chain1",TRUE,-0.228846381157124
"Y3P_3900","French",4,1,"ECOLE MOUAD BEN JABAL","25822S","french_chain1",TRUE,-0.228846381157124
"Y3P_3902","French",4,1,"ECOLE IBRAHIM ROUDANI","23361S","french_chain1",TRUE,-0.314169978877257
"Y3P_3905","French",4,0,"ECOLE PRIMAIRE OUED AL MAKHAZINE","01623N","french_chain1",TRUE,-0.314169978877258
"Y3P_3908","French",4,0,"E ERRAHMA","20901T","french_chain1",TRUE,-0.962675208301684
"Y3P_3920","French",4,0,"AHMED BOUKMAKH","26501E","french_chain1",TRUE,-0.83326260802363
"Y3P_3930","French",4,0,"ECOLE PRIMAIRE OUED AL MAKHAZINE","01623N","french_chain1",TRUE,-0.603663813814503
"Y3P_3937","French",4,1,"IBN BATTOUTA","08086N","french_chain1",TRUE,-0.228846381157123
"Y3P_3952","French",4,0,"E DRISS BENZAKRI","25969B","french_chain1",TRUE,-0.228846381157124
"Y3P_3953","French",4,1,"ABDERRAHMANE HJIRA","24457H","french_chain1",TRUE,0.264189158504853
"Y3P_3954","French",4,1,"ECOLE PRIMAIRE MOHAMED ZARKTOUNI","24698V","french_chain1",TRUE,0.264189158504851
"Y3P_3957","French",4,0,"E DRISS BENZAKRI","25969B","french_chain1",TRUE,-0.603663813814503
"Y3P_3964","French",4,0,"OUM EL BANINE","26368K","french_chain1",TRUE,-0.500832957319055
"Y3P_3968","French",4,1,"ECOLE IBN TOUFAIL","27147G","french_chain1",TRUE,0.780919979286557
"Y3P_3971","French",4,0,"E DRISS BENZAKRI","25969B","french_chain1",TRUE,0.00175676946159563
"Y3P_3975","French",4,0,"E DRISS BENZAKRI","25969B","french_chain1",TRUE,0.380906132769907
"Y3P_3983","French",4,0,"ABI BAKR ESSADDIK","01727B","french_chain1",TRUE,-0.962675208301683
"Y3P_3992","French",4,0,"ECOLE PRIMAIRE AHL LOUGHLAM CHARKIA","01722W","french_chain1",TRUE,-0.962675208301686
"Y3P_3996","French",4,0,"ECOLE PRIMAIRE IBNOU TOFAIL","01625R","french_chain1",TRUE,-0.603663813814504
"Y3P_4001","French",4,1,"ECOLE EL KARIA","08207V","french_chain1",TRUE,-0.0713333345894461
"Y3P_4006","French",4,0,"ECOLE PRIMAIRE IBNOU TOFAIL","01625R","french_chain1",TRUE,-1.6255819976143
"Y3P_4014","French",4,1,"ECOLE PRIMAIRE IBN AL HAYTAM","24791W","french_chain1",TRUE,0.00175676946159519
"Y3P_4038","French",4,1,"ECOLE MOUAD BEN JABAL","25822S","french_chain1",TRUE,-0.500832957319055
"Y3P_4039","French",4,1,"AL FARABI","27200P","french_chain1",TRUE,0.138398881251488
"Y3P_4045","French",4,1,"LISSANE EDDINE IBN ALKHATIB","27199N","french_chain1",TRUE,-0.314169978877257
"Y3P_4064","French",4,1,"EL MAKKI ENNACIRI","27094Z","french_chain1",TRUE,-0.83326260802363
"Y3P_4075","French",4,1,"EL MAKKI ENNACIRI","27094Z","french_chain1",TRUE,0.264189158504853
"Y3P_4089","French",4,0,"E DRISS BENZAKRI","25969B","french_chain1",TRUE,-0.603663813814503
"Y3P_4094","French",4,1,"IBNOU MISSKAWAIHE","27772L","french_chain1",TRUE,0.00175676946159476
"Y3P_4100","French",4,1,"ECOLE IBRAHIM ROUDANI","23361S","french_chain1",TRUE,0.00175676946159435
"Y3P_4121","French",4,1,"IBNOU MISSKAWAIHE","27772L","french_chain1",TRUE,0.00175676946159433
"Y3P_4208","French",4,0,"ECOLE PRIMAIRE AHL LOUGHLAM CHARKIA","01722W","french_chain1",TRUE,0.689136736371578
"Y3P_4333","French",4,0,"ECOLE PRIMAIRE ERHAMNA","01621L","french_chain1",TRUE,0.264189158504853
"Y3P_551","French",4,1,"LISSANE EDDINE IBN ALKHATIB","27199N","french_chain1",TRUE,0.868335953271182
"Y3P_587","French",4,1,"ECOLE IBN TOUFAIL","27147G","french_chain1",TRUE,0.00175676946159522
"Y3P_707","French",4,1,"ECOLE MOUAD BEN JABAL","25822S","french_chain1",TRUE,-0.603663813814504
"Y3P_769","French",4,1,"ECOLE MOUAD BEN JABAL","25822S","french_chain1",TRUE,-0.603663813814503
"Y3P_1006","French",5,0,"ECOLE PRIMAIRE ELMARWA","27527V","french_chain1",TRUE,-0.962675208301685
"Y3P_1020","French",5,1,"IBN BATTOUTA","08086N","french_chain1",TRUE,-0.148062717254814
"Y3P_1025","French",5,0,"E HOMMANE EL FETOUAKI","26461L","french_chain1",TRUE,-1.25978643883667
"Y3P_110","French",5,1,"ABDERRAHMANE HJIRA","24457H","french_chain1",TRUE,-1.10410890872619
"Y3P_1158","French",5,1,"IBNOU MISSKAWAIHE","27772L","french_chain1",TRUE,0.138398881251488
"Y3P_1176","French",5,0,"ECOLE PRIMAIRE SOUALEM","14375Z","french_chain1",TRUE,-1.84332684733642
"Y3P_1322","French",5,0,"EL FALAH","18168X","french_chain1",TRUE,-0.31416997887726
"Y3P_1339","French",5,1,"ECOLE PRIMAIRE IBN AL HAYTAM","24791W","french_chain1",TRUE,-0.314169978877259
"Y3P_1373","French",5,0,"ECOLE PRIMAIRE OUED AL MAKHAZINE","01623N","french_chain1",TRUE,-0.314169978877258
"Y3P_1394","French",5,1,"ECOLE PRIMAIRE MUSTAPHA EL MAANI","14033C","french_chain1",TRUE,-1.25978643883667
"Y3P_1455","French",5,0,"OUM EL BANINE","26368K","french_chain1",TRUE,-0.714077309309473
"Y3P_1471","French",5,1,"ECOLE IBRAHIM ROUDANI","23361S","french_chain1",TRUE,0.00175676946159443
"Y3P_1479","French",5,0,"ECOLE PRIMAIRE ELMARWA","27527V","french_chain1",TRUE,-0.714077309309474
"Y3P_1480","French",5,1,"ECOLE PRIMAIRE ENNOUR","26477D","french_chain1",TRUE,0.910566776932223
"Y3P_1509","French",5,1,"ECOLE IBN TOUFAIL","27147G","french_chain1",TRUE,-0.962675208301684
"Y3P_1520","French",5,1,"ECOLE IBN TOUFAIL","27147G","french_chain1",TRUE,0.323587347659652
"Y3P_1537","French",5,1,"ECOLE OMAR BNOU ALKHATTAB","14019M","french_chain1",TRUE,-0.148062717254814
"Y3P_1559","French",5,1,"ABDERRAHMANE HJIRA","24457H","french_chain1",TRUE,-0.83326260802363
"Y3P_1566","French",5,1,"ECOLE TIKNI","08099C","french_chain1",TRUE,-0.833262608023631
"Y3P_1602","French",5,0,"ECOLE PRIMAIRE  ALI BNOU ABITALEB","25998H","french_chain1",TRUE,-0.83326260802363
"Y3P_1617","French",5,1,"ECOLE IBN TOUFAIL","27147G","french_chain1",TRUE,0.592384740646357
"Y3P_1625","French",5,0,"E OUKBA BNOU NAFII","25341U","french_chain1",TRUE,-0.833262608023631
"Y3P_1630","French",5,0,"ECOLE PRIMAIRE  EL KODS","01788T","french_chain1",TRUE,0.592384740646357
"Y3P_1640","French",5,0,"ECOLE PRIMAIRE  EL KODS","01788T","french_chain1",TRUE,-0.404605767756302
"Y3P_1648","French",5,0,"ECOLE PRIMAIRE IBNOU TOFAIL","01625R","french_chain1",TRUE,-0.962675208301685
"Y3P_1673","French",5,1,"ECOLE OMAR BNOU ALKHATTAB","14019M","french_chain1",TRUE,0.436307893898247
"Y3P_1683","French",5,1,"ECOLE ABDELKRIM EL KHATIB","25823T","french_chain1",TRUE,0.541924208748576
"Y3P_1708","French",5,1,"ECOLE OMAR BNOU ALKHATTAB","14019M","french_chain1",TRUE,-1.84332684733642
"Y3P_1710","French",5,0,"OULED SIDI ABDENNEBI","01738N","french_chain1",TRUE,-1.25978643883667
"Y3P_1721","French",5,1,"ECOLE PRIMAIRE ENNOUR","26477D","french_chain1",TRUE,-0.314169978877259
"Y3P_1730","French",5,1,"ENNAHDA","18163S","french_chain1",TRUE,0.780919979286557
"Y3P_1737","French",5,0,"ECOLE PRIMAIRE AHL LOUGHLAM CHARKIA","01722W","french_chain1",TRUE,-1.6255819976143
"Y3P_1757","French",5,1,"ECOLE TIKNI","08099C","french_chain1",TRUE,-0.404605767756301
"Y3P_1771","French",5,0,"MOHAMED ZERKTOUNI","18165U","french_chain1",TRUE,-1.6255819976143
"Y3P_1783","French",5,0,"E DRISS BENZAKRI","25969B","french_chain1",TRUE,-0.314169978877259
"Y3P_1794","French",5,1,"ECOLE MOUAD BEN JABAL","25822S","french_chain1",TRUE,-0.714077309309473
"Y3P_1833","French",5,0,"MOHAMED ZERKTOUNI","18165U","french_chain1",TRUE,-0.314169978877259
"Y3P_1839","French",5,1,"ECOLE PRIMAIRE MUSTAPHA EL MAANI","14033C","french_chain1",TRUE,0.380906132769906
"Y3P_1868","French",5,0,"E ERRAHMA","20901T","french_chain1",TRUE,0.323587347659652
"Y3P_1877","French",5,0,"E DRISS BENZAKRI","25969B","french_chain1",TRUE,-0.148062717254812
"Y3P_1882","French",5,1,"ABDERRAHMANE HJIRA","24457H","french_chain1",TRUE,-0.714077309309474
"Y3P_1891","French",5,1,"ECOLE ABDELKRIM EL KHATIB","25823T","french_chain1",TRUE,-0.071333334589449
"Y3P_1915","French",5,0,"CENTRALE EL AOUNATE","08101E","french_chain1",TRUE,0.0715645413093843
"Y3P_1917","French",5,1,"ECOLE PRIMAIRE MUSTAPHA EL MAANI","14033C","french_chain1",TRUE,-0.148062717254814
"Y3P_1922","French",5,0,"OULED SIDI ABDENNEBI","01738N","french_chain1",TRUE,-1.25978643883667
"Y3P_1924","French",5,0,"OULED SIDI ABDENNEBI","01738N","french_chain1",TRUE,-0.500832957319056
"Y3P_1928","French",5,0,"OULED SIDI ABDENNEBI","01738N","french_chain1",TRUE,-1.43246943297424
"Y3P_1931","French",5,0,"OULED SIDI ABDENNEBI","01738N","french_chain1",TRUE,-1.25978643883667
"Y3P_1938","French",5,0,"CENTRALE EL AOUNATE","08101E","french_chain1",TRUE,-1.10410890872619
"Y3P_1963","French",5,1,"ECOLE PRIMAIRE MED BELHASSAN AL OUAZZANI","01633Z","french_chain1",TRUE,-0.500832957319056
"Y3P_1964","French",5,1,"ECOLE PRIMAIRE MED BELHASSAN AL OUAZZANI","01633Z","french_chain1",TRUE,0.202528656205831
"Y3P_1967","French",5,1,"ECOLE PRIMAIRE MED BELHASSAN AL OUAZZANI","01633Z","french_chain1",TRUE,-0.603663813814503
"Y3P_1970","French",5,1,"ECOLE PRIMAIRE MED BELHASSAN AL OUAZZANI","01633Z","french_chain1",TRUE,-0.404605767756302
"Y3P_1983","French",5,0,"E HOMMANE EL FETOUAKI","26461L","french_chain1",TRUE,-1.10410890872619
"Y3P_1995","French",5,1,"ECOLE PRIMAIRE MUSTAPHA EL MAANI","14033C","french_chain1",TRUE,-0.404605767756302
"Y3P_2006","French",5,1,"ECOLE ABDELKRIM EL KHATIB","25823T","french_chain1",TRUE,0.264189158504854
"Y3P_2011","French",5,1,"ECOLE IBRAHIM ROUDANI","23361S","french_chain1",TRUE,0.689136736371581
"Y3P_2016","French",5,0,"ECOLE PRIMAIRE ELMARWA","27527V","french_chain1",TRUE,-0.500832957319055
"Y3P_2020","French",5,1,"ENNAHDA","18163S","french_chain1",TRUE,-0.314169978877259
"Y3P_2029","French",5,1,"ENNAHDA","18163S","french_chain1",TRUE,0.323587347659653
"Y3P_2049","French",5,1,"IBNOU MISSKAWAIHE","27772L","french_chain1",TRUE,0.202528656205831
"Y3P_2055","French",5,1,"IBNOU MISSKAWAIHE","27772L","french_chain1",TRUE,0.00175676946159434
"Y3P_2056","French",5,1,"EL MAKKI ENNACIRI","27094Z","french_chain1",TRUE,-0.0713333345894492
"Y3P_2059","French",5,1,"ECOLE PRIMAIRE MOHAMED ZARKTOUNI","24698V","french_chain1",TRUE,-0.500832957319056
"Y3P_2061","French",5,1,"ECOLE PRIMAIRE MOHAMED ZARKTOUNI","24698V","french_chain1",TRUE,-0.500832957319056
"Y3P_2065","French",5,1,"ECOLE PRIMAIRE MOHAMED ZARKTOUNI","24698V","french_chain1",TRUE,-0.148062717254814
"Y3P_207","French",5,0,"OUM EL BANINE","26368K","french_chain1",TRUE,-0.603663813814504
"Y3P_2071","French",5,0,"ECOLE PRIMAIRE AHL LOUGHLAM CHARKIA","01722W","french_chain1",TRUE,-0.228846381157127
"Y3P_2078","French",5,0,"ECOLE PRIMAIRE AHL LOUGHLAM CHARKIA","01722W","french_chain1",TRUE,-0.83326260802363
"Y3P_2092","French",5,0,"ECOLE PRIMAIRE ELMARWA","27527V","french_chain1",TRUE,0.138398881251487
"Y3P_2099","French",5,1,"AL FARABI","27200P","french_chain1",TRUE,-0.0713333345894475
"Y3P_2111","French",5,0,"ECOLE PRIMAIRE AHL LOUGHLAM CHARKIA","01722W","french_chain1",TRUE,0.202528656205831
"Y3P_2119","French",5,1,"AL FARABI","27200P","french_chain1",TRUE,-0.83326260802363
"Y3P_2120","French",5,1,"ECOLE PRIMAIRE IBN AL HAYTAM","24791W","french_chain1",TRUE,0.00175676946159366
"Y3P_2134","French",5,0,"E ERRAHMA","20901T","french_chain1",TRUE,0.202528656205831
"Y3P_2137","French",5,0,"E 11 JANVIER","26108C","french_chain1",TRUE,-0.228846381157126
"Y3P_2139","French",5,0,"E 11 JANVIER","26108C","french_chain1",TRUE,-0.603663813814504
"Y3P_2142","French",5,0,"E 11 JANVIER","26108C","french_chain1",TRUE,-0.404605767756301
"Y3P_2144","French",5,0,"ECOLE PRIMAIRE  EL KODS","01788T","french_chain1",TRUE,-0.148062717254814
"Y3P_2150","French",5,0,"E DRISS BENZAKRI","25969B","french_chain1",TRUE,-0.500832957319056
"Y3P_2174","French",5,0,"OUM EL BANINE","26368K","french_chain1",TRUE,-0.603663813814504
"Y3P_2176","French",5,0,"OUM EL BANINE","26368K","french_chain1",TRUE,-0.500832957319056
"Y3P_2177","French",5,0,"ECOLE PRIMAIRE ELMARWA","27527V","french_chain1",TRUE,0.264189158504853
"Y3P_2181","French",5,1,"ECOLE MOUAD BEN JABAL","25822S","french_chain1",TRUE,0.592384740646356
"Y3P_2190","French",5,1,"ECOLE MOUAD BEN JABAL","25822S","french_chain1",TRUE,0.825140378889183
"Y3P_2194","French",5,1,"IBNOU MISSKAWAIHE","27772L","french_chain1",TRUE,0.323587347659653
"Y3P_2196","French",5,1,"EL MAKKI ENNACIRI","27094Z","french_chain1",TRUE,0.641423938505939
"Y3P_2197","French",5,0,"ECOLE PRIMAIRE IBNOU TOFAIL","01625R","french_chain1",TRUE,0.48993739529412
"Y3P_2198","French",5,0,"EL FALAH","18168X","french_chain1",TRUE,-0.962675208301685
"Y3P_2208","French",5,0,"E ERRAHMA","20901T","french_chain1",TRUE,0.689136736371582
"Y3P_2235","French",5,0,"ECOLE PRIMAIRE  ALI BNOU ABITALEB","25998H","french_chain1",TRUE,0.00175676946159537
"Y3P_2241","French",5,0,"ECOLE PRIMAIRE  ALI BNOU ABITALEB","25998H","french_chain1",TRUE,-0.314169978877259
"Y3P_2242","French",5,0,"ECOLE PRIMAIRE  ALI BNOU ABITALEB","25998H","french_chain1",TRUE,-1.25978643883667
"Y3P_2255","French",5,0,"ABI BAKR ESSADDIK","01727B","french_chain1",TRUE,-0.0713333345894466
"Y3P_2256","French",5,1,"LISSANE EDDINE IBN ALKHATIB","27199N","french_chain1",TRUE,-0.500832957319058
"Y3P_2260","French",5,0,"AHMED BOUKMAKH","26501E","french_chain1",TRUE,-0.0713333345894497
"Y3P_2263","French",5,0,"ABI BAKR ESSADDIK","01727B","french_chain1",TRUE,-0.404605767756302
"Y3P_2279","French",5,1,"IBN BATTOUTA","08086N","french_chain1",TRUE,-0.714077309309473
"Y3P_2289","French",5,0,"ECOLE PRIMAIRE ERHAMNA","01621L","french_chain1",TRUE,-0.500832957319056
"Y3P_2291","French",5,0,"MOHAMED ZERKTOUNI","18165U","french_chain1",TRUE,-0.833262608023631
"Y3P_2299","French",5,0,"AHMED BOUKMAKH","26501E","french_chain1",TRUE,-0.404605767756302
"Y3P_2305","French",5,0,"AHMED BOUKMAKH","26501E","french_chain1",TRUE,-0.962675208301685
"Y3P_2306","French",5,1,"ECOLE OMAR BNOU ALKHATTAB","14019M","french_chain1",TRUE,-0.500832957319056
"Y3P_2307","French",5,0,"ECOLE PRIMAIRE  EL KODS","01788T","french_chain1",TRUE,-0.148062717254813
"Y3P_2312","French",5,1,"ABDERRAHMANE HJIRA","24457H","french_chain1",TRUE,-0.500832957319056
"Y3P_2325","French",5,0,"ECOLE PRIMAIRE SOUALEM","14375Z","french_chain1",TRUE,-0.314169978877259
"Y3P_2330","French",5,0,"ECOLE PRIMAIRE SOUALEM","14375Z","french_chain1",TRUE,-0.714077309309474
"Y3P_2332","French",5,0,"ECOLE PRIMAIRE SOUALEM","14375Z","french_chain1",TRUE,-1.10410890872619
"Y3P_2338","French",5,0,"ECOLE PRIMAIRE SOUALEM","14375Z","french_chain1",TRUE,-1.6255819976143
"Y3P_2352","French",5,0,"ECOLE PRIMAIRE ERHAMNA","01621L","french_chain1",TRUE,0.138398881251489
"Y3P_2354","French",5,0,"ECOLE PRIMAIRE ERHAMNA","01621L","french_chain1",TRUE,0.138398881251488
"Y3P_236","French",5,1,"IBN BATTOUTA","08086N","french_chain1",TRUE,-0.83326260802363
"Y3P_2365","French",5,0,"ECOLE PRIMAIRE ERHAMNA","01621L","french_chain1",TRUE,0.202528656205831
"Y3P_2374","French",5,1,"IBNOU MISSKAWAIHE","27772L","french_chain1",TRUE,0.436307893898246
"Y3P_2383","French",5,0,"ECOLE PRIMAIRE ERHAMNA","01621L","french_chain1",TRUE,-0.603663813814506
"Y3P_2389","French",5,1,"ECOLE OMAR BNOU ALKHATTAB","14019M","french_chain1",TRUE,0.780919979286562
"Y3P_2392","French",5,1,"ECOLE SIDI ALI","08138V","french_chain1",TRUE,0.202528656205831
"Y3P_2393","French",5,1,"ECOLE SIDI ALI","08138V","french_chain1",TRUE,-1.10410890872619
"Y3P_2430","French",5,0,"ECOLE PRIMAIRE IBNOU TOFAIL","01625R","french_chain1",TRUE,-0.500832957319056
"Y3P_2442","French",5,0,"ECOLE PRIMAIRE OUED AL MAKHAZINE","01623N","french_chain1",TRUE,0.00175676946159398
"Y3P_2460","French",5,1,"EL MAKKI ENNACIRI","27094Z","french_chain1",TRUE,0.868335953271183
"Y3P_2464","French",5,0,"ECOLE PRIMAIRE OUED AL MAKHAZINE","01623N","french_chain1",TRUE,0.323587347659651
"Y3P_2469","French",5,0,"ECOLE PRIMAIRE  EL KODS","01788T","french_chain1",TRUE,0.735609282040135
"Y3P_2478","French",5,0,"E OUKBA BNOU NAFII","25341U","french_chain1",TRUE,0.264189158504853
"Y3P_2479","French",5,0,"E OUKBA BNOU NAFII","25341U","french_chain1",TRUE,0.0715645413093853
"Y3P_2483","French",5,0,"ECOLE PRIMAIRE OUED AL MAKHAZINE","01623N","french_chain1",TRUE,-0.500832957319056
"Y3P_2487","French",5,0,"E OUKBA BNOU NAFII","25341U","french_chain1",TRUE,-0.962675208301685
"Y3P_2494","French",5,0,"MOHAMED ZERKTOUNI","18165U","french_chain1",TRUE,0.264189158504853
"Y3P_2511","French",5,0,"E DRISS BENZAKRI","25969B","french_chain1",TRUE,-0.714077309309473
"Y3P_2521","French",5,1,"EL MAKKI ENNACIRI","27094Z","french_chain1",TRUE,-0.404605767756302
"Y3P_2537","French",5,1,"ECOLE PRIMAIRE ENNOUR","26477D","french_chain1",TRUE,0.138398881251489
"Y3P_254","French",5,0,"EL FALAH","18168X","french_chain1",TRUE,-1.10410890872619
"Y3P_2541","French",5,1,"ECOLE TIKNI","08099C","french_chain1",TRUE,-0.314169978877259
"Y3P_2545","French",5,0,"E OUKBA BNOU NAFII","25341U","french_chain1",TRUE,-0.228846381157126
"Y3P_2579","French",5,0,"E ERRAHMA","20901T","french_chain1",TRUE,0.0715645413093864
"Y3P_2582","French",5,0,"CENTRALE EL AOUNATE","08101E","french_chain1",TRUE,0.138398881251487
"Y3P_2584","French",5,1,"ECOLE IBN TOUFAIL","27147G","french_chain1",TRUE,0.910566776932223
"Y3P_2585","French",5,0,"CENTRALE EL AOUNATE","08101E","french_chain1",TRUE,-0.714077309309473
"Y3P_2596","French",5,1,"ECOLE SIDI ALI","08138V","french_chain1",TRUE,-0.404605767756301
"Y3P_2599","French",5,1,"IBN BATTOUTA","08086N","french_chain1",TRUE,-0.228846381157128
"Y3P_2603","French",5,0,"E 11 JANVIER","26108C","french_chain1",TRUE,-0.0713333345894461
"Y3P_2614","French",5,1,"ENNAHDA","18163S","french_chain1",TRUE,0.641423938505939
"Y3P_2630","French",5,0,"MOHAMED ZERKTOUNI","18165U","french_chain1",TRUE,-0.603663813814504
"Y3P_2644","French",5,1,"LISSANE EDDINE IBN ALKHATIB","27199N","french_chain1",TRUE,-0.404605767756302
"Y3P_2654","French",5,1,"ECOLE IBRAHIM ROUDANI","23361S","french_chain1",TRUE,-0.314169978877259
"Y3P_2658","French",5,0,"AHMED BOUKMAKH","26501E","french_chain1",TRUE,-0.228846381157128
"Y3P_2660","French",5,1,"AL FARABI","27200P","french_chain1",TRUE,-0.148062717254814
"Y3P_2686","French",5,1,"LISSANE EDDINE IBN ALKHATIB","27199N","french_chain1",TRUE,0.323587347659651
"Y3P_2687","French",5,1,"ECOLE PRIMAIRE IBN AL HAYTAM","24791W","french_chain1",TRUE,0.20252865620583
"Y3P_2693","French",5,1,"ECOLE IBN TOUFAIL","27147G","french_chain1",TRUE,0.592384740646358
"Y3P_2717","French",5,1,"ECOLE SIDI ALI","08138V","french_chain1",TRUE,0.641423938505939
"Y3P_273","French",5,1,"ECOLE TIKNI","08099C","french_chain1",TRUE,-1.25978643883667
"Y3P_2732","French",5,1,"ECOLE PRIMAIRE ENNOUR","26477D","french_chain1",TRUE,0.489937395294119
"Y3P_2772","French",5,1,"LISSANE EDDINE IBN ALKHATIB","27199N","french_chain1",TRUE,0.541924208748573
"Y3P_279","French",5,0,"E HOMMANE EL FETOUAKI","26461L","french_chain1",TRUE,-0.404605767756301
"Y3P_28","French",5,1,"ECOLE IBRAHIM ROUDANI","23361S","french_chain1",TRUE,-0.500832957319056
"Y3P_2805","French",5,0,"E 11 JANVIER","26108C","french_chain1",TRUE,-0.833262608023631
"Y3P_2822","French",5,0,"E HOMMANE EL FETOUAKI","26461L","french_chain1",TRUE,0.541924208748574
"Y3P_2845","French",5,1,"ECOLE ABDELKRIM EL KHATIB","25823T","french_chain1",TRUE,0.541924208748574
"Y3P_2897","French",5,0,"ABI BAKR ESSADDIK","01727B","french_chain1",TRUE,-0.603663813814503
"Y3P_2908","French",5,1,"IBN BATTOUTA","08086N","french_chain1",TRUE,0.641423938505938
"Y3P_291","French",5,1,"ECOLE SIDI ALI","08138V","french_chain1",TRUE,-0.404605767756302
"Y3P_2912","French",5,0,"OUM EL BANINE","26368K","french_chain1",TRUE,-1.10410890872619
"Y3P_2935","French",5,1,"ECOLE PRIMAIRE IBN AL HAYTAM","24791W","french_chain1",TRUE,0.138398881251487
"Y3P_295","French",5,1,"ECOLE PRIMAIRE MED BELHASSAN AL OUAZZANI","01633Z","french_chain1",TRUE,-0.83326260802363
"Y3P_2955","French",5,1,"ECOLE MOUAD BEN JABAL","25822S","french_chain1",TRUE,-0.404605767756301
"Y3P_2962","French",5,0,"E DRISS BENZAKRI","25969B","french_chain1",TRUE,-0.314169978877259
"Y3P_2999","French",5,1,"ECOLE PRIMAIRE MOHAMED ZARKTOUNI","24698V","french_chain1",TRUE,-0.314169978877259
"Y3P_3096","French",5,0,"ECOLE PRIMAIRE AHL LOUGHLAM CHARKIA","01722W","french_chain1",TRUE,0.00175676946159272
"Y3P_3098","French",5,0,"EL FALAH","18168X","french_chain1",TRUE,-0.714077309309473
"Y3P_3222","French",5,1,"ECOLE PRIMAIRE MUSTAPHA EL MAANI","14033C","french_chain1",TRUE,-0.148062717254812
"Y3P_371","French",5,1,"EL MAKKI ENNACIRI","27094Z","french_chain1",TRUE,-0.404605767756301
"Y3P_385","French",5,1,"ECOLE ABDELKRIM EL KHATIB","25823T","french_chain1",TRUE,0.202528656205831
"Y3P_419","French",5,0,"E HOMMANE EL FETOUAKI","26461L","french_chain1",TRUE,-0.404605767756302
"Y3P_436","French",5,1,"ECOLE PRIMAIRE ENNOUR","26477D","french_chain1",TRUE,0.323587347659652
"Y3P_45","French",5,1,"ABDERRAHMANE HJIRA","24457H","french_chain1",TRUE,-1.43246943297424
"Y3P_467","French",5,0,"ECOLE PRIMAIRE  ALI BNOU ABITALEB","25998H","french_chain1",TRUE,-1.6255819976143
"Y3P_528","French",5,1,"ECOLE IBRAHIM ROUDANI","23361S","french_chain1",TRUE,0.380906132769907
"Y3P_552","French",5,0,"ABI BAKR ESSADDIK","01727B","french_chain1",TRUE,-0.500832957319055
"Y3P_554","French",5,1,"ECOLE MOUAD BEN JABAL","25822S","french_chain1",TRUE,-0.500832957319056
"Y3P_579","French",5,1,"ECOLE PRIMAIRE IBN AL HAYTAM","24791W","french_chain1",TRUE,0.825140378889181
"Y3P_595","French",5,0,"CENTRALE EL AOUNATE","08101E","french_chain1",TRUE,-0.404605767756301
"Y3P_597","French",5,0,"ABI BAKR ESSADDIK","01727B","french_chain1",TRUE,-0.500832957319057
"Y3P_616","French",5,1,"ENNAHDA","18163S","french_chain1",TRUE,0.380906132769906
"Y3P_631","French",5,0,"AHMED BOUKMAKH","26501E","french_chain1",TRUE,-0.962675208301686
"Y3P_659","French",5,1,"AL FARABI","27200P","french_chain1",TRUE,-0.148062717254814
"Y3P_674","French",5,1,"AL FARABI","27200P","french_chain1",TRUE,-1.25978643883667
"Y3P_69","French",5,0,"ECOLE PRIMAIRE OUED AL MAKHAZINE","01623N","french_chain1",TRUE,-0.500832957319056
"Y3P_698","French",5,0,"E ERRAHMA","20901T","french_chain1",TRUE,-0.962675208301684
"Y3P_733","French",5,1,"LISSANE EDDINE IBN ALKHATIB","27199N","french_chain1",TRUE,-0.228846381157127
"Y3P_829","French",5,0,"EL FALAH","18168X","french_chain1",TRUE,-1.10410890872619
"Y3P_893","French",5,0,"ECOLE PRIMAIRE IBNOU TOFAIL","01625R","french_chain1",TRUE,-1.84332684733642
"Y3P_896","French",5,0,"ECOLE PRIMAIRE IBNOU TOFAIL","01625R","french_chain1",TRUE,-1.6255819976143
"Y3P_899","French",5,1,"ECOLE TIKNI","08099C","french_chain1",TRUE,-0.603663813814504
"Y3P_902","French",5,1,"ECOLE PRIMAIRE MOHAMED ZARKTOUNI","24698V","french_chain1",TRUE,-1.10410890872619
"Y3P_10","French",6,1,"AL FARABI","27200P","french_chain1",TRUE,-1.43246943297424
"Y3P_1009","French",6,1,"ECOLE TIKNI","08099C","french_chain1",TRUE,-0.404605767756303
"Y3P_1023","French",6,0,"OULED SIDI ABDENNEBI","01738N","french_chain1",TRUE,-0.500832957319058
"Y3P_1024","French",6,0,"OULED SIDI ABDENNEBI","01738N","french_chain1",TRUE,-0.714077309309474
"Y3P_1035","French",6,0,"OULED SIDI ABDENNEBI","01738N","french_chain1",TRUE,0.436307893898247
"Y3P_1038","French",6,1,"ECOLE PRIMAIRE IBN AL HAYTAM","24791W","french_chain1",TRUE,0.48993739529412
"Y3P_1039","French",6,0,"OULED SIDI ABDENNEBI","01738N","french_chain1",TRUE,-0.314169978877259
"Y3P_1046","French",6,0,"ECOLE PRIMAIRE AHL LOUGHLAM CHARKIA","01722W","french_chain1",TRUE,0.0715645413093827
"Y3P_1053","French",6,0,"ECOLE PRIMAIRE AHL LOUGHLAM CHARKIA","01722W","french_chain1",TRUE,-0.314169978877259
"Y3P_1058","French",6,1,"IBNOU MISSKAWAIHE","27772L","french_chain1",TRUE,0.202528656205829
"Y3P_106","French",6,1,"ECOLE SIDI ALI","08138V","french_chain1",TRUE,-0.603663813814505
"Y3P_1064","French",6,0,"E HOMMANE EL FETOUAKI","26461L","french_chain1",TRUE,-0.07133333458945
"Y3P_1069","French",6,1,"ECOLE IBN TOUFAIL","27147G","french_chain1",TRUE,0.380906132769907
"Y3P_1072","French",6,1,"ECOLE OMAR BNOU ALKHATTAB","14019M","french_chain1",TRUE,-0.314169978877259
"Y3P_1085","French",6,1,"ABDERRAHMANE HJIRA","24457H","french_chain1",TRUE,0.138398881251485
"Y3P_1096","French",6,0,"ECOLE PRIMAIRE AHL LOUGHLAM CHARKIA","01722W","french_chain1",TRUE,0.323587347659651
"Y3P_1120","French",6,1,"ECOLE SIDI ALI","08138V","french_chain1",TRUE,0.592384740646356
"Y3P_1123","French",6,0,"E DRISS BENZAKRI","25969B","french_chain1",TRUE,0.00175676946159175
"Y3P_1125","French",6,1,"ECOLE PRIMAIRE MOHAMED ZARKTOUNI","24698V","french_chain1",TRUE,0.489937395294122
"Y3P_113","French",6,0,"EL FALAH","18168X","french_chain1",TRUE,-1.25978643883667
"Y3P_1131","French",6,0,"E ERRAHMA","20901T","french_chain1",TRUE,0.825140378889183
"Y3P_1132","French",6,0,"ECOLE PRIMAIRE ELMARWA","27527V","french_chain1",TRUE,-0.228846381157127
"Y3P_1135","French",6,0,"ECOLE PRIMAIRE SOUALEM","14375Z","french_chain1",TRUE,-0.500832957319057
"Y3P_1145","French",6,1,"ECOLE IBN TOUFAIL","27147G","french_chain1",TRUE,0.780919979286559
"Y3P_1159","French",6,0,"ECOLE PRIMAIRE ELMARWA","27527V","french_chain1",TRUE,-0.148062717254814
"Y3P_1162","French",6,1,"ECOLE PRIMAIRE MOHAMED ZARKTOUNI","24698V","french_chain1",TRUE,0.592384740646356
"Y3P_1168","French",6,0,"OULED SIDI ABDENNEBI","01738N","french_chain1",TRUE,-0.962675208301686
"Y3P_1174","French",6,1,"ECOLE TIKNI","08099C","french_chain1",TRUE,0.202528656205829
"Y3P_1177","French",6,0,"ABI BAKR ESSADDIK","01727B","french_chain1",TRUE,-0.404605767756302
"Y3P_1183","French",6,1,"ECOLE PRIMAIRE MUSTAPHA EL MAANI","14033C","french_chain1",TRUE,-0.833262608023632
"Y3P_1190","French",6,0,"ECOLE PRIMAIRE SOUALEM","14375Z","french_chain1",TRUE,-0.962675208301686
"Y3P_12","French",6,0,"ABI BAKR ESSADDIK","01727B","french_chain1",TRUE,-0.603663813814505
"Y3P_120","French",6,0,"MOHAMED ZERKTOUNI","18165U","french_chain1",TRUE,-0.404605767756302
"Y3P_1208","French",6,0,"CENTRALE EL AOUNATE","08101E","french_chain1",TRUE,-0.500832957319057
"Y3P_1211","French",6,1,"ECOLE PRIMAIRE ENNOUR","26477D","french_chain1",TRUE,0.541924208748574
"Y3P_1226","French",6,0,"OUM EL BANINE","26368K","french_chain1",TRUE,-0.833262608023632
"Y3P_1228","French",6,0,"ECOLE PRIMAIRE IBNOU TOFAIL","01625R","french_chain1",TRUE,-0.0713333345894504
"Y3P_1238","French",6,0,"AHMED BOUKMAKH","26501E","french_chain1",TRUE,0.071564541309382
"Y3P_1240","French",6,1,"ECOLE TIKNI","08099C","french_chain1",TRUE,0.68913673637158
"Y3P_1243","French",6,0,"E DRISS BENZAKRI","25969B","french_chain1",TRUE,-0.228846381157128
"Y3P_1255","French",6,0,"ECOLE PRIMAIRE ERHAMNA","01621L","french_chain1",TRUE,-0.404605767756302
"Y3P_1256","French",6,1,"ECOLE IBN TOUFAIL","27147G","french_chain1",TRUE,0.868335953271186
"Y3P_1260","French",6,1,"ECOLE OMAR BNOU ALKHATTAB","14019M","french_chain1",TRUE,0.380906132769907
"Y3P_1268","French",6,0,"ECOLE PRIMAIRE  ALI BNOU ABITALEB","25998H","french_chain1",TRUE,-1.10410890872619
"Y3P_1269","French",6,0,"AHMED BOUKMAKH","26501E","french_chain1",TRUE,0.00175676946159095
"Y3P_1270","French",6,1,"ECOLE OMAR BNOU ALKHATTAB","14019M","french_chain1",TRUE,-0.962675208301685
"Y3P_1273","French",6,0,"AHMED BOUKMAKH","26501E","french_chain1",TRUE,-0.404605767756302
"Y3P_1274","French",6,0,"AHMED BOUKMAKH","26501E","french_chain1",TRUE,0.323587347659651
"Y3P_1277","French",6,0,"E HOMMANE EL FETOUAKI","26461L","french_chain1",TRUE,0.202528656205829
"Y3P_1282","French",6,1,"EL MAKKI ENNACIRI","27094Z","french_chain1",TRUE,0.323587347659651
"Y3P_1284","French",6,1,"ECOLE SIDI ALI","08138V","french_chain1",TRUE,0.264189158504852
"Y3P_1287","French",6,0,"OUM EL BANINE","26368K","french_chain1",TRUE,-0.07133333458945
"Y3P_1292","French",6,0,"E ERRAHMA","20901T","french_chain1",TRUE,0.641423938505939
"Y3P_1296","French",6,0,"ECOLE PRIMAIRE ELMARWA","27527V","french_chain1",TRUE,-0.500832957319057
"Y3P_1311","French",6,1,"EL MAKKI ENNACIRI","27094Z","french_chain1",TRUE,0.138398881251484
"Y3P_1345","French",6,1,"ECOLE MOUAD BEN JABAL","25822S","french_chain1",TRUE,-0.148062717254815
"Y3P_1349","French",6,0,"E HOMMANE EL FETOUAKI","26461L","french_chain1",TRUE,-0.228846381157127
"Y3P_1354","French",6,1,"ECOLE PRIMAIRE MOHAMED ZARKTOUNI","24698V","french_chain1",TRUE,0.202528656205829
"Y3P_1363","French",6,1,"ECOLE PRIMAIRE ENNOUR","26477D","french_chain1",TRUE,0.641423938505937
"Y3P_137","French",6,0,"ABI BAKR ESSADDIK","01727B","french_chain1",TRUE,-0.314169978877259
"Y3P_1370","French",6,0,"ECOLE PRIMAIRE OUED AL MAKHAZINE","01623N","french_chain1",TRUE,-0.603663813814505
"Y3P_1379","French",6,0,"ECOLE PRIMAIRE OUED AL MAKHAZINE","01623N","french_chain1",TRUE,0.592384740646355
"Y3P_1386","French",6,1,"ECOLE PRIMAIRE ENNOUR","26477D","french_chain1",TRUE,0.735609282040133
"Y3P_1388","French",6,1,"ECOLE PRIMAIRE MUSTAPHA EL MAANI","14033C","french_chain1",TRUE,0.68913673637158
"Y3P_1406","French",6,1,"ECOLE IBN TOUFAIL","27147G","french_chain1",TRUE,0.689136736371579
"Y3P_1409","French",6,1,"ECOLE TIKNI","08099C","french_chain1",TRUE,0.380906132769906
"Y3P_1421","French",6,1,"ECOLE MOUAD BEN JABAL","25822S","french_chain1",TRUE,0.323587347659651
"Y3P_1426","French",6,0,"ECOLE PRIMAIRE AHL LOUGHLAM CHARKIA","01722W","french_chain1",TRUE,0.0017567694615911
"Y3P_1431","French",6,0,"E OUKBA BNOU NAFII","25341U","french_chain1",TRUE,0.202528656205829
"Y3P_1449","French",6,0,"EL FALAH","18168X","french_chain1",TRUE,-0.833262608023632
"Y3P_1465","French",6,0,"ECOLE PRIMAIRE  ALI BNOU ABITALEB","25998H","french_chain1",TRUE,-0.228846381157128
"Y3P_1478","French",6,0,"MOHAMED ZERKTOUNI","18165U","french_chain1",TRUE,0.78091997928656
"Y3P_1485","French",6,1,"ECOLE ABDELKRIM EL KHATIB","25823T","french_chain1",TRUE,-0.404605767756302
"Y3P_1493","French",6,1,"ECOLE PRIMAIRE ENNOUR","26477D","french_chain1",TRUE,0.641423938505938
"Y3P_1498","French",6,0,"MOHAMED ZERKTOUNI","18165U","french_chain1",TRUE,0.910566776932228
"Y3P_1507","French",6,1,"ECOLE ABDELKRIM EL KHATIB","25823T","french_chain1",TRUE,0.323587347659651
"Y3P_1539","French",6,0,"ABI BAKR ESSADDIK","01727B","french_chain1",TRUE,0.68913673637158
"Y3P_1562","French",6,1,"AL FARABI","27200P","french_chain1",TRUE,0.0715645413093826
"Y3P_1596","French",6,0,"OUM EL BANINE","26368K","french_chain1",TRUE,0.689136736371581
"Y3P_1661","French",6,0,"ECOLE PRIMAIRE OUED AL MAKHAZINE","01623N","french_chain1",TRUE,0.264189158504853
"Y3P_1665","French",6,0,"CENTRALE EL AOUNATE","08101E","french_chain1",TRUE,-0.603663813814506
"Y3P_171","French",6,1,"IBNOU MISSKAWAIHE","27772L","french_chain1",TRUE,0.641423938505937
"Y3P_172","French",6,0,"E OUKBA BNOU NAFII","25341U","french_chain1",TRUE,-0.714077309309475
"Y3P_1738","French",6,0,"ECOLE PRIMAIRE IBNOU TOFAIL","01625R","french_chain1",TRUE,-0.31416997887726
"Y3P_1739","French",6,0,"E DRISS BENZAKRI","25969B","french_chain1",TRUE,0.641423938505938
"Y3P_1763","French",6,0,"ECOLE PRIMAIRE IBNOU TOFAIL","01625R","french_chain1",TRUE,-0.714077309309475
"Y3P_1776","French",6,0,"E DRISS BENZAKRI","25969B","french_chain1",TRUE,-0.500832957319057
"Y3P_183","French",6,0,"E OUKBA BNOU NAFII","25341U","french_chain1",TRUE,-0.31416997887726
"Y3P_184","French",6,1,"ECOLE ABDELKRIM EL KHATIB","25823T","french_chain1",TRUE,0.0715645413093816
"Y3P_210","French",6,0,"OUM EL BANINE","26368K","french_chain1",TRUE,-0.962675208301686
"Y3P_252","French",6,1,"ECOLE TIKNI","08099C","french_chain1",TRUE,0.380906132769906
"Y3P_253","French",6,1,"ECOLE PRIMAIRE IBN AL HAYTAM","24791W","french_chain1",TRUE,0.0715645413093826
"Y3P_257","French",6,1,"IBN BATTOUTA","08086N","french_chain1",TRUE,-0.148062717254815
"Y3P_26","French",6,1,"ECOLE OMAR BNOU ALKHATTAB","14019M","french_chain1",TRUE,-0.714077309309475
"Y3P_266","French",6,0,"ECOLE PRIMAIRE OUED AL MAKHAZINE","01623N","french_chain1",TRUE,-0.148062717254815
"Y3P_3","French",6,1,"ECOLE SIDI ALI","08138V","french_chain1",TRUE,-0.404605767756302
"Y3P_300","French",6,0,"ECOLE PRIMAIRE  EL KODS","01788T","french_chain1",TRUE,-0.962675208301685
"Y3P_308","French",6,1,"ECOLE OMAR BNOU ALKHATTAB","14019M","french_chain1",TRUE,-0.31416997887726
"Y3P_319","French",6,1,"IBNOU MISSKAWAIHE","27772L","french_chain1",TRUE,0.825140378889183
"Y3P_32","French",6,1,"ECOLE IBRAHIM ROUDANI","23361S","french_chain1",TRUE,0.641423938505937
"Y3P_328","French",6,1,"EL MAKKI ENNACIRI","27094Z","french_chain1",TRUE,-0.404605767756302
"Y3P_333","French",6,1,"ECOLE SIDI ALI","08138V","french_chain1",TRUE,0.202528656205828
"Y3P_341","French",6,0,"ECOLE PRIMAIRE SOUALEM","14375Z","french_chain1",TRUE,-1.6255819976143
"Y3P_345","French",6,0,"ECOLE PRIMAIRE OUED AL MAKHAZINE","01623N","french_chain1",TRUE,0.202528656205829
"Y3P_348","French",6,0,"MOHAMED ZERKTOUNI","18165U","french_chain1",TRUE,0.489937395294121
"Y3P_350","French",6,1,"ECOLE ABDELKRIM EL KHATIB","25823T","french_chain1",TRUE,0.735609282040132
"Y3P_360","French",6,1,"ENNAHDA","18163S","french_chain1",TRUE,-0.228846381157127
"Y3P_363","French",6,0,"CENTRALE EL AOUNATE","08101E","french_chain1",TRUE,-0.962675208301686
"Y3P_369","French",6,0,"CENTRALE EL AOUNATE","08101E","french_chain1",TRUE,-0.714077309309474
"Y3P_382","French",6,0,"ECOLE PRIMAIRE  EL KODS","01788T","french_chain1",TRUE,0.323587347659651
"Y3P_387","French",6,1,"ECOLE MOUAD BEN JABAL","25822S","french_chain1",TRUE,0.00175676946159077
"Y3P_398","French",6,1,"ECOLE PRIMAIRE MUSTAPHA EL MAANI","14033C","french_chain1",TRUE,-0.833262608023633
"Y3P_403","French",6,1,"IBN BATTOUTA","08086N","french_chain1",TRUE,0.00175676946159113
"Y3P_428","French",6,1,"AL FARABI","27200P","french_chain1",TRUE,0.0017567694615914
"Y3P_429","French",6,1,"ECOLE PRIMAIRE ENNOUR","26477D","french_chain1",TRUE,0.78091997928656
"Y3P_459","French",6,0,"E 11 JANVIER","26108C","french_chain1",TRUE,-0.0713333345894498
"Y3P_481","French",6,1,"EL MAKKI ENNACIRI","27094Z","french_chain1",TRUE,0.380906132769906
"Y3P_483","French",6,1,"LISSANE EDDINE IBN ALKHATIB","27199N","french_chain1",TRUE,-0.0713333345894504
"Y3P_486","French",6,1,"AL FARABI","27200P","french_chain1",TRUE,-0.603663813814505
"Y3P_491","French",6,0,"OUM EL BANINE","26368K","french_chain1",TRUE,-0.962675208301686
"Y3P_500","French",6,1,"ENNAHDA","18163S","french_chain1",TRUE,-1.10410890872619
"Y3P_52","French",6,1,"ENNAHDA","18163S","french_chain1",TRUE,-1.10410890872619
"Y3P_536","French",6,1,"ECOLE PRIMAIRE IBN AL HAYTAM","24791W","french_chain1",TRUE,0.00175676946159177
"Y3P_543","French",6,1,"ECOLE IBRAHIM ROUDANI","23361S","french_chain1",TRUE,0.641423938505938
"Y3P_548","French",6,0,"E HOMMANE EL FETOUAKI","26461L","french_chain1",TRUE,0.380906132769907
"Y3P_550","French",6,1,"IBN BATTOUTA","08086N","french_chain1",TRUE,0.689136736371579
"Y3P_569","French",6,1,"ECOLE IBRAHIM ROUDANI","23361S","french_chain1",TRUE,0.592384740646355
"Y3P_570","French",6,1,"ECOLE IBN TOUFAIL","27147G","french_chain1",TRUE,0.689136736371579
"Y3P_577","French",6,1,"ECOLE PRIMAIRE MUSTAPHA EL MAANI","14033C","french_chain1",TRUE,0.541924208748573
"Y3P_578","French",6,0,"E ERRAHMA","20901T","french_chain1",TRUE,-0.0713333345894489
"Y3P_605","French",6,0,"ECOLE PRIMAIRE  ALI BNOU ABITALEB","25998H","french_chain1",TRUE,-0.314169978877259
"Y3P_614","French",6,0,"E HOMMANE EL FETOUAKI","26461L","french_chain1",TRUE,-0.148062717254815
"Y3P_637","French",6,1,"IBN BATTOUTA","08086N","french_chain1",TRUE,0.264189158504852
"Y3P_64","French",6,0,"CENTRALE EL AOUNATE","08101E","french_chain1",TRUE,-1.25978643883667
"Y3P_644","French",6,1,"ECOLE PRIMAIRE MED BELHASSAN AL OUAZZANI","01633Z","french_chain1",TRUE,-0.500832957319058
"Y3P_649","French",6,0,"ECOLE PRIMAIRE ERHAMNA","01621L","french_chain1",TRUE,-0.148062717254814
"Y3P_651","French",6,1,"ABDERRAHMANE HJIRA","24457H","french_chain1",TRUE,-0.500832957319057
"Y3P_653","French",6,1,"ECOLE PRIMAIRE MED BELHASSAN AL OUAZZANI","01633Z","french_chain1",TRUE,0.138398881251485
"Y3P_658","French",6,1,"ECOLE PRIMAIRE MED BELHASSAN AL OUAZZANI","01633Z","french_chain1",TRUE,0.202528656205828
"Y3P_660","French",6,0,"ECOLE PRIMAIRE ELMARWA","27527V","french_chain1",TRUE,-0.962675208301686
"Y3P_662","French",6,0,"ECOLE PRIMAIRE ELMARWA","27527V","french_chain1",TRUE,0.689136736371578
"Y3P_671","French",6,1,"AL FARABI","27200P","french_chain1",TRUE,-0.962675208301686
"Y3P_686","French",6,0,"E ERRAHMA","20901T","french_chain1",TRUE,0.48993739529412
"Y3P_690","French",6,1,"ABDERRAHMANE HJIRA","24457H","french_chain1",TRUE,-0.228846381157127
"Y3P_708","French",6,0,"ECOLE PRIMAIRE SOUALEM","14375Z","french_chain1",TRUE,0.264189158504852
"Y3P_710","French",6,1,"ECOLE PRIMAIRE IBN AL HAYTAM","24791W","french_chain1",TRUE,0.264189158504852
"Y3P_717","French",6,1,"ECOLE ABDELKRIM EL KHATIB","25823T","french_chain1",TRUE,0.380906132769907
"Y3P_72","French",6,1,"EL MAKKI ENNACIRI","27094Z","french_chain1",TRUE,-0.603663813814505
"Y3P_730","French",6,0,"AHMED BOUKMAKH","26501E","french_chain1",TRUE,-0.603663813814505
"Y3P_732","French",6,1,"LISSANE EDDINE IBN ALKHATIB","27199N","french_chain1",TRUE,0.202528656205829
"Y3P_735","French",6,1,"LISSANE EDDINE IBN ALKHATIB","27199N","french_chain1",TRUE,0.592384740646356
"Y3P_739","French",6,0,"E ERRAHMA","20901T","french_chain1",TRUE,0.641423938505939
"Y3P_744","French",6,1,"ENNAHDA","18163S","french_chain1",TRUE,-0.404605767756302
"Y3P_745","French",6,1,"ENNAHDA","18163S","french_chain1",TRUE,-0.833262608023632
"Y3P_751","French",6,1,"ECOLE PRIMAIRE MUSTAPHA EL MAANI","14033C","french_chain1",TRUE,0.0715645413093816
"Y3P_758","French",6,0,"EL FALAH","18168X","french_chain1",TRUE,-0.603663813814505
"Y3P_768","French",6,1,"ECOLE MOUAD BEN JABAL","25822S","french_chain1",TRUE,-0.314169978877259
"Y3P_771","French",6,1,"IBNOU MISSKAWAIHE","27772L","french_chain1",TRUE,0.68913673637158
"Y3P_791","French",6,0,"ECOLE PRIMAIRE  EL KODS","01788T","french_chain1",TRUE,-0.314169978877259
"Y3P_792","French",6,0,"ECOLE PRIMAIRE  EL KODS","01788T","french_chain1",TRUE,0.00175676946159172
"Y3P_799","French",6,1,"ECOLE PRIMAIRE MED BELHASSAN AL OUAZZANI","01633Z","french_chain1",TRUE,0.264189158504853
"Y3P_802","French",6,1,"ABDERRAHMANE HJIRA","24457H","french_chain1",TRUE,0.00175676946159104
"Y3P_818","French",6,1,"ECOLE IBRAHIM ROUDANI","23361S","french_chain1",TRUE,0.592384740646355
"Y3P_82","French",6,0,"ECOLE PRIMAIRE  EL KODS","01788T","french_chain1",TRUE,-0.228846381157127
"Y3P_824","French",6,0,"ECOLE PRIMAIRE SOUALEM","14375Z","french_chain1",TRUE,-1.10410890872619
"Y3P_826","French",6,0,"EL FALAH","18168X","french_chain1",TRUE,0.0715645413093821
"Y3P_833","French",6,0,"EL FALAH","18168X","french_chain1",TRUE,-0.833262608023633
"Y3P_836","French",6,0,"MOHAMED ZERKTOUNI","18165U","french_chain1",TRUE,0.0715645413093821
"Y3P_843","French",6,0,"E 11 JANVIER","26108C","french_chain1",TRUE,0.00175676946159219
"Y3P_851","French",6,0,"E 11 JANVIER","26108C","french_chain1",TRUE,-0.228846381157128
"Y3P_852","French",6,0,"E 11 JANVIER","26108C","french_chain1",TRUE,-0.500832957319058
"Y3P_855","French",6,0,"E 11 JANVIER","26108C","french_chain1",TRUE,-0.404605767756302
"Y3P_859","French",6,1,"IBN BATTOUTA","08086N","french_chain1",TRUE,0.489937395294121
"Y3P_866","French",6,0,"E OUKBA BNOU NAFII","25341U","french_chain1",TRUE,-0.148062717254815
"Y3P_867","French",6,0,"E OUKBA BNOU NAFII","25341U","french_chain1",TRUE,-0.714077309309475
"Y3P_872","French",6,0,"ECOLE PRIMAIRE  ALI BNOU ABITALEB","25998H","french_chain1",TRUE,-0.404605767756302
"Y3P_876","French",6,0,"ECOLE PRIMAIRE  ALI BNOU ABITALEB","25998H","french_chain1",TRUE,-0.500832957319058
"Y3P_895","French",6,0,"ECOLE PRIMAIRE IBNOU TOFAIL","01625R","french_chain1",TRUE,0.0715645413093823
"Y3P_916","French",6,1,"ECOLE IBRAHIM ROUDANI","23361S","french_chain1",TRUE,0.436307893898247
"Y3P_928","French",6,1,"ECOLE PRIMAIRE IBN AL HAYTAM","24791W","french_chain1",TRUE,0.82514037888918
"Y3P_933","French",6,1,"ECOLE PRIMAIRE MOHAMED ZARKTOUNI","24698V","french_chain1",TRUE,-0.0713333345894498
"Y3P_940","French",6,1,"ECOLE PRIMAIRE MOHAMED ZARKTOUNI","24698V","french_chain1",TRUE,0.780919979286558
"Y3P_943","French",6,0,"ECOLE PRIMAIRE ERHAMNA","01621L","french_chain1",TRUE,0.202528656205828
"Y3P_95","French",6,1,"LISSANE EDDINE IBN ALKHATIB","27199N","french_chain1",TRUE,-0.500832957319057
"Y3P_951","French",6,0,"ECOLE PRIMAIRE ERHAMNA","01621L","french_chain1",TRUE,-0.148062717254814
"Y3P_954","French",6,0,"ECOLE PRIMAIRE IBNOU TOFAIL","01625R","french_chain1",TRUE,-0.31416997887726
"Y3P_961","French",6,1,"ABDERRAHMANE HJIRA","24457H","french_chain1",TRUE,-0.314169978877259
"Y3P_970","French",6,0,"E DRISS BENZAKRI","25969B","french_chain1",TRUE,-0.603663813814505
"Y3P_972","French",6,1,"ECOLE PRIMAIRE MED BELHASSAN AL OUAZZANI","01633Z","french_chain1",TRUE,-0.228846381157128
"Y3P_973","French",6,1,"LISSANE EDDINE IBN ALKHATIB","27199N","french_chain1",TRUE,0.202528656205829
"Y3P_987","French",6,0,"ECOLE PRIMAIRE AHL LOUGHLAM CHARKIA","01722W","french_chain1",TRUE,0.380906132769906
"Y3P_992","French",6,0,"ABI BAKR ESSADDIK","01727B","french_chain1",TRUE,-0.833262608023632
"Y3P_995","French",6,1,"ECOLE MOUAD BEN JABAL","25822S","french_chain1",TRUE,-0.148062717254815
"Y3P_999","French",6,0,"ECOLE PRIMAIRE ERHAMNA","01621L","french_chain1",TRUE,0.32358734765965
"Y3_13036","French",6,1,"IBNOU MISSKAWAIHE","27772L","french_chain1",TRUE,0.48993739529412
"Y3P_4141","Maths",1,1,"ECOLE MOUAD BEN JABAL","25822S","maths_chain1",FALSE,-0.184577466898604
"Y3P_4568","Maths",1,0,"ECOLE PRIMAIRE ELMARWA","27527V","maths_chain1",FALSE,-0.0495318841604283
"Y3P_4597","Maths",1,1,"ECOLE OMAR BNOU ALKHATTAB","14019M","maths_chain1",FALSE,0.156499355146771
"Y3P_4599","Maths",1,1,"ECOLE OMAR BNOU ALKHATTAB","14019M","maths_chain1",FALSE,0.257666477812285
"Y3P_4689","Maths",1,0,"ECOLE PRIMAIRE AHL LOUGHLAM CHARKIA","01722W","maths_chain1",FALSE,-0.169524310129201
"Y3P_4758","Maths",1,1,"IBN BATTOUTA","08086N","maths_chain1",FALSE,-0.171474304716
"Y3P_4764","Maths",1,1,"IBN BATTOUTA","08086N","maths_chain1",FALSE,0.231924186650951
"Y3P_4907","Maths",1,1,"ECOLE ABDELKRIM EL KHATIB","25823T","maths_chain1",FALSE,1.65005425365255
"Y3P_4908","Maths",1,1,"ECOLE ABDELKRIM EL KHATIB","25823T","maths_chain1",FALSE,-1.36342536874611
"Y3P_5015","Maths",1,1,"ENNAHDA","18163S","maths_chain1",FALSE,-0.239471443885385
"Y3P_5030","Maths",1,1,"ECOLE TIKNI","08099C","maths_chain1",FALSE,-0.404798713791813
"Y3P_5040","Maths",1,1,"ECOLE EL KARIA","08207V","maths_chain1",FALSE,-1.25138283359344
"Y3P_5079","Maths",1,1,"AL FARABI","27200P","maths_chain1",FALSE,-0.253286570376163
"Y3P_5115","Maths",1,1,"ECOLE PRIMAIRE IBN AL HAYTAM","24791W","maths_chain1",FALSE,1.55114784071761
"Y3P_5120","Maths",1,1,"ABDERRAHMANE HJIRA","24457H","maths_chain1",FALSE,1.70500898520928
"Y3P_5123","Maths",1,0,"E ERRAHMA","20901T","maths_chain1",FALSE,0.0082876038307919
"Y3P_5126","Maths",1,0,"CENTRALE EL AOUNATE","08101E","maths_chain1",FALSE,-0.642676861615854
"Y3P_5138","Maths",1,1,"ECOLE OMAR BNOU ALKHATTAB","14019M","maths_chain1",FALSE,-0.987495865696601
"Y3P_5178","Maths",1,1,"ECOLE ABDELKRIM EL KHATIB","25823T","maths_chain1",FALSE,0.773174246296132
"Y3P_5196","Maths",1,1,"ECOLE PRIMAIRE MED BELHASSAN AL OUAZZANI","01633Z","maths_chain1",FALSE,-0.475783737206877
"Y3P_5213","Maths",1,1,"ECOLE PRIMAIRE MUSTAPHA EL MAANI","14033C","maths_chain1",FALSE,-2.38810189079189
"Y3P_5239","Maths",1,1,"ECOLE PRIMAIRE MUSTAPHA EL MAANI","14033C","maths_chain1",FALSE,1.04827463793458
"Y3P_5271","Maths",1,1,"ECOLE IBRAHIM ROUDANI","23361S","maths_chain1",FALSE,1.2157566021032
"Y3P_5296","Maths",1,1,"ECOLE PRIMAIRE MUSTAPHA EL MAANI","14033C","maths_chain1",FALSE,0.318817999952417
"Y3P_5298","Maths",1,0,"ECOLE PRIMAIRE AHL LOUGHLAM CHARKIA","01722W","maths_chain1",FALSE,0.64186833482541
"Y3P_5349","Maths",1,0,"ECOLE PRIMAIRE SOUALEM","14375Z","maths_chain1",FALSE,-0.0945236754446798
"Y3P_5361","Maths",1,1,"ECOLE PRIMAIRE MUSTAPHA EL MAANI","14033C","maths_chain1",FALSE,-1.39446792997812
"Y3P_5362","Maths",1,0,"E OUKBA BNOU NAFII","25341U","maths_chain1",FALSE,0.347593514366727
"Y3P_5377","Maths",1,1,"ECOLE IBRAHIM ROUDANI","23361S","maths_chain1",FALSE,-0.306427185067657
"Y3P_5406","Maths",1,1,"ENNAHDA","18163S","maths_chain1",FALSE,0.523930288906703
"Y3P_5424","Maths",1,0,"MOHAMED ZERKTOUNI","18165U","maths_chain1",FALSE,-0.956281317843008
"Y3P_5440","Maths",1,1,"ECOLE PRIMAIRE IBN AL HAYTAM","24791W","maths_chain1",FALSE,0.968563285633918
"Y3P_5443","Maths",1,1,"ECOLE PRIMAIRE IBN AL HAYTAM","24791W","maths_chain1",FALSE,1.26597351928102
"Y3P_5458","Maths",1,1,"ECOLE TIKNI","08099C","maths_chain1",FALSE,-1.54102984680584
"Y3P_5477","Maths",1,0,"ABI BAKR ESSADDIK","01727B","maths_chain1",FALSE,-0.214971122973514
"Y3P_5492","Maths",1,1,"ABDERRAHMANE HJIRA","24457H","maths_chain1",FALSE,0.434430229472472
"Y3P_5502","Maths",1,0,"CENTRALE EL AOUNATE","08101E","maths_chain1",FALSE,-0.554065707970514
"Y3P_5507","Maths",1,0,"E DRISS BENZAKRI","25969B","maths_chain1",FALSE,-0.357161053275244
"Y3P_5522","Maths",1,1,"ECOLE IBRAHIM ROUDANI","23361S","maths_chain1",FALSE,1.59485236463218
"Y3P_5528","Maths",1,0,"ECOLE PRIMAIRE OUED AL MAKHAZINE","01623N","maths_chain1",FALSE,-0.748873320817939
"Y3P_5530","Maths",1,0,"ECOLE PRIMAIRE OUED AL MAKHAZINE","01623N","maths_chain1",FALSE,0.750935242554885
"Y3P_5539","Maths",1,0,"AHMED BOUKMAKH","26501E","maths_chain1",FALSE,0.0640536691943784
"Y3P_5547","Maths",1,1,"ECOLE SIDI ALI","08138V","maths_chain1",FALSE,0.179418775130639
"Y3P_5556","Maths",1,0,"ECOLE PRIMAIRE ERHAMNA","01621L","maths_chain1",FALSE,-0.0258283779214692
"Y3P_5564","Maths",1,0,"E DRISS BENZAKRI","25969B","maths_chain1",FALSE,-0.200426956245515
"Y3P_5568","Maths",1,1,"ECOLE EL KARIA","08207V","maths_chain1",FALSE,-0.480916639410948
"Y3P_5570","Maths",1,1,"ECOLE EL KARIA","08207V","maths_chain1",FALSE,-0.531812760002936
"Y3P_5573","Maths",1,1,"ECOLE TIKNI","08099C","maths_chain1",FALSE,1.35562454204046
"Y3P_5577","Maths",1,1,"ECOLE IBN TOUFAIL","27147G","maths_chain1",FALSE,0.567289644970403
"Y3P_5591","Maths",1,1,"ECOLE SIDI ALI","08138V","maths_chain1",FALSE,0.734667374424788
"Y3P_5593","Maths",1,0,"E ERRAHMA","20901T","maths_chain1",FALSE,-0.537128090164008
"Y3P_5612","Maths",1,1,"ABDERRAHMANE HJIRA","24457H","maths_chain1",FALSE,0.179036547467297
"Y3P_5617","Maths",1,1,"ECOLE IBN TOUFAIL","27147G","maths_chain1",FALSE,1.00987220986853
"Y3P_5627","Maths",1,0,"ABI BAKR ESSADDIK","01727B","maths_chain1",FALSE,-0.42873729254497
"Y3P_5634","Maths",1,0,"CENTRALE EL AOUNATE","08101E","maths_chain1",FALSE,-0.259576477058556
"Y3P_5702","Maths",1,0,"E ERRAHMA","20901T","maths_chain1",FALSE,-0.933538689751863
"Y3P_5790","Maths",1,1,"ECOLE IBN TOUFAIL","27147G","maths_chain1",FALSE,-0.0558223423784589
"Y3P_5792","Maths",1,1,"ECOLE IBN TOUFAIL","27147G","maths_chain1",FALSE,0.00533466084296834
"Y3P_5852","Maths",1,0,"OULED SIDI ABDENNEBI","01738N","maths_chain1",FALSE,-0.234561073155697
"Y3P_5857","Maths",1,0,"CENTRALE EL AOUNATE","08101E","maths_chain1",FALSE,-2.3416683092853
"Y3P_5888","Maths",1,0,"ECOLE PRIMAIRE ERHAMNA","01621L","maths_chain1",FALSE,0.234728884859397
"Y3P_5931","Maths",1,0,"CENTRALE EL AOUNATE","08101E","maths_chain1",FALSE,-0.611703024432489
"Y3P_5969","Maths",1,1,"LISSANE EDDINE IBN ALKHATIB","27199N","maths_chain1",FALSE,0.698137101466611
"Y3P_6071","Maths",1,1,"ECOLE PRIMAIRE ENNOUR","26477D","maths_chain1",FALSE,0.805660930007248
"Y3P_6075","Maths",1,1,"ECOLE PRIMAIRE ENNOUR","26477D","maths_chain1",FALSE,-0.977825192089405
"Y3P_6083","Maths",1,1,"ECOLE PRIMAIRE ENNOUR","26477D","maths_chain1",FALSE,0.159287512914831
"Y3P_6089","Maths",1,1,"LISSANE EDDINE IBN ALKHATIB","27199N","maths_chain1",FALSE,0.00371882114827344
"Y3P_6096","Maths",1,1,"AL FARABI","27200P","maths_chain1",FALSE,1.00778724587913
"Y3P_6115","Maths",1,1,"ECOLE MOUAD BEN JABAL","25822S","maths_chain1",FALSE,0.282319695877475
"Y3P_6227","Maths",1,1,"LISSANE EDDINE IBN ALKHATIB","27199N","maths_chain1",FALSE,0.159957597341279
"Y3P_6255","Maths",1,0,"ECOLE PRIMAIRE SOUALEM","14375Z","maths_chain1",FALSE,0.15198924708997
"Y3P_6258","Maths",1,0,"E DRISS BENZAKRI","25969B","maths_chain1",FALSE,-0.0910963006331208
"Y3P_6276","Maths",1,1,"ECOLE MOUAD BEN JABAL","25822S","maths_chain1",FALSE,0.627997277873777
"Y3P_6286","Maths",1,0,"E DRISS BENZAKRI","25969B","maths_chain1",FALSE,-1.26979741648035
"Y3P_6298","Maths",1,1,"ECOLE SIDI ALI","08138V","maths_chain1",FALSE,0.842108145808853
"Y3P_6299","Maths",1,1,"IBNOU MISSKAWAIHE","27772L","maths_chain1",FALSE,0.291991117275774
"Y3P_6302","Maths",1,1,"ECOLE PRIMAIRE ENNOUR","26477D","maths_chain1",FALSE,-0.977825192089405
"Y3P_6306","Maths",1,1,"ECOLE EL KARIA","08207V","maths_chain1",FALSE,-0.582703137619512
"Y3P_6318","Maths",1,1,"ECOLE PRIMAIRE IBN AL HAYTAM","24791W","maths_chain1",FALSE,-0.180744750358201
"Y3P_6323","Maths",1,0,"ECOLE PRIMAIRE ELMARWA","27527V","maths_chain1",FALSE,-0.87678479265659
"Y3P_6333","Maths",1,1,"ECOLE ABDELKRIM EL KHATIB","25823T","maths_chain1",FALSE,-0.144046441625017
"Y3P_6336","Maths",1,1,"ECOLE PRIMAIRE MED BELHASSAN AL OUAZZANI","01633Z","maths_chain1",FALSE,-0.614629127697561
"Y3P_6344","Maths",1,0,"ECOLE PRIMAIRE SOUALEM","14375Z","maths_chain1",FALSE,-0.365286299424964
"Y3P_6351","Maths",1,1,"ECOLE MOUAD BEN JABAL","25822S","maths_chain1",FALSE,0.732991330544996
"Y3P_6421","Maths",1,1,"EL MAKKI ENNACIRI","27094Z","maths_chain1",FALSE,1.23397874185999
"Y3P_6440","Maths",1,1,"EL MAKKI ENNACIRI","27094Z","maths_chain1",FALSE,-0.843293370393102
"Y3P_6442","Maths",1,0,"AHMED BOUKMAKH","26501E","maths_chain1",FALSE,-0.420097177809665
"Y3P_6446","Maths",1,1,"ECOLE OMAR BNOU ALKHATTAB","14019M","maths_chain1",FALSE,0.589309194028586
"Y3P_6462","Maths",1,1,"IBN BATTOUTA","08086N","maths_chain1",FALSE,0.292270903308672
"Y3P_6479","Maths",1,0,"AHMED BOUKMAKH","26501E","maths_chain1",FALSE,0.0499170777594797
"Y3P_6489","Maths",1,1,"IBNOU MISSKAWAIHE","27772L","maths_chain1",FALSE,0.976003976588994
"Y3P_6490","Maths",1,1,"IBNOU MISSKAWAIHE","27772L","maths_chain1",FALSE,-0.1134952093118
"Y3P_6544","Maths",1,0,"MOHAMED ZERKTOUNI","18165U","maths_chain1",FALSE,-0.0198878480164757
"Y3P_6549","Maths",1,1,"ECOLE PRIMAIRE MED BELHASSAN AL OUAZZANI","01633Z","maths_chain1",FALSE,-0.305728852675398
"Y3P_6562","Maths",1,0,"OULED SIDI ABDENNEBI","01738N","maths_chain1",FALSE,-0.209585209435667
"Y3P_6567","Maths",1,0,"E OUKBA BNOU NAFII","25341U","maths_chain1",FALSE,1.4584916645108
"Y3P_6568","Maths",1,0,"AHMED BOUKMAKH","26501E","maths_chain1",FALSE,-0.670511914797128
"Y3P_6578","Maths",1,0,"ECOLE PRIMAIRE ELMARWA","27527V","maths_chain1",FALSE,-0.558011851284366
"Y3P_6584","Maths",1,0,"ABI BAKR ESSADDIK","01727B","maths_chain1",FALSE,-0.780722389572519
"Y3P_6586","Maths",1,1,"AL FARABI","27200P","maths_chain1",FALSE,0.53706005720682
"Y3P_6598","Maths",1,0,"E OUKBA BNOU NAFII","25341U","maths_chain1",FALSE,-1.2262951753204
"Y3P_6620","Maths",1,0,"OUM EL BANINE","26368K","maths_chain1",FALSE,-0.146270003737993
"Y3P_6622","Maths",1,1,"IBNOU MISSKAWAIHE","27772L","maths_chain1",FALSE,0.199616991163055
"Y3P_6631","Maths",1,0,"EL FALAH","18168X","maths_chain1",FALSE,-0.769693474353897
"Y3P_6637","Maths",1,1,"ABDERRAHMANE HJIRA","24457H","maths_chain1",FALSE,0.597750252513173
"Y3P_6647","Maths",1,0,"ECOLE PRIMAIRE OUED AL MAKHAZINE","01623N","maths_chain1",FALSE,0.244424331296462
"Y3P_6657","Maths",1,1,"ECOLE EL KARIA","08207V","maths_chain1",FALSE,-0.0670401935979583
"Y3P_6666","Maths",1,1,"ECOLE IBRAHIM ROUDANI","23361S","maths_chain1",FALSE,0.298883531765899
"Y3P_6673","Maths",1,0,"ECOLE PRIMAIRE  EL KODS","01788T","maths_chain1",FALSE,-0.452095411167294
"Y3P_6680","Maths",1,1,"ECOLE IBRAHIM ROUDANI","23361S","maths_chain1",FALSE,0.699736658190476
"Y3P_6681","Maths",1,0,"AHMED BOUKMAKH","26501E","maths_chain1",FALSE,-0.285503828059797
"Y3P_6691","Maths",1,0,"ABI BAKR ESSADDIK","01727B","maths_chain1",FALSE,0.40734904378086
"Y3P_6698","Maths",1,1,"LISSANE EDDINE IBN ALKHATIB","27199N","maths_chain1",FALSE,1.04517723640808
"Y3P_6702","Maths",1,0,"ECOLE PRIMAIRE ELMARWA","27527V","maths_chain1",FALSE,-2.40101518762001
"Y3P_6708","Maths",1,1,"ENNAHDA","18163S","maths_chain1",FALSE,1.02694588583125
"Y3P_6709","Maths",1,1,"ECOLE IBN TOUFAIL","27147G","maths_chain1",FALSE,1.02785927124138
"Y3P_6715","Maths",1,1,"LISSANE EDDINE IBN ALKHATIB","27199N","maths_chain1",FALSE,0.313550220457531
"Y3P_6717","Maths",1,0,"MOHAMED ZERKTOUNI","18165U","maths_chain1",FALSE,-0.00268543337364472
"Y3P_6726","Maths",1,0,"ECOLE PRIMAIRE  EL KODS","01788T","maths_chain1",FALSE,-0.505520972652828
"Y3P_6728","Maths",1,0,"ECOLE PRIMAIRE  EL KODS","01788T","maths_chain1",FALSE,-0.293659693054107
"Y3P_6734","Maths",1,0,"ECOLE PRIMAIRE ERHAMNA","01621L","maths_chain1",FALSE,-1.4864001449837
"Y3P_6740","Maths",1,0,"ECOLE PRIMAIRE ERHAMNA","01621L","maths_chain1",FALSE,-1.51490591971743
"Y3P_6742","Maths",1,0,"EL FALAH","18168X","maths_chain1",FALSE,-2.38810189079189
"Y3P_6743","Maths",1,0,"EL FALAH","18168X","maths_chain1",FALSE,0.481567062916112
"Y3P_6746","Maths",1,0,"ECOLE PRIMAIRE SOUALEM","14375Z","maths_chain1",FALSE,-1.15264658459851
"Y3P_6749","Maths",1,0,"ECOLE PRIMAIRE  EL KODS","01788T","maths_chain1",FALSE,0.635011780141182
"Y3P_6755","Maths",1,0,"ECOLE PRIMAIRE  EL KODS","01788T","maths_chain1",FALSE,1.03558229415865
"Y3P_6764","Maths",1,0,"E DRISS BENZAKRI","25969B","maths_chain1",FALSE,-0.620160872334209
"Y3P_6766","Maths",1,1,"ECOLE PRIMAIRE MED BELHASSAN AL OUAZZANI","01633Z","maths_chain1",FALSE,1.17852589421189
"Y3P_6767","Maths",1,1,"ECOLE PRIMAIRE MED BELHASSAN AL OUAZZANI","01633Z","maths_chain1",FALSE,-1.09922111320076
"Y3P_6768","Maths",1,0,"OULED SIDI ABDENNEBI","01738N","maths_chain1",FALSE,2.00216587709269
"Y3P_6775","Maths",1,0,"OULED SIDI ABDENNEBI","01738N","maths_chain1",FALSE,0.600157611205527
"Y3P_6777","Maths",1,1,"ECOLE TIKNI","08099C","maths_chain1",FALSE,0.92329270509876
"Y3P_6785","Maths",1,1,"ECOLE PRIMAIRE IBN AL HAYTAM","24791W","maths_chain1",FALSE,1.87934624246079
"Y3P_6797","Maths",1,0,"OULED SIDI ABDENNEBI","01738N","maths_chain1",FALSE,1.54458779929174
"Y3P_6798","Maths",1,0,"ECOLE PRIMAIRE AHL LOUGHLAM CHARKIA","01722W","maths_chain1",FALSE,0.0228805045342665
"Y3P_6799","Maths",1,0,"ECOLE PRIMAIRE AHL LOUGHLAM CHARKIA","01722W","maths_chain1",FALSE,-0.454698862850026
"Y3P_6805","Maths",1,1,"ABDERRAHMANE HJIRA","24457H","maths_chain1",FALSE,1.34309230798595
"Y3P_6820","Maths",1,0,"ECOLE PRIMAIRE AHL LOUGHLAM CHARKIA","01722W","maths_chain1",FALSE,0.00550059333996356
"Y3P_6825","Maths",1,0,"ECOLE PRIMAIRE ELMARWA","27527V","maths_chain1",FALSE,0.400138491902766
"Y3P_6826","Maths",1,1,"ENNAHDA","18163S","maths_chain1",FALSE,-2.16345070894607
"Y3P_6833","Maths",1,0,"E 11 JANVIER","26108C","maths_chain1",FALSE,1.09065270389062
"Y3P_6834","Maths",1,0,"E 11 JANVIER","26108C","maths_chain1",FALSE,-0.404184863922602
"Y3P_6840","Maths",1,0,"E 11 JANVIER","26108C","maths_chain1",FALSE,1.61636541473754
"Y3P_6841","Maths",1,0,"E 11 JANVIER","26108C","maths_chain1",FALSE,0.708591249365079
"Y3P_6851","Maths",1,0,"E 11 JANVIER","26108C","maths_chain1",FALSE,-0.0244991980830946
"Y3P_6863","Maths",1,0,"ECOLE PRIMAIRE OUED AL MAKHAZINE","01623N","maths_chain1",FALSE,1.12353012196048
"Y3P_6864","Maths",1,0,"ECOLE PRIMAIRE OUED AL MAKHAZINE","01623N","maths_chain1",FALSE,-0.679823217765955
"Y3P_6875","Maths",1,1,"ENNAHDA","18163S","maths_chain1",FALSE,1.65005425365255
"Y3P_6891","Maths",1,1,"ECOLE MOUAD BEN JABAL","25822S","maths_chain1",FALSE,-0.00331444430011689
"Y3P_6900","Maths",1,1,"AL FARABI","27200P","maths_chain1",FALSE,0.999176459579999
"Y3P_6901","Maths",1,0,"OUM EL BANINE","26368K","maths_chain1",FALSE,-0.349677044331372
"Y3P_6921","Maths",1,1,"ECOLE OMAR BNOU ALKHATTAB","14019M","maths_chain1",FALSE,-0.350797687836217
"Y3P_6940","Maths",1,1,"ECOLE SIDI ALI","08138V","maths_chain1",FALSE,1.21542926859645
"Y3P_6943","Maths",1,1,"ECOLE SIDI ALI","08138V","maths_chain1",FALSE,0.223796186693855
"Y3P_6954","Maths",1,0,"E OUKBA BNOU NAFII","25341U","maths_chain1",FALSE,1.1231968899178
"Y3P_6961","Maths",1,0,"OUM EL BANINE","26368K","maths_chain1",FALSE,-0.28226889549666
"Y3P_6967","Maths",1,0,"ECOLE PRIMAIRE SOUALEM","14375Z","maths_chain1",FALSE,0.259857409924601
"Y3P_6970","Maths",1,0,"ABI BAKR ESSADDIK","01727B","maths_chain1",FALSE,-1.1451744377872
"Y3P_6974","Maths",1,1,"ECOLE PRIMAIRE MUSTAPHA EL MAANI","14033C","maths_chain1",FALSE,0.560259137834619
"Y3P_6995","Maths",1,1,"IBNOU MISSKAWAIHE","27772L","maths_chain1",FALSE,1.58768391387508
"Y3P_7007","Maths",1,1,"EL MAKKI ENNACIRI","27094Z","maths_chain1",FALSE,0.307029891637416
"Y3P_7009","Maths",1,1,"ECOLE TIKNI","08099C","maths_chain1",FALSE,-1.55312778161773
"Y3P_7012","Maths",1,0,"EL FALAH","18168X","maths_chain1",FALSE,-2.17023494866837
"Y3P_7025","Maths",1,0,"ECOLE PRIMAIRE ERHAMNA","01621L","maths_chain1",FALSE,-2.15838443269142
"Y3P_7027","Maths",1,0,"E OUKBA BNOU NAFII","25341U","maths_chain1",FALSE,1.45026698668806
"Y3P_7029","Maths",1,1,"IBN BATTOUTA","08086N","maths_chain1",FALSE,-1.15956823022051
"Y3P_7031","Maths",1,0,"OUM EL BANINE","26368K","maths_chain1",FALSE,-2.08064392772825
"Y3P_7043","Maths",1,1,"IBN BATTOUTA","08086N","maths_chain1",FALSE,-0.183157878559448
"Y3P_7045","Maths",1,0,"MOHAMED ZERKTOUNI","18165U","maths_chain1",FALSE,0.775994222986977
"Y3P_7049","Maths",1,1,"ECOLE ABDELKRIM EL KHATIB","25823T","maths_chain1",FALSE,1.39952220457229
"Y3P_7060","Maths",1,1,"ECOLE PRIMAIRE ENNOUR","26477D","maths_chain1",FALSE,-0.0486945160555663
"Y3P_7068","Maths",1,0,"E ERRAHMA","20901T","maths_chain1",FALSE,-0.838153108192951
"Y3P_7070","Maths",1,1,"EL MAKKI ENNACIRI","27094Z","maths_chain1",FALSE,0.805660930007248
"Y3P_7081","Maths",1,0,"E ERRAHMA","20901T","maths_chain1",FALSE,-0.73455665634127
"Y3P_7087","Maths",1,1,"EL MAKKI ENNACIRI","27094Z","maths_chain1",FALSE,-0.608907696712109
"Y3P_7108","Maths",1,0,"EL FALAH","18168X","maths_chain1",FALSE,-1.67152428539729
"Y3P_7109","Maths",1,1,"AL FARABI","27200P","maths_chain1",FALSE,0.877305808498373
"Y3P_7114","Maths",1,0,"OUM EL BANINE","26368K","maths_chain1",FALSE,-1.1456301854105
"Y3P_7118","Maths",1,0,"MOHAMED ZERKTOUNI","18165U","maths_chain1",FALSE,-0.356187511174185
"Y3P_1627","Maths",2,0,"E DRISS BENZAKRI","25969B","maths_chain2",TRUE,-0.515723260829083
"Y3P_2309","Maths",2,1,"IBN BATTOUTA","08086N","maths_chain2",TRUE,-1.28010727746208
"Y3P_2475","Maths",2,1,"ECOLE ABDELKRIM EL KHATIB","25823T","maths_chain2",TRUE,0.478615043457717
"Y3P_3257","Maths",2,1,"IBN BATTOUTA","08086N","maths_chain2",TRUE,0.754853543907606
"Y3P_3631","Maths",2,0,"ECOLE PRIMAIRE SOUALEM","14375Z","maths_chain2",TRUE,0.754853543907606
"Y3P_3800","Maths",2,1,"ECOLE MOUAD BEN JABAL","25822S","maths_chain2",TRUE,0.59347466580963
"Y3P_3855","Maths",2,1,"ECOLE EL KARIA","08207V","maths_chain2",TRUE,-0.0651581191218079
"Y3P_3904","Maths",2,1,"ECOLE IBRAHIM ROUDANI","23361S","maths_chain2",TRUE,0.292828499680342
"Y3P_3907","Maths",2,0,"ECOLE PRIMAIRE SOUALEM","14375Z","maths_chain2",TRUE,-0.987246089057543
"Y3P_3918","Maths",2,1,"ECOLE ABDELKRIM EL KHATIB","25823T","maths_chain2",TRUE,0.292828499680343
"Y3P_3923","Maths",2,1,"ECOLE PRIMAIRE IBN AL HAYTAM","24791W","maths_chain2",TRUE,0.356762674918498
"Y3P_3927","Maths",2,0,"CENTRALE EL AOUNATE","08101E","maths_chain2",TRUE,0.0123902958534413
"Y3P_4076","Maths",2,1,"ECOLE TIKNI","08099C","maths_chain2",TRUE,-0.32105172343595
"Y3P_4107","Maths",2,1,"ABDERRAHMANE HJIRA","24457H","maths_chain2",TRUE,0.80615006888098
"Y3P_4132","Maths",2,0,"ECOLE PRIMAIRE ELMARWA","27527V","maths_chain2",TRUE,-0.231458060142168
"Y3P_4134","Maths",2,0,"EL FALAH","18168X","maths_chain2",TRUE,-0.321051723435951
"Y3P_4148","Maths",2,0,"MOHAMED ZERKTOUNI","18165U","maths_chain2",TRUE,0.226646953301276
"Y3P_4154","Maths",2,0,"OUM EL BANINE","26368K","maths_chain2",TRUE,-0.32105172343595
"Y3P_4166","Maths",2,0,"E HOMMANE EL FETOUAKI","26461L","maths_chain2",TRUE,-0.987246089057543
"Y3P_4197","Maths",2,0,"E OUKBA BNOU NAFII","25341U","maths_chain2",TRUE,0.85634446497215
"Y3P_4200","Maths",2,1,"ECOLE TIKNI","08099C","maths_chain2",TRUE,0.0866786789782125
"Y3P_4217","Maths",2,1,"ECOLE PRIMAIRE MED BELHASSAN AL OUAZZANI","01633Z","maths_chain2",TRUE,-0.735490372795395
"Y3P_4220","Maths",2,1,"ECOLE PRIMAIRE MOHAMED ZARKTOUNI","24698V","maths_chain2",TRUE,-0.62208543703924
"Y3P_4226","Maths",2,1,"EL MAKKI ENNACIRI","27094Z","maths_chain2",TRUE,0.4186359315795
"Y3P_4230","Maths",2,1,"ENNAHDA","18163S","maths_chain2",TRUE,0.593474665809631
"Y3P_4231","Maths",2,0,"AHMED BOUKMAKH","26501E","maths_chain2",TRUE,0.754853543907606
"Y3P_4295","Maths",2,0,"E ERRAHMA","20901T","maths_chain2",TRUE,0.292828499680342
"Y3P_4319","Maths",2,1,"LISSANE EDDINE IBN ALKHATIB","27199N","maths_chain2",TRUE,0.478615043457717
"Y3P_4325","Maths",2,1,"ECOLE PRIMAIRE IBN AL HAYTAM","24791W","maths_chain2",TRUE,-0.515723260829083
"Y3P_4327","Maths",2,0,"E ERRAHMA","20901T","maths_chain2",TRUE,-0.987246089057543
"Y3P_4354","Maths",2,1,"IBN BATTOUTA","08086N","maths_chain2",TRUE,0.754853543907607
"Y3P_4371","Maths",2,1,"ECOLE PRIMAIRE MUSTAPHA EL MAANI","14033C","maths_chain2",TRUE,0.536849692132648
"Y3P_4394","Maths",2,0,"ABI BAKR ESSADDIK","01727B","maths_chain2",TRUE,-1.12787028635287
"Y3P_4413","Maths",2,1,"ECOLE TIKNI","08099C","maths_chain2",TRUE,0.226646953301277
"Y3P_4427","Maths",2,1,"IBNOU MISSKAWAIHE","27772L","maths_chain2",TRUE,0.292828499680343
"Y3P_4430","Maths",2,1,"ENNAHDA","18163S","maths_chain2",TRUE,0.536849692132648
"Y3P_4452","Maths",2,0,"AHMED BOUKMAKH","26501E","maths_chain2",TRUE,0.418635931579502
"Y3P_4455","Maths",2,0,"ABI BAKR ESSADDIK","01727B","maths_chain2",TRUE,-0.987246089057543
"Y3P_4460","Maths",2,1,"ECOLE ABDELKRIM EL KHATIB","25823T","maths_chain2",TRUE,-0.0651581191218083
"Y3P_4468","Maths",2,1,"ECOLE PRIMAIRE MOHAMED ZARKTOUNI","24698V","maths_chain2",TRUE,0.0123902958534409
"Y3P_4495","Maths",2,0,"E 11 JANVIER","26108C","maths_chain2",TRUE,0.418635931579502
"Y3P_4574","Maths",2,0,"E HOMMANE EL FETOUAKI","26461L","maths_chain2",TRUE,-0.622085437039241
"Y3P_4609","Maths",2,1,"ECOLE PRIMAIRE MOHAMED ZARKTOUNI","24698V","maths_chain2",TRUE,0.292828499680342
"Y3P_4662","Maths",2,1,"AL FARABI","27200P","maths_chain2",TRUE,-0.0651581191218079
"Y3P_4701","Maths",2,0,"ECOLE PRIMAIRE AHL LOUGHLAM CHARKIA","01722W","maths_chain2",TRUE,0.0123902958534421
"Y3P_4705","Maths",2,0,"ECOLE PRIMAIRE AHL LOUGHLAM CHARKIA","01722W","maths_chain2",TRUE,0.702371254301949
"Y3P_4713","Maths",2,1,"ECOLE PRIMAIRE IBN AL HAYTAM","24791W","maths_chain2",TRUE,0.418635931579501
"Y3P_4748","Maths",2,1,"ECOLE IBN TOUFAIL","27147G","maths_chain2",TRUE,0.158008853275081
"Y3P_4751","Maths",2,1,"ECOLE IBN TOUFAIL","27147G","maths_chain2",TRUE,-0.321051723435951
"Y3P_4783","Maths",2,0,"OUM EL BANINE","26368K","maths_chain2",TRUE,-0.0651581191218084
"Y3P_4789","Maths",2,0,"OUM EL BANINE","26368K","maths_chain2",TRUE,-0.4156081299875
"Y3P_4829","Maths",2,0,"OUM EL BANINE","26368K","maths_chain2",TRUE,0.536849692132647
"Y3P_4841","Maths",2,0,"CENTRALE EL AOUNATE","08101E","maths_chain2",TRUE,-0.856857441499208
"Y3P_4846","Maths",2,0,"CENTRALE EL AOUNATE","08101E","maths_chain2",TRUE,-0.735490372795395
"Y3P_4848","Maths",2,0,"CENTRALE EL AOUNATE","08101E","maths_chain2",TRUE,-0.622085437039241
"Y3P_4872","Maths",2,0,"OULED SIDI ABDENNEBI","01738N","maths_chain2",TRUE,0.226646953301276
"Y3P_4880","Maths",2,0,"OULED SIDI ABDENNEBI","01738N","maths_chain2",TRUE,-0.856857441499206
"Y3P_4925","Maths",2,1,"ECOLE MOUAD BEN JABAL","25822S","maths_chain2",TRUE,0.158008853275081
"Y3P_4926","Maths",2,1,"ECOLE MOUAD BEN JABAL","25822S","maths_chain2",TRUE,0.754853543907606
"Y3P_5027","Maths",2,0,"ECOLE PRIMAIRE  EL KODS","01788T","maths_chain2",TRUE,-0.0651581191218079
"Y3P_5053","Maths",2,1,"ECOLE TIKNI","08099C","maths_chain2",TRUE,-0.146310103433407
"Y3P_5111","Maths",2,0,"ECOLE PRIMAIRE OUED AL MAKHAZINE","01623N","maths_chain2",TRUE,-0.4156081299875
"Y3P_5142","Maths",2,1,"ECOLE PRIMAIRE IBN AL HAYTAM","24791W","maths_chain2",TRUE,-0.856857441499207
"Y3P_5157","Maths",2,1,"ECOLE EL KARIA","08207V","maths_chain2",TRUE,-0.987246089057543
"Y3P_5173","Maths",2,0,"ECOLE PRIMAIRE ERHAMNA","01621L","maths_chain2",TRUE,0.226646953301277
"Y3P_5182","Maths",2,0,"ECOLE PRIMAIRE SOUALEM","14375Z","maths_chain2",TRUE,-0.987246089057543
"Y3P_5184","Maths",2,0,"ECOLE PRIMAIRE SOUALEM","14375Z","maths_chain2",TRUE,0.648611734493324
"Y3P_5211","Maths",2,0,"AHMED BOUKMAKH","26501E","maths_chain2",TRUE,-0.515723260829083
"Y3P_5219","Maths",2,0,"AHMED BOUKMAKH","26501E","maths_chain2",TRUE,0.226646953301276
"Y3P_5250","Maths",2,0,"ECOLE PRIMAIRE  ALI BNOU ABITALEB","25998H","maths_chain2",TRUE,0.292828499680343
"Y3P_5253","Maths",2,1,"ECOLE MOUAD BEN JABAL","25822S","maths_chain2",TRUE,0.85634446497215
"Y3P_5268","Maths",2,1,"ECOLE PRIMAIRE MUSTAPHA EL MAANI","14033C","maths_chain2",TRUE,-0.987246089057543
"Y3P_5274","Maths",2,1,"AL FARABI","27200P","maths_chain2",TRUE,0.15800885327508
"Y3P_5280","Maths",2,1,"ABDERRAHMANE HJIRA","24457H","maths_chain2",TRUE,0.478615043457716
"Y3P_5293","Maths",2,1,"EL MAKKI ENNACIRI","27094Z","maths_chain2",TRUE,0.356762674918497
"Y3P_5309","Maths",2,0,"E 11 JANVIER","26108C","maths_chain2",TRUE,0.754853543907606
"Y3P_5314","Maths",2,1,"LISSANE EDDINE IBN ALKHATIB","27199N","maths_chain2",TRUE,0.292828499680343
"Y3P_5324","Maths",2,1,"ECOLE IBRAHIM ROUDANI","23361S","maths_chain2",TRUE,-0.735490372795395
"Y3P_5328","Maths",2,1,"ECOLE IBN TOUFAIL","27147G","maths_chain2",TRUE,-0.0651581191218065
"Y3P_5330","Maths",2,1,"ECOLE IBN TOUFAIL","27147G","maths_chain2",TRUE,0.356762674918497
"Y3P_5357","Maths",2,0,"ECOLE PRIMAIRE IBNOU TOFAIL","01625R","maths_chain2",TRUE,0.536849692132646
"Y3P_5358","Maths",2,0,"ECOLE PRIMAIRE IBNOU TOFAIL","01625R","maths_chain2",TRUE,0.356762674918498
"Y3P_5380","Maths",2,1,"ECOLE PRIMAIRE IBN AL HAYTAM","24791W","maths_chain2",TRUE,0.702371254301948
"Y3P_5381","Maths",2,1,"ECOLE PRIMAIRE MUSTAPHA EL MAANI","14033C","maths_chain2",TRUE,0.356762674918496
"Y3P_5387","Maths",2,1,"ECOLE EL KARIA","08207V","maths_chain2",TRUE,0.356762674918497
"Y3P_5434","Maths",2,0,"MOHAMED ZERKTOUNI","18165U","maths_chain2",TRUE,0.418635931579501
"Y3P_5471","Maths",2,1,"ECOLE PRIMAIRE ENNOUR","26477D","maths_chain2",TRUE,0.292828499680343
"Y3P_5472","Maths",2,0,"ECOLE PRIMAIRE  EL KODS","01788T","maths_chain2",TRUE,0.59347466580963
"Y3P_5486","Maths",2,1,"ECOLE PRIMAIRE ENNOUR","26477D","maths_chain2",TRUE,0.226646953301277
"Y3P_5503","Maths",2,1,"ECOLE PRIMAIRE ENNOUR","26477D","maths_chain2",TRUE,-0.146310103433408
"Y3P_5525","Maths",2,1,"ECOLE IBRAHIM ROUDANI","23361S","maths_chain2",TRUE,0.226646953301277
"Y3P_5594","Maths",2,0,"E DRISS BENZAKRI","25969B","maths_chain2",TRUE,-0.4156081299875
"Y3P_5637","Maths",2,0,"ECOLE PRIMAIRE ELMARWA","27527V","maths_chain2",TRUE,-0.4156081299875
"Y3P_5642","Maths",2,0,"ECOLE PRIMAIRE ELMARWA","27527V","maths_chain2",TRUE,0.15800885327508
"Y3P_5646","Maths",2,0,"E HOMMANE EL FETOUAKI","26461L","maths_chain2",TRUE,-0.0651581191218085
"Y3P_5658","Maths",2,0,"ECOLE PRIMAIRE ELMARWA","27527V","maths_chain2",TRUE,-0.856857441499207
"Y3P_5681","Maths",2,0,"E HOMMANE EL FETOUAKI","26461L","maths_chain2",TRUE,-0.622085437039241
"Y3P_5695","Maths",2,0,"E ERRAHMA","20901T","maths_chain2",TRUE,-0.515723260829083
"Y3P_5700","Maths",2,0,"E ERRAHMA","20901T","maths_chain2",TRUE,0.648611734493323
"Y3P_5705","Maths",2,0,"EL FALAH","18168X","maths_chain2",TRUE,0.0123902958534416
"Y3P_5714","Maths",2,0,"ECOLE PRIMAIRE AHL LOUGHLAM CHARKIA","01722W","maths_chain2",TRUE,0.356762674918496
"Y3P_5715","Maths",2,0,"AHMED BOUKMAKH","26501E","maths_chain2",TRUE,0.478615043457718
"Y3P_5725","Maths",2,1,"ENNAHDA","18163S","maths_chain2",TRUE,0.536849692132648
"Y3P_5727","Maths",2,1,"ENNAHDA","18163S","maths_chain2",TRUE,-0.146310103433407
"Y3P_5734","Maths",2,1,"EL MAKKI ENNACIRI","27094Z","maths_chain2",TRUE,0.536849692132647
"Y3P_5737","Maths",2,0,"E HOMMANE EL FETOUAKI","26461L","maths_chain2",TRUE,-1.12787028635287
"Y3P_5742","Maths",2,1,"ABDERRAHMANE HJIRA","24457H","maths_chain2",TRUE,0.806150068880978
"Y3P_5746","Maths",2,0,"EL FALAH","18168X","maths_chain2",TRUE,-0.856857441499206
"Y3P_5749","Maths",2,0,"EL FALAH","18168X","maths_chain2",TRUE,-0.515723260829083
"Y3P_5751","Maths",2,0,"ECOLE PRIMAIRE AHL LOUGHLAM CHARKIA","01722W","maths_chain2",TRUE,0.356762674918497
"Y3P_5757","Maths",2,1,"ABDERRAHMANE HJIRA","24457H","maths_chain2",TRUE,0.754853543907607
"Y3P_5759","Maths",2,0,"ECOLE PRIMAIRE  ALI BNOU ABITALEB","25998H","maths_chain2",TRUE,-0.32105172343595
"Y3P_5772","Maths",2,0,"ECOLE PRIMAIRE  ALI BNOU ABITALEB","25998H","maths_chain2",TRUE,0.593474665809632
"Y3P_5773","Maths",2,0,"ECOLE PRIMAIRE  ALI BNOU ABITALEB","25998H","maths_chain2",TRUE,-0.0651581191218082
"Y3P_5774","Maths",2,0,"ECOLE PRIMAIRE  ALI BNOU ABITALEB","25998H","maths_chain2",TRUE,0.012390295853441
"Y3P_5786","Maths",2,1,"ECOLE IBN TOUFAIL","27147G","maths_chain2",TRUE,0.648611734493323
"Y3P_5800","Maths",2,1,"IBN BATTOUTA","08086N","maths_chain2",TRUE,-0.146310103433408
"Y3P_5803","Maths",2,0,"OULED SIDI ABDENNEBI","01738N","maths_chain2",TRUE,-0.231458060142169
"Y3P_5809","Maths",2,0,"OULED SIDI ABDENNEBI","01738N","maths_chain2",TRUE,0.806150068880979
"Y3P_5815","Maths",2,0,"ECOLE PRIMAIRE ERHAMNA","01621L","maths_chain2",TRUE,0.15800885327508
"Y3P_5816","Maths",2,0,"ECOLE PRIMAIRE ERHAMNA","01621L","maths_chain2",TRUE,-0.622085437039241
"Y3P_5817","Maths",2,0,"ECOLE PRIMAIRE ERHAMNA","01621L","maths_chain2",TRUE,0.292828499680342
"Y3P_5821","Maths",2,0,"ECOLE PRIMAIRE ERHAMNA","01621L","maths_chain2",TRUE,0.4186359315795
"Y3P_5834","Maths",2,0,"CENTRALE EL AOUNATE","08101E","maths_chain2",TRUE,0.0866786789782104
"Y3P_5843","Maths",2,1,"LISSANE EDDINE IBN ALKHATIB","27199N","maths_chain2",TRUE,0.59347466580963
"Y3P_5846","Maths",2,1,"ECOLE PRIMAIRE MED BELHASSAN AL OUAZZANI","01633Z","maths_chain2",TRUE,-0.415608129987499
"Y3P_5875","Maths",2,1,"LISSANE EDDINE IBN ALKHATIB","27199N","maths_chain2",TRUE,0.905513426212999
"Y3P_5891","Maths",2,0,"ECOLE PRIMAIRE AHL LOUGHLAM CHARKIA","01722W","maths_chain2",TRUE,-0.231458060142169
"Y3P_5908","Maths",2,1,"AL FARABI","27200P","maths_chain2",TRUE,-0.321051723435951
"Y3P_5914","Maths",2,1,"ECOLE PRIMAIRE MED BELHASSAN AL OUAZZANI","01633Z","maths_chain2",TRUE,-0.146310103433407
"Y3P_5915","Maths",2,1,"ECOLE PRIMAIRE MED BELHASSAN AL OUAZZANI","01633Z","maths_chain2",TRUE,0.15800885327508
"Y3P_5918","Maths",2,1,"ECOLE ABDELKRIM EL KHATIB","25823T","maths_chain2",TRUE,0.536849692132647
"Y3P_5919","Maths",2,1,"LISSANE EDDINE IBN ALKHATIB","27199N","maths_chain2",TRUE,0.4186359315795
"Y3P_5921","Maths",2,0,"ECOLE PRIMAIRE ELMARWA","27527V","maths_chain2",TRUE,0.356762674918496
"Y3P_5936","Maths",2,1,"EL MAKKI ENNACIRI","27094Z","maths_chain2",TRUE,0.356762674918496
"Y3P_5943","Maths",2,1,"IBN BATTOUTA","08086N","maths_chain2",TRUE,-1.12787028635287
"Y3P_5944","Maths",2,1,"ECOLE PRIMAIRE ENNOUR","26477D","maths_chain2",TRUE,0.0123902958534406
"Y3P_5961","Maths",2,0,"MOHAMED ZERKTOUNI","18165U","maths_chain2",TRUE,0.15800885327508
"Y3P_5967","Maths",2,0,"MOHAMED ZERKTOUNI","18165U","maths_chain2",TRUE,0.536849692132648
"Y3P_5974","Maths",2,1,"ECOLE OMAR BNOU ALKHATTAB","14019M","maths_chain2",TRUE,-0.4156081299875
"Y3P_5975","Maths",2,1,"ECOLE OMAR BNOU ALKHATTAB","14019M","maths_chain2",TRUE,-1.12787028635287
"Y3P_5976","Maths",2,1,"ECOLE OMAR BNOU ALKHATTAB","14019M","maths_chain2",TRUE,-0.231458060142169
"Y3P_5979","Maths",2,1,"ECOLE OMAR BNOU ALKHATTAB","14019M","maths_chain2",TRUE,0.0123902958534405
"Y3P_5980","Maths",2,0,"ABI BAKR ESSADDIK","01727B","maths_chain2",TRUE,0.593474665809632
"Y3P_5981","Maths",2,1,"ECOLE OMAR BNOU ALKHATTAB","14019M","maths_chain2",TRUE,-0.231458060142168
"Y3P_5985","Maths",2,0,"ABI BAKR ESSADDIK","01727B","maths_chain2",TRUE,-0.622085437039241
"Y3P_5997","Maths",2,0,"ABI BAKR ESSADDIK","01727B","maths_chain2",TRUE,-0.735490372795395
"Y3P_6006","Maths",2,0,"ECOLE PRIMAIRE OUED AL MAKHAZINE","01623N","maths_chain2",TRUE,-0.146310103433407
"Y3P_6022","Maths",2,0,"ECOLE PRIMAIRE OUED AL MAKHAZINE","01623N","maths_chain2",TRUE,0.648611734493323
"Y3P_6037","Maths",2,0,"ECOLE PRIMAIRE OUED AL MAKHAZINE","01623N","maths_chain2",TRUE,-0.321051723435951
"Y3P_6055","Maths",2,1,"ECOLE MOUAD BEN JABAL","25822S","maths_chain2",TRUE,0.856344464972151
"Y3P_6059","Maths",2,0,"E DRISS BENZAKRI","25969B","maths_chain2",TRUE,-0.146310103433408
"Y3P_6082","Maths",2,0,"E DRISS BENZAKRI","25969B","maths_chain2",TRUE,-0.146310103433407
"Y3P_6087","Maths",2,0,"ECOLE PRIMAIRE IBNOU TOFAIL","01625R","maths_chain2",TRUE,0.418635931579503
"Y3P_6100","Maths",2,1,"IBNOU MISSKAWAIHE","27772L","maths_chain2",TRUE,0.536849692132648
"Y3P_6102","Maths",2,0,"ECOLE PRIMAIRE IBNOU TOFAIL","01625R","maths_chain2",TRUE,0.478615043457716
"Y3P_6123","Maths",2,0,"ECOLE PRIMAIRE IBNOU TOFAIL","01625R","maths_chain2",TRUE,0.536849692132647
"Y3P_6130","Maths",2,1,"ECOLE PRIMAIRE MUSTAPHA EL MAANI","14033C","maths_chain2",TRUE,0.0866786789782112
"Y3P_6136","Maths",2,0,"OULED SIDI ABDENNEBI","01738N","maths_chain2",TRUE,0.418635931579501
"Y3P_6142","Maths",2,0,"ECOLE PRIMAIRE SOUALEM","14375Z","maths_chain2",TRUE,0.418635931579501
"Y3P_6146","Maths",2,1,"ECOLE SIDI ALI","08138V","maths_chain2",TRUE,0.15800885327508
"Y3P_6147","Maths",2,1,"ECOLE SIDI ALI","08138V","maths_chain2",TRUE,0.536849692132648
"Y3P_6150","Maths",2,1,"ENNAHDA","18163S","maths_chain2",TRUE,0.478615043457717
"Y3P_6166","Maths",2,1,"ECOLE SIDI ALI","08138V","maths_chain2",TRUE,0.478615043457716
"Y3P_6168","Maths",2,0,"ECOLE PRIMAIRE OUED AL MAKHAZINE","01623N","maths_chain2",TRUE,-0.4156081299875
"Y3P_6174","Maths",2,1,"ECOLE PRIMAIRE ENNOUR","26477D","maths_chain2",TRUE,-0.515723260829083
"Y3P_6179","Maths",2,1,"ECOLE IBRAHIM ROUDANI","23361S","maths_chain2",TRUE,0.593474665809631
"Y3P_6188","Maths",2,0,"E DRISS BENZAKRI","25969B","maths_chain2",TRUE,0.226646953301276
"Y3P_6190","Maths",2,1,"ECOLE ABDELKRIM EL KHATIB","25823T","maths_chain2",TRUE,0.648611734493323
"Y3P_6203","Maths",2,1,"ECOLE SIDI ALI","08138V","maths_chain2",TRUE,0.478615043457717
"Y3P_6208","Maths",2,1,"ECOLE TIKNI","08099C","maths_chain2",TRUE,0.70237125430195
"Y3P_6215","Maths",2,1,"IBNOU MISSKAWAIHE","27772L","maths_chain2",TRUE,0.536849692132648
"Y3P_6224","Maths",2,1,"ECOLE IBRAHIM ROUDANI","23361S","maths_chain2",TRUE,0.478615043457716
"Y3P_6229","Maths",2,0,"E OUKBA BNOU NAFII","25341U","maths_chain2",TRUE,0.0123902958534412
"Y3P_6232","Maths",2,0,"E OUKBA BNOU NAFII","25341U","maths_chain2",TRUE,0.593474665809631
"Y3P_6238","Maths",2,0,"E OUKBA BNOU NAFII","25341U","maths_chain2",TRUE,0.806150068880981
"Y3P_6260","Maths",2,1,"ECOLE SIDI ALI","08138V","maths_chain2",TRUE,0.593474665809631
"Y3P_6262","Maths",2,0,"ECOLE PRIMAIRE  EL KODS","01788T","maths_chain2",TRUE,0.702371254301949
"Y3P_6269","Maths",2,1,"ECOLE PRIMAIRE MOHAMED ZARKTOUNI","24698V","maths_chain2",TRUE,-0.146310103433407
"Y3P_6277","Maths",2,1,"ECOLE PRIMAIRE MOHAMED ZARKTOUNI","24698V","maths_chain2",TRUE,-0.0651581191218082
"Y3P_6278","Maths",2,0,"ECOLE PRIMAIRE  EL KODS","01788T","maths_chain2",TRUE,-0.515723260829083
"Y3P_6281","Maths",2,0,"E ERRAHMA","20901T","maths_chain2",TRUE,-0.856857441499207
"Y3P_6315","Maths",2,1,"ABDERRAHMANE HJIRA","24457H","maths_chain2",TRUE,0.856344464972151
"Y3P_6343","Maths",2,1,"EL MAKKI ENNACIRI","27094Z","maths_chain2",TRUE,0.0866786789782143
"Y3P_6364","Maths",2,0,"E 11 JANVIER","26108C","maths_chain2",TRUE,0.226646953301277
"Y3P_6367","Maths",2,0,"E 11 JANVIER","26108C","maths_chain2",TRUE,0.292828499680343
"Y3P_6378","Maths",2,0,"E 11 JANVIER","26108C","maths_chain2",TRUE,-0.622085437039241
"Y3P_6395","Maths",2,0,"OUM EL BANINE","26368K","maths_chain2",TRUE,-0.4156081299875
"Y3P_6400","Maths",2,1,"AL FARABI","27200P","maths_chain2",TRUE,0.226646953301277
"Y3P_6437","Maths",2,1,"ECOLE EL KARIA","08207V","maths_chain2",TRUE,0.702371254301948
"Y3P_6461","Maths",2,1,"ECOLE EL KARIA","08207V","maths_chain2",TRUE,-0.231458060142169
"Y3P_6475","Maths",2,1,"ECOLE PRIMAIRE MUSTAPHA EL MAANI","14033C","maths_chain2",TRUE,-0.515723260829083
"Y3P_6498","Maths",2,0,"ECOLE PRIMAIRE  EL KODS","01788T","maths_chain2",TRUE,-0.32105172343595
"Y3P_6570","Maths",2,1,"ECOLE PRIMAIRE MED BELHASSAN AL OUAZZANI","01633Z","maths_chain2",TRUE,0.356762674918497
"Y3P_6575","Maths",2,1,"AL FARABI","27200P","maths_chain2",TRUE,0.478615043457717
"Y3P_6606","Maths",2,1,"IBNOU MISSKAWAIHE","27772L","maths_chain2",TRUE,0.0866786789782114
"Y3P_6615","Maths",2,0,"EL FALAH","18168X","maths_chain2",TRUE,-0.321051723435951
"Y3P_6616","Maths",2,0,"E OUKBA BNOU NAFII","25341U","maths_chain2",TRUE,0.418635931579501
"Y3P_6634","Maths",2,0,"MOHAMED ZERKTOUNI","18165U","maths_chain2",TRUE,0.0866786789782121
"Y3P_6639","Maths",2,1,"IBNOU MISSKAWAIHE","27772L","maths_chain2",TRUE,0.0866786789782115
"Y3P_153","Maths",3,0,"E HOMMANE EL FETOUAKI","26461L","maths_chain2",TRUE,-1.12787028635287
"Y3P_187","Maths",3,0,"OUM EL BANINE","26368K","maths_chain2",TRUE,-1.28010727746208
"Y3P_1885","Maths",3,1,"ECOLE PRIMAIRE MOHAMED ZARKTOUNI","24698V","maths_chain2",TRUE,0.0123902958534421
"Y3P_1990","Maths",3,0,"E HOMMANE EL FETOUAKI","26461L","maths_chain2",TRUE,0.593474665809632
"Y3P_2046","Maths",3,1,"AL FARABI","27200P","maths_chain2",TRUE,0.292828499680342
"Y3P_2317","Maths",3,1,"ABDERRAHMANE HJIRA","24457H","maths_chain2",TRUE,0.226646953301276
"Y3P_2340","Maths",3,0,"ECOLE PRIMAIRE SOUALEM","14375Z","maths_chain2",TRUE,0.356762674918496
"Y3P_2343","Maths",3,0,"ECOLE PRIMAIRE SOUALEM","14375Z","maths_chain2",TRUE,-0.146310103433407
"Y3P_2470","Maths",3,1,"ENNAHDA","18163S","maths_chain2",TRUE,0.85634446497215
"Y3P_2471","Maths",3,1,"ENNAHDA","18163S","maths_chain2",TRUE,-0.0651581191218082
"Y3P_2515","Maths",3,1,"ECOLE IBRAHIM ROUDANI","23361S","maths_chain2",TRUE,-0.4156081299875
"Y3P_2567","Maths",3,1,"LISSANE EDDINE IBN ALKHATIB","27199N","maths_chain2",TRUE,-0.622085437039242
"Y3P_2652","Maths",3,1,"IBN BATTOUTA","08086N","maths_chain2",TRUE,-0.4156081299875
"Y3P_2697","Maths",3,1,"ECOLE OMAR BNOU ALKHATTAB","14019M","maths_chain2",TRUE,-1.28010727746208
"Y3P_2728","Maths",3,0,"ECOLE PRIMAIRE  ALI BNOU ABITALEB","25998H","maths_chain2",TRUE,-0.4156081299875
"Y3P_2762","Maths",3,0,"ECOLE PRIMAIRE IBNOU TOFAIL","01625R","maths_chain2",TRUE,-0.146310103433408
"Y3P_2777","Maths",3,1,"ECOLE SIDI ALI","08138V","maths_chain2",TRUE,-0.321051723435951
"Y3P_2814","Maths",3,0,"E DRISS BENZAKRI","25969B","maths_chain2",TRUE,0.226646953301276
"Y3P_2874","Maths",3,1,"ABDERRAHMANE HJIRA","24457H","maths_chain2",TRUE,-0.515723260829083
"Y3P_2881","Maths",3,0,"E HOMMANE EL FETOUAKI","26461L","maths_chain2",TRUE,-0.0651581191218085
"Y3P_2937","Maths",3,1,"ECOLE SIDI ALI","08138V","maths_chain2",TRUE,0.0866786789782112
"Y3P_2941","Maths",3,1,"IBNOU MISSKAWAIHE","27772L","maths_chain2",TRUE,0.702371254301951
"Y3P_2967","Maths",3,0,"ECOLE PRIMAIRE SOUALEM","14375Z","maths_chain2",TRUE,0.59347466580963
"Y3P_2988","Maths",3,0,"ECOLE PRIMAIRE SOUALEM","14375Z","maths_chain2",TRUE,-1.12787028635287
"Y3P_2995","Maths",3,0,"E 11 JANVIER","26108C","maths_chain2",TRUE,0.80615006888098
"Y3P_3024","Maths",3,0,"EL FALAH","18168X","maths_chain2",TRUE,-0.321051723435951
"Y3P_3025","Maths",3,0,"E OUKBA BNOU NAFII","25341U","maths_chain2",TRUE,0.95372747704972
"Y3P_3049","Maths",3,1,"ECOLE PRIMAIRE MED BELHASSAN AL OUAZZANI","01633Z","maths_chain2",TRUE,0.158008853275079
"Y3P_3075","Maths",3,1,"IBNOU MISSKAWAIHE","27772L","maths_chain2",TRUE,0.648611734493325
"Y3P_3078","Maths",3,1,"ECOLE PRIMAIRE IBN AL HAYTAM","24791W","maths_chain2",TRUE,-0.622085437039242
"Y3P_3088","Maths",3,0,"ABI BAKR ESSADDIK","01727B","maths_chain2",TRUE,0.0866786789782104
"Y3P_3089","Maths",3,0,"ECOLE PRIMAIRE  ALI BNOU ABITALEB","25998H","maths_chain2",TRUE,0.292828499680341
"Y3P_3090","Maths",3,1,"EL MAKKI ENNACIRI","27094Z","maths_chain2",TRUE,-0.987246089057543
"Y3P_3100","Maths",3,0,"ABI BAKR ESSADDIK","01727B","maths_chain2",TRUE,0.806150068880981
"Y3P_3108","Maths",3,1,"ECOLE ABDELKRIM EL KHATIB","25823T","maths_chain2",TRUE,0.593474665809631
"Y3P_3112","Maths",3,0,"ECOLE PRIMAIRE SOUALEM","14375Z","maths_chain2",TRUE,-0.856857441499207
"Y3P_3116","Maths",3,1,"ECOLE MOUAD BEN JABAL","25822S","maths_chain2",TRUE,-0.515723260829084
"Y3P_3128","Maths",3,0,"ECOLE PRIMAIRE AHL LOUGHLAM CHARKIA","01722W","maths_chain2",TRUE,0.478615043457716
"Y3P_3136","Maths",3,1,"ECOLE PRIMAIRE MUSTAPHA EL MAANI","14033C","maths_chain2",TRUE,-0.321051723435951
"Y3P_3170","Maths",3,1,"IBN BATTOUTA","08086N","maths_chain2",TRUE,-0.146310103433408
"Y3P_3208","Maths",3,1,"ECOLE PRIMAIRE MOHAMED ZARKTOUNI","24698V","maths_chain2",TRUE,0.226646953301276
"Y3P_3217","Maths",3,1,"ECOLE TIKNI","08099C","maths_chain2",TRUE,0.59347466580963
"Y3P_3227","Maths",3,1,"ECOLE IBRAHIM ROUDANI","23361S","maths_chain2",TRUE,0.80615006888098
"Y3P_3234","Maths",3,0,"MOHAMED ZERKTOUNI","18165U","maths_chain2",TRUE,0.754853543907605
"Y3P_3235","Maths",3,0,"ECOLE PRIMAIRE ERHAMNA","01621L","maths_chain2",TRUE,0.226646953301276
"Y3P_3253","Maths",3,1,"ECOLE TIKNI","08099C","maths_chain2",TRUE,0.226646953301275
"Y3P_3260","Maths",3,1,"ECOLE OMAR BNOU ALKHATTAB","14019M","maths_chain2",TRUE,0.418635931579501
"Y3P_3301","Maths",3,0,"EL FALAH","18168X","maths_chain2",TRUE,0.856344464972151
"Y3P_3310","Maths",3,1,"ECOLE PRIMAIRE MED BELHASSAN AL OUAZZANI","01633Z","maths_chain2",TRUE,0.702371254301951
"Y3P_3382","Maths",3,1,"ECOLE PRIMAIRE MOHAMED ZARKTOUNI","24698V","maths_chain2",TRUE,0.754853543907607
"Y3P_3387","Maths",3,1,"IBNOU MISSKAWAIHE","27772L","maths_chain2",TRUE,-0.146310103433408
"Y3P_3407","Maths",3,0,"MOHAMED ZERKTOUNI","18165U","maths_chain2",TRUE,0.226646953301276
"Y3P_3447","Maths",3,1,"EL MAKKI ENNACIRI","27094Z","maths_chain2",TRUE,-0.4156081299875
"Y3P_3484","Maths",3,1,"ECOLE IBN TOUFAIL","27147G","maths_chain2",TRUE,-0.321051723435951
"Y3P_3486","Maths",3,1,"ECOLE PRIMAIRE MUSTAPHA EL MAANI","14033C","maths_chain2",TRUE,-0.321051723435951
"Y3P_3492","Maths",3,0,"CENTRALE EL AOUNATE","08101E","maths_chain2",TRUE,-0.856857441499207
"Y3P_3507","Maths",3,0,"ECOLE PRIMAIRE OUED AL MAKHAZINE","01623N","maths_chain2",TRUE,0.356762674918497
"Y3P_3619","Maths",3,1,"LISSANE EDDINE IBN ALKHATIB","27199N","maths_chain2",TRUE,0.648611734493323
"Y3P_3705","Maths",3,1,"ECOLE SIDI ALI","08138V","maths_chain2",TRUE,-0.231458060142169
"Y3P_3742","Maths",3,1,"ECOLE TIKNI","08099C","maths_chain2",TRUE,0.012390295853441
"Y3P_3747","Maths",3,1,"IBN BATTOUTA","08086N","maths_chain2",TRUE,-0.231458060142168
"Y3P_3843","Maths",3,0,"MOHAMED ZERKTOUNI","18165U","maths_chain2",TRUE,-0.4156081299875
"Y3P_3850","Maths",3,0,"CENTRALE EL AOUNATE","08101E","maths_chain2",TRUE,-1.12787028635287
"Y3P_3874","Maths",3,0,"OULED SIDI ABDENNEBI","01738N","maths_chain2",TRUE,-1.44549451941188
"Y3P_3912","Maths",3,0,"EL FALAH","18168X","maths_chain2",TRUE,-1.28010727746208
"Y3P_3913","Maths",3,1,"ECOLE OMAR BNOU ALKHATTAB","14019M","maths_chain2",TRUE,-0.146310103433408
"Y3P_3919","Maths",3,1,"ECOLE ABDELKRIM EL KHATIB","25823T","maths_chain2",TRUE,0.478615043457716
"Y3P_3924","Maths",3,1,"ECOLE ABDELKRIM EL KHATIB","25823T","maths_chain2",TRUE,0.536849692132646
"Y3P_3939","Maths",3,1,"ECOLE OMAR BNOU ALKHATTAB","14019M","maths_chain2",TRUE,0.4186359315795
"Y3P_3945","Maths",3,1,"ECOLE PRIMAIRE IBN AL HAYTAM","24791W","maths_chain2",TRUE,-0.146310103433407
"Y3P_3948","Maths",3,1,"IBNOU MISSKAWAIHE","27772L","maths_chain2",TRUE,0.012390295853441
"Y3P_4015","Maths",3,0,"ECOLE PRIMAIRE OUED AL MAKHAZINE","01623N","maths_chain2",TRUE,0.356762674918495
"Y3P_4017","Maths",3,0,"AHMED BOUKMAKH","26501E","maths_chain2",TRUE,0.0123902958534407
"Y3P_4047","Maths",3,1,"ECOLE IBRAHIM ROUDANI","23361S","maths_chain2",TRUE,0.0866786789782103
"Y3P_4073","Maths",3,1,"ECOLE MOUAD BEN JABAL","25822S","maths_chain2",TRUE,-0.0651581191218083
"Y3P_4085","Maths",3,0,"OUM EL BANINE","26368K","maths_chain2",TRUE,-0.735490372795395
"Y3P_4099","Maths",3,1,"ECOLE EL KARIA","08207V","maths_chain2",TRUE,0.418635931579501
"Y3P_4102","Maths",3,0,"OUM EL BANINE","26368K","maths_chain2",TRUE,0.226646953301275
"Y3P_4111","Maths",3,1,"ABDERRAHMANE HJIRA","24457H","maths_chain2",TRUE,0.536849692132646
"Y3P_4123","Maths",3,0,"OULED SIDI ABDENNEBI","01738N","maths_chain2",TRUE,0.292828499680342
"Y3P_4143","Maths",3,1,"LISSANE EDDINE IBN ALKHATIB","27199N","maths_chain2",TRUE,0.15800885327508
"Y3P_4147","Maths",3,0,"EL FALAH","18168X","maths_chain2",TRUE,0.418635931579501
"Y3P_4171","Maths",3,0,"ECOLE PRIMAIRE OUED AL MAKHAZINE","01623N","maths_chain2",TRUE,0.593474665809631
"Y3P_4173","Maths",3,0,"ECOLE PRIMAIRE AHL LOUGHLAM CHARKIA","01722W","maths_chain2",TRUE,0.086678678978211
"Y3P_4174","Maths",3,0,"ECOLE PRIMAIRE AHL LOUGHLAM CHARKIA","01722W","maths_chain2",TRUE,0.905513426212998
"Y3P_4216","Maths",3,0,"E OUKBA BNOU NAFII","25341U","maths_chain2",TRUE,0.59347466580963
"Y3P_4225","Maths",3,1,"AL FARABI","27200P","maths_chain2",TRUE,0.905513426213
"Y3P_4227","Maths",3,1,"ECOLE PRIMAIRE IBN AL HAYTAM","24791W","maths_chain2",TRUE,-0.321051723435951
"Y3P_4244","Maths",3,1,"IBNOU MISSKAWAIHE","27772L","maths_chain2",TRUE,0.292828499680342
"Y3P_4251","Maths",3,0,"ECOLE PRIMAIRE ERHAMNA","01621L","maths_chain2",TRUE,-0.515723260829083
"Y3P_4256","Maths",3,1,"ECOLE IBN TOUFAIL","27147G","maths_chain2",TRUE,-0.0651581191218076
"Y3P_4257","Maths",3,1,"ECOLE IBN TOUFAIL","27147G","maths_chain2",TRUE,0.648611734493323
"Y3P_4259","Maths",3,1,"ECOLE IBN TOUFAIL","27147G","maths_chain2",TRUE,-0.321051723435951
"Y3P_4275","Maths",3,1,"ECOLE ABDELKRIM EL KHATIB","25823T","maths_chain2",TRUE,0.0866786789782107
"Y3P_4282","Maths",3,0,"ECOLE PRIMAIRE  EL KODS","01788T","maths_chain2",TRUE,-0.321051723435951
"Y3P_4294","Maths",3,0,"MOHAMED ZERKTOUNI","18165U","maths_chain2",TRUE,-0.4156081299875
"Y3P_4297","Maths",3,0,"MOHAMED ZERKTOUNI","18165U","maths_chain2",TRUE,0.418635931579501
"Y3P_4301","Maths",3,0,"E 11 JANVIER","26108C","maths_chain2",TRUE,0.158008853275079
"Y3P_4302","Maths",3,0,"E 11 JANVIER","26108C","maths_chain2",TRUE,-0.4156081299875
"Y3P_4311","Maths",3,0,"OULED SIDI ABDENNEBI","01738N","maths_chain2",TRUE,0.95372747704972
"Y3P_4314","Maths",3,0,"ECOLE PRIMAIRE  EL KODS","01788T","maths_chain2",TRUE,-0.146310103433406
"Y3P_4317","Maths",3,0,"ECOLE PRIMAIRE ELMARWA","27527V","maths_chain2",TRUE,-0.987246089057543
"Y3P_4320","Maths",3,0,"OUM EL BANINE","26368K","maths_chain2",TRUE,0.418635931579501
"Y3P_4335","Maths",3,1,"ECOLE EL KARIA","08207V","maths_chain2",TRUE,-0.0651581191218092
"Y3P_4359","Maths",3,0,"ECOLE PRIMAIRE IBNOU TOFAIL","01625R","maths_chain2",TRUE,-0.622085437039242
"Y3P_4360","Maths",3,0,"ECOLE PRIMAIRE IBNOU TOFAIL","01625R","maths_chain2",TRUE,-0.065158119121807
"Y3P_4372","Maths",3,1,"ECOLE PRIMAIRE MOHAMED ZARKTOUNI","24698V","maths_chain2",TRUE,0.536849692132648
"Y3P_4373","Maths",3,0,"AHMED BOUKMAKH","26501E","maths_chain2",TRUE,0.648611734493324
"Y3P_4380","Maths",3,0,"ECOLE PRIMAIRE ERHAMNA","01621L","maths_chain2",TRUE,0.292828499680342
"Y3P_4385","Maths",3,0,"ECOLE PRIMAIRE ERHAMNA","01621L","maths_chain2",TRUE,-0.146310103433407
"Y3P_4396","Maths",3,0,"ABI BAKR ESSADDIK","01727B","maths_chain2",TRUE,-0.515723260829084
"Y3P_4406","Maths",3,1,"ECOLE TIKNI","08099C","maths_chain2",TRUE,0.95372747704972
"Y3P_4442","Maths",3,1,"ECOLE EL KARIA","08207V","maths_chain2",TRUE,0.702371254301949
"Y3P_4443","Maths",3,0,"E ERRAHMA","20901T","maths_chain2",TRUE,-0.735490372795395
"Y3P_4458","Maths",3,0,"CENTRALE EL AOUNATE","08101E","maths_chain2",TRUE,-0.146310103433408
"Y3P_4480","Maths",3,1,"ECOLE PRIMAIRE ENNOUR","26477D","maths_chain2",TRUE,0.356762674918497
"Y3P_4482","Maths",3,1,"ECOLE PRIMAIRE ENNOUR","26477D","maths_chain2",TRUE,0.292828499680342
"Y3P_4506","Maths",3,1,"LISSANE EDDINE IBN ALKHATIB","27199N","maths_chain2",TRUE,0.292828499680342
"Y3P_4510","Maths",3,0,"AHMED BOUKMAKH","26501E","maths_chain2",TRUE,0.0866786789782107
"Y3P_4514","Maths",3,0,"E HOMMANE EL FETOUAKI","26461L","maths_chain2",TRUE,0.0123902958534417
"Y3P_4515","Maths",3,1,"ENNAHDA","18163S","maths_chain2",TRUE,0.905513426212999
"Y3P_4520","Maths",3,0,"E 11 JANVIER","26108C","maths_chain2",TRUE,0.158008853275079
"Y3P_4521","Maths",3,0,"ECOLE PRIMAIRE OUED AL MAKHAZINE","01623N","maths_chain2",TRUE,0.226646953301276
"Y3P_4534","Maths",3,1,"ENNAHDA","18163S","maths_chain2",TRUE,0.0123902958534398
"Y3P_4538","Maths",3,0,"ECOLE PRIMAIRE ELMARWA","27527V","maths_chain2",TRUE,0.80615006888098
"Y3P_4541","Maths",3,0,"ECOLE PRIMAIRE ELMARWA","27527V","maths_chain2",TRUE,0.806150068880979
"Y3P_4543","Maths",3,0,"ECOLE PRIMAIRE ELMARWA","27527V","maths_chain2",TRUE,0.0866786789782102
"Y3P_4548","Maths",3,1,"ECOLE PRIMAIRE MED BELHASSAN AL OUAZZANI","01633Z","maths_chain2",TRUE,-0.515723260829083
"Y3P_4550","Maths",3,0,"E HOMMANE EL FETOUAKI","26461L","maths_chain2",TRUE,0.226646953301276
"Y3P_4602","Maths",3,1,"EL MAKKI ENNACIRI","27094Z","maths_chain2",TRUE,0.356762674918496
"Y3P_4606","Maths",3,1,"ECOLE PRIMAIRE MOHAMED ZARKTOUNI","24698V","maths_chain2",TRUE,0.158008853275078
"Y3P_4617","Maths",3,1,"ECOLE PRIMAIRE MED BELHASSAN AL OUAZZANI","01633Z","maths_chain2",TRUE,0.0123902958534421
"Y3P_4620","Maths",3,1,"ECOLE PRIMAIRE MED BELHASSAN AL OUAZZANI","01633Z","maths_chain2",TRUE,-0.23145806014217
"Y3P_4627","Maths",3,1,"ABDERRAHMANE HJIRA","24457H","maths_chain2",TRUE,-0.4156081299875
"Y3P_4631","Maths",3,0,"ECOLE PRIMAIRE  EL KODS","01788T","maths_chain2",TRUE,-0.0651581191218077
"Y3P_4632","Maths",3,0,"ECOLE PRIMAIRE  EL KODS","01788T","maths_chain2",TRUE,0.418635931579502
"Y3P_4642","Maths",3,1,"ECOLE MOUAD BEN JABAL","25822S","maths_chain2",TRUE,0.80615006888098
"Y3P_4643","Maths",3,1,"ECOLE MOUAD BEN JABAL","25822S","maths_chain2",TRUE,0.648611734493324
"Y3P_4655","Maths",3,0,"ECOLE PRIMAIRE  EL KODS","01788T","maths_chain2",TRUE,0.536849692132647
"Y3P_4656","Maths",3,0,"ECOLE PRIMAIRE ELMARWA","27527V","maths_chain2",TRUE,-1.28010727746208
"Y3P_4657","Maths",3,1,"EL MAKKI ENNACIRI","27094Z","maths_chain2",TRUE,-0.856857441499207
"Y3P_4663","Maths",3,1,"AL FARABI","27200P","maths_chain2",TRUE,0.648611734493324
"Y3P_4673","Maths",3,0,"ECOLE PRIMAIRE AHL LOUGHLAM CHARKIA","01722W","maths_chain2",TRUE,0.85634446497215
"Y3P_4676","Maths",3,0,"ECOLE PRIMAIRE AHL LOUGHLAM CHARKIA","01722W","maths_chain2",TRUE,0.905513426213
"Y3P_4696","Maths",3,0,"E ERRAHMA","20901T","maths_chain2",TRUE,-0.32105172343595
"Y3P_4697","Maths",3,1,"ECOLE PRIMAIRE ENNOUR","26477D","maths_chain2",TRUE,-0.231458060142169
"Y3P_4700","Maths",3,1,"ECOLE MOUAD BEN JABAL","25822S","maths_chain2",TRUE,0.905513426212998
"Y3P_4716","Maths",3,1,"ECOLE IBN TOUFAIL","27147G","maths_chain2",TRUE,0.226646953301276
"Y3P_4731","Maths",3,1,"ECOLE IBRAHIM ROUDANI","23361S","maths_chain2",TRUE,0.356762674918496
"Y3P_4782","Maths",3,0,"ABI BAKR ESSADDIK","01727B","maths_chain2",TRUE,-0.231458060142169
"Y3P_4803","Maths",3,0,"E 11 JANVIER","26108C","maths_chain2",TRUE,0.292828499680342
"Y3P_4808","Maths",3,0,"E ERRAHMA","20901T","maths_chain2",TRUE,0.0866786789782109
"Y3P_4815","Maths",3,0,"ECOLE PRIMAIRE  ALI BNOU ABITALEB","25998H","maths_chain2",TRUE,-0.146310103433407
"Y3P_4816","Maths",3,0,"ECOLE PRIMAIRE  ALI BNOU ABITALEB","25998H","maths_chain2",TRUE,-0.4156081299875
"Y3P_4825","Maths",3,0,"ECOLE PRIMAIRE  ALI BNOU ABITALEB","25998H","maths_chain2",TRUE,0.478615043457717
"Y3P_4830","Maths",3,0,"CENTRALE EL AOUNATE","08101E","maths_chain2",TRUE,-0.23145806014217
"Y3P_4831","Maths",3,0,"CENTRALE EL AOUNATE","08101E","maths_chain2",TRUE,0.648611734493324
"Y3P_4844","Maths",3,1,"EL MAKKI ENNACIRI","27094Z","maths_chain2",TRUE,-0.4156081299875
"Y3P_4849","Maths",3,0,"AHMED BOUKMAKH","26501E","maths_chain2",TRUE,0.70237125430195
"Y3P_4855","Maths",3,1,"IBN BATTOUTA","08086N","maths_chain2",TRUE,0.536849692132646
"Y3P_4856","Maths",3,0,"ECOLE PRIMAIRE IBNOU TOFAIL","01625R","maths_chain2",TRUE,0.478615043457716
"Y3P_4861","Maths",3,0,"E DRISS BENZAKRI","25969B","maths_chain2",TRUE,-0.0651581191218076
"Y3P_4866","Maths",3,1,"ECOLE ABDELKRIM EL KHATIB","25823T","maths_chain2",TRUE,0.593474665809631
"Y3P_4870","Maths",3,0,"OULED SIDI ABDENNEBI","01738N","maths_chain2",TRUE,0.95372747704972
"Y3P_4875","Maths",3,0,"OULED SIDI ABDENNEBI","01738N","maths_chain2",TRUE,-0.231458060142169
"Y3P_4883","Maths",3,0,"E DRISS BENZAKRI","25969B","maths_chain2",TRUE,0.95372747704972
"Y3P_4889","Maths",3,1,"ECOLE SIDI ALI","08138V","maths_chain2",TRUE,0.478615043457717
"Y3P_4900","Maths",3,1,"ECOLE SIDI ALI","08138V","maths_chain2",TRUE,-0.0651581191218079
"Y3P_4916","Maths",3,0,"ECOLE PRIMAIRE OUED AL MAKHAZINE","01623N","maths_chain2",TRUE,-0.146310103433408
"Y3P_4932","Maths",3,0,"E OUKBA BNOU NAFII","25341U","maths_chain2",TRUE,0.905513426212999
"Y3P_4940","Maths",3,0,"E OUKBA BNOU NAFII","25341U","maths_chain2",TRUE,0.70237125430195
"Y3P_4942","Maths",3,0,"E OUKBA BNOU NAFII","25341U","maths_chain2",TRUE,0.158008853275079
"Y3P_4954","Maths",3,0,"EL FALAH","18168X","maths_chain2",TRUE,-0.321051723435951
"Y3P_4959","Maths",3,1,"IBN BATTOUTA","08086N","maths_chain2",TRUE,0.478615043457716
"Y3P_4960","Maths",3,0,"ECOLE PRIMAIRE ERHAMNA","01621L","maths_chain2",TRUE,0.4186359315795
"Y3P_4970","Maths",3,1,"ECOLE TIKNI","08099C","maths_chain2",TRUE,0.292828499680342
"Y3P_4981","Maths",3,0,"OUM EL BANINE","26368K","maths_chain2",TRUE,-0.987246089057543
"Y3P_4985","Maths",3,1,"ABDERRAHMANE HJIRA","24457H","maths_chain2",TRUE,-0.146310103433408
"Y3P_4998","Maths",3,0,"ABI BAKR ESSADDIK","01727B","maths_chain2",TRUE,-0.231458060142169
"Y3P_5000","Maths",3,0,"ECOLE PRIMAIRE IBNOU TOFAIL","01625R","maths_chain2",TRUE,0.536849692132646
"Y3P_5038","Maths",3,1,"ECOLE PRIMAIRE ENNOUR","26477D","maths_chain2",TRUE,0.226646953301275
"Y3P_5043","Maths",3,1,"ECOLE PRIMAIRE IBN AL HAYTAM","24791W","maths_chain2",TRUE,0.702371254301949
"Y3P_5051","Maths",3,0,"E ERRAHMA","20901T","maths_chain2",TRUE,-0.622085437039241
"Y3P_5061","Maths",3,0,"E ERRAHMA","20901T","maths_chain2",TRUE,0.292828499680342
"Y3P_5086","Maths",3,0,"AHMED BOUKMAKH","26501E","maths_chain2",TRUE,0.0866786789782106
"Y3P_5091","Maths",3,1,"ECOLE PRIMAIRE ENNOUR","26477D","maths_chain2",TRUE,0.478615043457718
"Y3P_5100","Maths",3,1,"ECOLE OMAR BNOU ALKHATTAB","14019M","maths_chain2",TRUE,0.536849692132646
"Y3P_5133","Maths",3,0,"E DRISS BENZAKRI","25969B","maths_chain2",TRUE,0.95372747704972
"Y3P_5141","Maths",3,1,"ECOLE PRIMAIRE MUSTAPHA EL MAANI","14033C","maths_chain2",TRUE,0.0123902958534408
"Y3P_5150","Maths",3,1,"ECOLE PRIMAIRE MUSTAPHA EL MAANI","14033C","maths_chain2",TRUE,-0.321051723435951
"Y3P_5154","Maths",3,1,"ECOLE EL KARIA","08207V","maths_chain2",TRUE,0.0123902958534403
"Y3P_5160","Maths",3,1,"ECOLE EL KARIA","08207V","maths_chain2",TRUE,-0.622085437039241
"Y3P_5195","Maths",3,1,"ECOLE PRIMAIRE MUSTAPHA EL MAANI","14033C","maths_chain2",TRUE,0.648611734493325
"Y3P_5288","Maths",3,1,"LISSANE EDDINE IBN ALKHATIB","27199N","maths_chain2",TRUE,0.0123902958534412
"Y3P_5316","Maths",3,1,"AL FARABI","27200P","maths_chain2",TRUE,0.702371254301948
"Y3P_5348","Maths",3,1,"ECOLE PRIMAIRE IBN AL HAYTAM","24791W","maths_chain2",TRUE,0.292828499680342
"Y3P_5375","Maths",3,0,"E DRISS BENZAKRI","25969B","maths_chain2",TRUE,0.158008853275079
"Y3P_5420","Maths",3,1,"AL FARABI","27200P","maths_chain2",TRUE,-0.321051723435951
"Y3P_6643","Maths",3,1,"ECOLE IBRAHIM ROUDANI","23361S","maths_chain2",TRUE,0.754853543907607
"Y1_120119","Maths",4,1,"ECOLE PRIMAIRE MUSTAPHA EL MAANI","14033C","maths_chain2",TRUE,-0.4156081299875
"Y3P_1027","Maths",4,1,"IBN BATTOUTA","08086N","maths_chain2",TRUE,0.0123902958534418
"Y3P_1199","Maths",4,1,"ECOLE PRIMAIRE ENNOUR","26477D","maths_chain2",TRUE,-0.0651581191218081
"Y3P_1266","Maths",4,0,"ECOLE PRIMAIRE ELMARWA","27527V","maths_chain2",TRUE,-0.987246089057543
"Y3P_1299","Maths",4,1,"ECOLE MOUAD BEN JABAL","25822S","maths_chain2",TRUE,-0.146310103433408
"Y3P_133","Maths",4,0,"EL FALAH","18168X","maths_chain2",TRUE,-0.987246089057543
"Y3P_1395","Maths",4,1,"AL FARABI","27200P","maths_chain2",TRUE,-0.0651581191218073
"Y3P_1399","Maths",4,1,"LISSANE EDDINE IBN ALKHATIB","27199N","maths_chain2",TRUE,0.478615043457717
"Y3P_1510","Maths",4,0,"E ERRAHMA","20901T","maths_chain2",TRUE,-0.515723260829083
"Y3P_1523","Maths",4,1,"ECOLE IBN TOUFAIL","27147G","maths_chain2",TRUE,-0.515723260829084
"Y3P_1549","Maths",4,1,"AL FARABI","27200P","maths_chain2",TRUE,0.0866786789782121
"Y3P_1561","Maths",4,1,"ECOLE PRIMAIRE IBN AL HAYTAM","24791W","maths_chain2",TRUE,0.754853543907606
"Y3P_1581","Maths",4,0,"E HOMMANE EL FETOUAKI","26461L","maths_chain2",TRUE,-0.622085437039241
"Y3P_1594","Maths",4,0,"E HOMMANE EL FETOUAKI","26461L","maths_chain2",TRUE,0.0123902958534421
"Y3P_1671","Maths",4,0,"ECOLE PRIMAIRE OUED AL MAKHAZINE","01623N","maths_chain2",TRUE,-0.231458060142169
"Y3P_1676","Maths",4,1,"ECOLE SIDI ALI","08138V","maths_chain2",TRUE,0.0866786789782123
"Y3P_1694","Maths",4,1,"ECOLE EL KARIA","08207V","maths_chain2",TRUE,0.226646953301277
"Y3P_1703","Maths",4,1,"ABDERRAHMANE HJIRA","24457H","maths_chain2",TRUE,0.593474665809631
"Y3P_1712","Maths",4,1,"ECOLE EL KARIA","08207V","maths_chain2",TRUE,-0.856857441499208
"Y3P_1714","Maths",4,1,"EL MAKKI ENNACIRI","27094Z","maths_chain2",TRUE,-0.0651581191218071
"Y3P_1733","Maths",4,1,"ECOLE ABDELKRIM EL KHATIB","25823T","maths_chain2",TRUE,0.536849692132647
"Y3P_1735","Maths",4,1,"ECOLE PRIMAIRE MED BELHASSAN AL OUAZZANI","01633Z","maths_chain2",TRUE,0.356762674918497
"Y3P_1744","Maths",4,0,"E ERRAHMA","20901T","maths_chain2",TRUE,-0.415608129987501
"Y3P_1767","Maths",4,1,"ECOLE IBRAHIM ROUDANI","23361S","maths_chain2",TRUE,0.356762674918497
"Y3P_1784","Maths",4,1,"EL MAKKI ENNACIRI","27094Z","maths_chain2",TRUE,0.806150068880982
"Y3P_1791","Maths",4,0,"ABI BAKR ESSADDIK","01727B","maths_chain2",TRUE,0.0123902958534422
"Y3P_1796","Maths",4,1,"ECOLE PRIMAIRE IBN AL HAYTAM","24791W","maths_chain2",TRUE,-0.231458060142169
"Y3P_1818","Maths",4,1,"ECOLE OMAR BNOU ALKHATTAB","14019M","maths_chain2",TRUE,0.356762674918497
"Y3P_1821","Maths",4,0,"MOHAMED ZERKTOUNI","18165U","maths_chain2",TRUE,0.356762674918497
"Y3P_1863","Maths",4,1,"ECOLE MOUAD BEN JABAL","25822S","maths_chain2",TRUE,0.536849692132649
"Y3P_1867","Maths",4,1,"IBN BATTOUTA","08086N","maths_chain2",TRUE,-0.622085437039241
"Y3P_1878","Maths",4,1,"ABDERRAHMANE HJIRA","24457H","maths_chain2",TRUE,-0.0651581191218077
"Y3P_1954","Maths",4,1,"ECOLE SIDI ALI","08138V","maths_chain2",TRUE,0.0123902958534422
"Y3P_1979","Maths",4,1,"ECOLE PRIMAIRE MED BELHASSAN AL OUAZZANI","01633Z","maths_chain2",TRUE,-0.735490372795395
"Y3P_1988","Maths",4,0,"EL FALAH","18168X","maths_chain2",TRUE,-0.231458060142169
"Y3P_1997","Maths",4,0,"E HOMMANE EL FETOUAKI","26461L","maths_chain2",TRUE,-0.321051723435951
"Y3P_2001","Maths",4,1,"ECOLE PRIMAIRE MUSTAPHA EL MAANI","14033C","maths_chain2",TRUE,0.292828499680342
"Y3P_2027","Maths",4,1,"ECOLE PRIMAIRE ENNOUR","26477D","maths_chain2",TRUE,0.478615043457718
"Y3P_2093","Maths",4,0,"E HOMMANE EL FETOUAKI","26461L","maths_chain2",TRUE,0.356762674918497
"Y3P_2108","Maths",4,0,"ECOLE PRIMAIRE AHL LOUGHLAM CHARKIA","01722W","maths_chain2",TRUE,0.012390295853442
"Y3P_2136","Maths",4,0,"E 11 JANVIER","26108C","maths_chain2",TRUE,-0.735490372795395
"Y3P_2154","Maths",4,0,"ECOLE PRIMAIRE  EL KODS","01788T","maths_chain2",TRUE,-0.321051723435951
"Y3P_2221","Maths",4,0,"OUM EL BANINE","26368K","maths_chain2",TRUE,-0.515723260829084
"Y3P_2231","Maths",4,0,"ECOLE PRIMAIRE IBNOU TOFAIL","01625R","maths_chain2",TRUE,0.70237125430195
"Y3P_2265","Maths",4,1,"AL FARABI","27200P","maths_chain2",TRUE,0.292828499680343
"Y3P_2267","Maths",4,0,"AHMED BOUKMAKH","26501E","maths_chain2",TRUE,-0.735490372795395
"Y3P_2275","Maths",4,0,"ABI BAKR ESSADDIK","01727B","maths_chain2",TRUE,-1.44549451941188
"Y3P_2278","Maths",4,1,"IBN BATTOUTA","08086N","maths_chain2",TRUE,-0.32105172343595
"Y3P_2285","Maths",4,0,"EL FALAH","18168X","maths_chain2",TRUE,0.0866786789782126
"Y3P_2345","Maths",4,0,"ECOLE PRIMAIRE SOUALEM","14375Z","maths_chain2",TRUE,-0.856857441499207
"Y3P_2350","Maths",4,1,"LISSANE EDDINE IBN ALKHATIB","27199N","maths_chain2",TRUE,0.0866786789782114
"Y3P_2358","Maths",4,0,"ECOLE PRIMAIRE ERHAMNA","01621L","maths_chain2",TRUE,-1.44549451941188
"Y3P_2387","Maths",4,1,"ECOLE OMAR BNOU ALKHATTAB","14019M","maths_chain2",TRUE,0.0866786789782122
"Y3P_2400","Maths",4,1,"IBNOU MISSKAWAIHE","27772L","maths_chain2",TRUE,-1.12787028635287
"Y3P_2407","Maths",4,0,"MOHAMED ZERKTOUNI","18165U","maths_chain2",TRUE,-0.622085437039242
"Y3P_2408","Maths",4,0,"ECOLE PRIMAIRE  EL KODS","01788T","maths_chain2",TRUE,-0.735490372795395
"Y3P_2428","Maths",4,1,"ECOLE PRIMAIRE IBN AL HAYTAM","24791W","maths_chain2",TRUE,-0.856857441499208
"Y3P_2467","Maths",4,1,"ECOLE IBN TOUFAIL","27147G","maths_chain2",TRUE,-0.0651581191218076
"Y3P_2497","Maths",4,0,"ECOLE PRIMAIRE IBNOU TOFAIL","01625R","maths_chain2",TRUE,-0.856857441499208
"Y3P_2550","Maths",4,1,"ECOLE PRIMAIRE MUSTAPHA EL MAANI","14033C","maths_chain2",TRUE,-0.146310103433406
"Y3P_2554","Maths",4,1,"ECOLE IBN TOUFAIL","27147G","maths_chain2",TRUE,-0.415608129987501
"Y3P_2561","Maths",4,1,"IBN BATTOUTA","08086N","maths_chain2",TRUE,0.478615043457718
"Y3P_262","Maths",4,1,"ECOLE ABDELKRIM EL KHATIB","25823T","maths_chain2",TRUE,-0.622085437039242
"Y3P_2701","Maths",4,1,"ECOLE PRIMAIRE ENNOUR","26477D","maths_chain2",TRUE,-0.4156081299875
"Y3P_2754","Maths",4,1,"IBN BATTOUTA","08086N","maths_chain2",TRUE,-0.231458060142168
"Y3P_2783","Maths",4,0,"ECOLE PRIMAIRE ELMARWA","27527V","maths_chain2",TRUE,0.702371254301949
"Y3P_2784","Maths",4,0,"ECOLE PRIMAIRE ELMARWA","27527V","maths_chain2",TRUE,-0.856857441499207
"Y3P_2802","Maths",4,0,"E DRISS BENZAKRI","25969B","maths_chain2",TRUE,-1.44549451941188
"Y3P_2812","Maths",4,0,"ECOLE PRIMAIRE SOUALEM","14375Z","maths_chain2",TRUE,-0.0651581191218081
"Y3P_2833","Maths",4,0,"ECOLE PRIMAIRE  ALI BNOU ABITALEB","25998H","maths_chain2",TRUE,-0.146310103433407
"Y3P_2839","Maths",4,1,"ECOLE SIDI ALI","08138V","maths_chain2",TRUE,0.0866786789782126
"Y3P_2843","Maths",4,1,"ECOLE SIDI ALI","08138V","maths_chain2",TRUE,0.478615043457718
"Y3P_2883","Maths",4,1,"ECOLE ABDELKRIM EL KHATIB","25823T","maths_chain2",TRUE,-0.146310103433407
"Y3P_2899","Maths",4,0,"OUM EL BANINE","26368K","maths_chain2",TRUE,0.086678678978212
"Y3P_2903","Maths",4,0,"E 11 JANVIER","26108C","maths_chain2",TRUE,0.702371254301952
"Y3P_2920","Maths",4,0,"ECOLE PRIMAIRE ERHAMNA","01621L","maths_chain2",TRUE,0.226646953301276
"Y3P_2929","Maths",4,1,"ENNAHDA","18163S","maths_chain2",TRUE,0.478615043457718
"Y3P_2933","Maths",4,1,"ECOLE PRIMAIRE MUSTAPHA EL MAANI","14033C","maths_chain2",TRUE,-0.0651581191218073
"Y3P_2944","Maths",4,1,"EL MAKKI ENNACIRI","27094Z","maths_chain2",TRUE,0.0123902958534415
"Y3P_2989","Maths",4,0,"ECOLE PRIMAIRE ERHAMNA","01621L","maths_chain2",TRUE,-0.622085437039242
"Y3P_3032","Maths",4,0,"CENTRALE EL AOUNATE","08101E","maths_chain2",TRUE,0.593474665809632
"Y3P_3036","Maths",4,1,"ECOLE OMAR BNOU ALKHATTAB","14019M","maths_chain2",TRUE,0.648611734493326
"Y3P_3050","Maths",4,1,"ECOLE PRIMAIRE MED BELHASSAN AL OUAZZANI","01633Z","maths_chain2",TRUE,-0.622085437039242
"Y3P_3079","Maths",4,1,"IBNOU MISSKAWAIHE","27772L","maths_chain2",TRUE,0.0123902958534417
"Y3P_3119","Maths",4,0,"ECOLE PRIMAIRE SOUALEM","14375Z","maths_chain2",TRUE,-0.0651581191218065
"Y3P_3209","Maths",4,1,"ENNAHDA","18163S","maths_chain2",TRUE,0.226646953301277
"Y3P_3216","Maths",4,1,"ECOLE TIKNI","08099C","maths_chain2",TRUE,0.856344464972152
"Y3P_3232","Maths",4,1,"ECOLE MOUAD BEN JABAL","25822S","maths_chain2",TRUE,0.158008853275081
"Y3P_3237","Maths",4,0,"ABI BAKR ESSADDIK","01727B","maths_chain2",TRUE,0.648611734493325
"Y3P_3240","Maths",4,1,"ECOLE IBRAHIM ROUDANI","23361S","maths_chain2",TRUE,0.292828499680343
"Y3P_3246","Maths",4,1,"ECOLE PRIMAIRE MOHAMED ZARKTOUNI","24698V","maths_chain2",TRUE,0.478615043457718
"Y3P_3249","Maths",4,1,"IBNOU MISSKAWAIHE","27772L","maths_chain2",TRUE,0.536849692132647
"Y3P_3270","Maths",4,0,"E ERRAHMA","20901T","maths_chain2",TRUE,0.292828499680343
"Y3P_3277","Maths",4,0,"MOHAMED ZERKTOUNI","18165U","maths_chain2",TRUE,0.226646953301276
"Y3P_3280","Maths",4,1,"ENNAHDA","18163S","maths_chain2",TRUE,0.292828499680343
"Y3P_3288","Maths",4,0,"ECOLE PRIMAIRE  ALI BNOU ABITALEB","25998H","maths_chain2",TRUE,0.226646953301277
"Y3P_3293","Maths",4,1,"AL FARABI","27200P","maths_chain2",TRUE,0.856344464972156
"Y3P_3295","Maths",4,1,"ENNAHDA","18163S","maths_chain2",TRUE,0.59347466580963
"Y3P_3300","Maths",4,1,"AL FARABI","27200P","maths_chain2",TRUE,0.536849692132647
"Y3P_3343","Maths",4,0,"OULED SIDI ABDENNEBI","01738N","maths_chain2",TRUE,0.478615043457717
"Y3P_3344","Maths",4,0,"OULED SIDI ABDENNEBI","01738N","maths_chain2",TRUE,0.536849692132647
"Y3P_3354","Maths",4,1,"ECOLE PRIMAIRE MOHAMED ZARKTOUNI","24698V","maths_chain2",TRUE,-0.231458060142169
"Y3P_3369","Maths",4,1,"ECOLE PRIMAIRE MOHAMED ZARKTOUNI","24698V","maths_chain2",TRUE,0.226646953301277
"Y3P_3371","Maths",4,0,"OULED SIDI ABDENNEBI","01738N","maths_chain2",TRUE,0.478615043457718
"Y3P_3375","Maths",4,1,"ECOLE PRIMAIRE IBN AL HAYTAM","24791W","maths_chain2",TRUE,0.85634446497215
"Y3P_3396","Maths",4,0,"ECOLE PRIMAIRE  ALI BNOU ABITALEB","25998H","maths_chain2",TRUE,-0.856857441499207
"Y3P_3402","Maths",4,0,"ECOLE PRIMAIRE SOUALEM","14375Z","maths_chain2",TRUE,-0.856857441499207
"Y3P_3406","Maths",4,0,"OULED SIDI ABDENNEBI","01738N","maths_chain2",TRUE,-0.987246089057543
"Y3P_3412","Maths",4,1,"ECOLE PRIMAIRE MOHAMED ZARKTOUNI","24698V","maths_chain2",TRUE,0.59347466580963
"Y3P_3422","Maths",4,0,"OUM EL BANINE","26368K","maths_chain2",TRUE,0.418635931579501
"Y3P_3424","Maths",4,1,"ENNAHDA","18163S","maths_chain2",TRUE,0.536849692132647
"Y3P_3438","Maths",4,0,"ABI BAKR ESSADDIK","01727B","maths_chain2",TRUE,-1.12787028635287
"Y3P_3442","Maths",4,0,"ECOLE PRIMAIRE ELMARWA","27527V","maths_chain2",TRUE,-1.28010727746208
"Y3P_3455","Maths",4,0,"ECOLE PRIMAIRE  ALI BNOU ABITALEB","25998H","maths_chain2",TRUE,-0.622085437039242
"Y3P_3458","Maths",4,0,"CENTRALE EL AOUNATE","08101E","maths_chain2",TRUE,-1.28010727746208
"Y3P_3459","Maths",4,0,"CENTRALE EL AOUNATE","08101E","maths_chain2",TRUE,0.226646953301277
"Y3P_3463","Maths",4,0,"CENTRALE EL AOUNATE","08101E","maths_chain2",TRUE,0.418635931579501
"Y3P_3487","Maths",4,0,"ECOLE PRIMAIRE ELMARWA","27527V","maths_chain2",TRUE,-0.735490372795395
"Y3P_3511","Maths",4,0,"ECOLE PRIMAIRE OUED AL MAKHAZINE","01623N","maths_chain2",TRUE,-0.065158119121808
"Y3P_3518","Maths",4,0,"ECOLE PRIMAIRE OUED AL MAKHAZINE","01623N","maths_chain2",TRUE,0.292828499680343
"Y3P_3524","Maths",4,0,"ECOLE PRIMAIRE ERHAMNA","01621L","maths_chain2",TRUE,-0.0651581191218073
"Y3P_3531","Maths",4,0,"ECOLE PRIMAIRE ERHAMNA","01621L","maths_chain2",TRUE,-0.987246089057543
"Y3P_3533","Maths",4,1,"ECOLE IBRAHIM ROUDANI","23361S","maths_chain2",TRUE,0.648611734493324
"Y3P_3534","Maths",4,1,"ECOLE IBRAHIM ROUDANI","23361S","maths_chain2",TRUE,0.0866786789782115
"Y3P_3539","Maths",4,1,"EL MAKKI ENNACIRI","27094Z","maths_chain2",TRUE,0.0123902958534417
"Y3P_3540","Maths",4,0,"ECOLE PRIMAIRE  EL KODS","01788T","maths_chain2",TRUE,-0.146310103433407
"Y3P_3547","Maths",4,0,"ECOLE PRIMAIRE  EL KODS","01788T","maths_chain2",TRUE,0.226646953301277
"Y3P_3550","Maths",4,0,"ECOLE PRIMAIRE  EL KODS","01788T","maths_chain2",TRUE,0.418635931579501
"Y3P_3558","Maths",4,0,"E OUKBA BNOU NAFII","25341U","maths_chain2",TRUE,0.536849692132648
"Y3P_3564","Maths",4,0,"E OUKBA BNOU NAFII","25341U","maths_chain2",TRUE,0.226646953301278
"Y3P_3566","Maths",4,0,"E OUKBA BNOU NAFII","25341U","maths_chain2",TRUE,0.356762674918498
"Y3P_3584","Maths",4,0,"E OUKBA BNOU NAFII","25341U","maths_chain2",TRUE,0.292828499680343
"Y3P_3589","Maths",4,0,"MOHAMED ZERKTOUNI","18165U","maths_chain2",TRUE,-0.321051723435951
"Y3P_3590","Maths",4,0,"ECOLE PRIMAIRE OUED AL MAKHAZINE","01623N","maths_chain2",TRUE,-0.856857441499207
"Y3P_3601","Maths",4,1,"LISSANE EDDINE IBN ALKHATIB","27199N","maths_chain2",TRUE,0.593474665809631
"Y3P_3612","Maths",4,1,"ECOLE PRIMAIRE ENNOUR","26477D","maths_chain2",TRUE,0.356762674918497
"Y3P_3616","Maths",4,1,"LISSANE EDDINE IBN ALKHATIB","27199N","maths_chain2",TRUE,0.292828499680344
"Y3P_3621","Maths",4,0,"EL FALAH","18168X","maths_chain2",TRUE,-0.622085437039242
"Y3P_3638","Maths",4,0,"E 11 JANVIER","26108C","maths_chain2",TRUE,-0.0651581191218081
"Y3P_3650","Maths",4,0,"E 11 JANVIER","26108C","maths_chain2",TRUE,0.356762674918497
"Y3P_3656","Maths",4,0,"ECOLE PRIMAIRE IBNOU TOFAIL","01625R","maths_chain2",TRUE,0.648611734493324
"Y3P_3663","Maths",4,0,"ECOLE PRIMAIRE AHL LOUGHLAM CHARKIA","01722W","maths_chain2",TRUE,0.292828499680343
"Y3P_3664","Maths",4,0,"ECOLE PRIMAIRE AHL LOUGHLAM CHARKIA","01722W","maths_chain2",TRUE,0.356762674918497
"Y3P_3670","Maths",4,0,"ECOLE PRIMAIRE AHL LOUGHLAM CHARKIA","01722W","maths_chain2",TRUE,0.356762674918497
"Y3P_3690","Maths",4,1,"ECOLE MOUAD BEN JABAL","25822S","maths_chain2",TRUE,-0.515723260829084
"Y3P_3707","Maths",4,1,"ECOLE SIDI ALI","08138V","maths_chain2",TRUE,-0.146310103433406
"Y3P_3709","Maths",4,1,"ABDERRAHMANE HJIRA","24457H","maths_chain2",TRUE,0.536849692132647
"Y3P_3722","Maths",4,1,"ECOLE PRIMAIRE IBN AL HAYTAM","24791W","maths_chain2",TRUE,-0.856857441499207
"Y3P_3723","Maths",4,1,"ECOLE PRIMAIRE MED BELHASSAN AL OUAZZANI","01633Z","maths_chain2",TRUE,-0.987246089057543
"Y3P_3730","Maths",4,1,"ECOLE PRIMAIRE MED BELHASSAN AL OUAZZANI","01633Z","maths_chain2",TRUE,-0.987246089057543
"Y3P_3740","Maths",4,1,"LISSANE EDDINE IBN ALKHATIB","27199N","maths_chain2",TRUE,0.0123902958534426
"Y3P_3741","Maths",4,1,"ECOLE TIKNI","08099C","maths_chain2",TRUE,0.70237125430195
"Y3P_3756","Maths",4,1,"ECOLE TIKNI","08099C","maths_chain2",TRUE,0.226646953301278
"Y3P_3757","Maths",4,0,"MOHAMED ZERKTOUNI","18165U","maths_chain2",TRUE,-0.515723260829084
"Y3P_3764","Maths",4,1,"IBNOU MISSKAWAIHE","27772L","maths_chain2",TRUE,0.15800885327508
"Y3P_3766","Maths",4,0,"AHMED BOUKMAKH","26501E","maths_chain2",TRUE,0.418635931579502
"Y3P_3767","Maths",4,0,"E DRISS BENZAKRI","25969B","maths_chain2",TRUE,0.478615043457717
"Y3P_3768","Maths",4,1,"ECOLE EL KARIA","08207V","maths_chain2",TRUE,-0.231458060142169
"Y3P_3770","Maths",4,1,"ECOLE EL KARIA","08207V","maths_chain2",TRUE,0.0123902958534417
"Y3P_3780","Maths",4,1,"ECOLE OMAR BNOU ALKHATTAB","14019M","maths_chain2",TRUE,0.0866786789782116
"Y3P_3789","Maths",4,1,"EL MAKKI ENNACIRI","27094Z","maths_chain2",TRUE,-0.0651581191218063
"Y3P_3793","Maths",4,0,"ECOLE PRIMAIRE IBNOU TOFAIL","01625R","maths_chain2",TRUE,0.478615043457717
"Y3P_3797","Maths",4,1,"ECOLE MOUAD BEN JABAL","25822S","maths_chain2",TRUE,0.536849692132648
"Y3P_3799","Maths",4,0,"AHMED BOUKMAKH","26501E","maths_chain2",TRUE,-0.231458060142169
"Y3P_3802","Maths",4,0,"EL FALAH","18168X","maths_chain2",TRUE,0.356762674918496
"Y3P_3809","Maths",4,0,"AHMED BOUKMAKH","26501E","maths_chain2",TRUE,0.15800885327508
"Y3P_3811","Maths",4,0,"ECOLE PRIMAIRE  ALI BNOU ABITALEB","25998H","maths_chain2",TRUE,-0.146310103433407
"Y3P_3812","Maths",4,1,"ECOLE TIKNI","08099C","maths_chain2",TRUE,0.356762674918497
"Y3P_3820","Maths",4,0,"CENTRALE EL AOUNATE","08101E","maths_chain2",TRUE,-0.515723260829084
"Y3P_3823","Maths",4,0,"ECOLE PRIMAIRE AHL LOUGHLAM CHARKIA","01722W","maths_chain2",TRUE,0.648611734493325
"Y3P_3837","Maths",4,0,"AHMED BOUKMAKH","26501E","maths_chain2",TRUE,-0.622085437039241
"Y3P_3856","Maths",4,1,"ECOLE ABDELKRIM EL KHATIB","25823T","maths_chain2",TRUE,0.478615043457716
"Y3P_3869","Maths",4,0,"OUM EL BANINE","26368K","maths_chain2",TRUE,0.292828499680343
"Y3P_3873","Maths",4,0,"ABI BAKR ESSADDIK","01727B","maths_chain2",TRUE,-0.856857441499207
"Y3P_3887","Maths",4,0,"E ERRAHMA","20901T","maths_chain2",TRUE,0.226646953301277
"Y3P_3889","Maths",4,0,"E ERRAHMA","20901T","maths_chain2",TRUE,-1.12787028635287
"Y3P_3899","Maths",4,0,"ECOLE PRIMAIRE IBNOU TOFAIL","01625R","maths_chain2",TRUE,-1.44549451941188
"Y3P_3914","Maths",4,1,"ABDERRAHMANE HJIRA","24457H","maths_chain2",TRUE,0.0866786789782121
"Y3P_3935","Maths",4,1,"ECOLE PRIMAIRE ENNOUR","26477D","maths_chain2",TRUE,-0.515723260829084
"Y3P_3965","Maths",4,0,"E DRISS BENZAKRI","25969B","maths_chain2",TRUE,0.292828499680342
"Y3P_3969","Maths",4,0,"E DRISS BENZAKRI","25969B","maths_chain2",TRUE,-0.4156081299875
"Y3P_3973","Maths",4,1,"ECOLE ABDELKRIM EL KHATIB","25823T","maths_chain2",TRUE,-0.146310103433407
"Y3P_3976","Maths",4,0,"E DRISS BENZAKRI","25969B","maths_chain2",TRUE,-0.856857441499207
"Y3P_3993","Maths",4,1,"ECOLE IBN TOUFAIL","27147G","maths_chain2",TRUE,0.226646953301277
"Y3P_4005","Maths",4,0,"E HOMMANE EL FETOUAKI","26461L","maths_chain2",TRUE,0.356762674918496
"Y3P_4007","Maths",4,1,"ECOLE PRIMAIRE MUSTAPHA EL MAANI","14033C","maths_chain2",TRUE,-0.231458060142169
"Y3P_4023","Maths",4,1,"ABDERRAHMANE HJIRA","24457H","maths_chain2",TRUE,0.593474665809632
"Y3P_4032","Maths",4,0,"OUM EL BANINE","26368K","maths_chain2",TRUE,-0.146310103433407
"Y3P_4036","Maths",4,1,"ECOLE OMAR BNOU ALKHATTAB","14019M","maths_chain2",TRUE,0.593474665809632
"Y3P_4070","Maths",4,1,"IBNOU MISSKAWAIHE","27772L","maths_chain2",TRUE,0.648611734493326
"Y3P_4071","Maths",4,0,"E 11 JANVIER","26108C","maths_chain2",TRUE,0.226646953301276
"Y3P_4088","Maths",4,0,"E OUKBA BNOU NAFII","25341U","maths_chain2",TRUE,0.012390295853442
"Y3P_4092","Maths",4,1,"ECOLE PRIMAIRE MOHAMED ZARKTOUNI","24698V","maths_chain2",TRUE,0.593474665809633
"Y3P_4117","Maths",4,1,"ECOLE IBRAHIM ROUDANI","23361S","maths_chain2",TRUE,0.0123902958534415
"Y3P_4149","Maths",4,0,"OULED SIDI ABDENNEBI","01738N","maths_chain2",TRUE,0.418635931579501
"Y3P_496","Maths",4,1,"ECOLE EL KARIA","08207V","maths_chain2",TRUE,-0.987246089057542
"Y3P_599","Maths",4,0,"ECOLE PRIMAIRE SOUALEM","14375Z","maths_chain2",TRUE,-0.856857441499208
"Y3P_62","Maths",4,1,"ECOLE TIKNI","08099C","maths_chain2",TRUE,-0.0651581191218064
"Y3P_623","Maths",4,1,"ECOLE IBN TOUFAIL","27147G","maths_chain2",TRUE,0.226646953301277
"Y3P_773","Maths",4,0,"ECOLE PRIMAIRE OUED AL MAKHAZINE","01623N","maths_chain2",TRUE,-0.415608129987501
"Y3P_1052","Maths",5,1,"IBNOU MISSKAWAIHE","27772L","maths_chain2",TRUE,0.356762674918498
"Y3P_1084","Maths",5,1,"ABDERRAHMANE HJIRA","24457H","maths_chain2",TRUE,0.593474665809628
"Y3P_116","Maths",5,1,"EL MAKKI ENNACIRI","27094Z","maths_chain2",TRUE,-1.44549451941188
"Y3P_1161","Maths",5,1,"ECOLE SIDI ALI","08138V","maths_chain2",TRUE,0.0866786789782119
"Y3P_1165","Maths",5,0,"E HOMMANE EL FETOUAKI","26461L","maths_chain2",TRUE,-0.987246089057543
"Y3P_1220","Maths",5,0,"ECOLE PRIMAIRE IBNOU TOFAIL","01625R","maths_chain2",TRUE,-0.515723260829084
"Y3P_1245","Maths",5,1,"ECOLE OMAR BNOU ALKHATTAB","14019M","maths_chain2",TRUE,0.292828499680344
"Y3P_1321","Maths",5,0,"EL FALAH","18168X","maths_chain2",TRUE,-0.146310103433408
"Y3P_1452","Maths",5,1,"ECOLE PRIMAIRE ENNOUR","26477D","maths_chain2",TRUE,0.158008853275082
"Y3P_1473","Maths",5,0,"ECOLE PRIMAIRE ELMARWA","27527V","maths_chain2",TRUE,-0.987246089057543
"Y3P_1517","Maths",5,1,"ECOLE IBN TOUFAIL","27147G","maths_chain2",TRUE,0.593474665809632
"Y3P_1531","Maths",5,1,"ECOLE OMAR BNOU ALKHATTAB","14019M","maths_chain2",TRUE,-0.0651581191218084
"Y3P_1541","Maths",5,1,"ECOLE PRIMAIRE IBN AL HAYTAM","24791W","maths_chain2",TRUE,0.158008853275081
"Y3P_1593","Maths",5,1,"ECOLE IBN TOUFAIL","27147G","maths_chain2",TRUE,0.593474665809634
"Y3P_1605","Maths",5,0,"ECOLE PRIMAIRE  ALI BNOU ABITALEB","25998H","maths_chain2",TRUE,-0.622085437039241
"Y3P_1629","Maths",5,0,"E ERRAHMA","20901T","maths_chain2",TRUE,-0.415608129987501
"Y3P_165","Maths",5,0,"ECOLE PRIMAIRE  EL KODS","01788T","maths_chain2",TRUE,-0.856857441499207
"Y3P_1653","Maths",5,1,"AL FARABI","27200P","maths_chain2",TRUE,0.702371254301952
"Y3P_1656","Maths",5,1,"ECOLE IBN TOUFAIL","27147G","maths_chain2",TRUE,0.418635931579502
"Y3P_1684","Maths",5,1,"ECOLE OMAR BNOU ALKHATTAB","14019M","maths_chain2",TRUE,0.226646953301278
"Y3P_1709","Maths",5,0,"ECOLE PRIMAIRE  ALI BNOU ABITALEB","25998H","maths_chain2",TRUE,0.356762674918498
"Y3P_1726","Maths",5,1,"IBNOU MISSKAWAIHE","27772L","maths_chain2",TRUE,0.47861504345772
"Y3P_1729","Maths",5,1,"ENNAHDA","18163S","maths_chain2",TRUE,0.0123902958534413
"Y3P_1746","Maths",5,0,"ECOLE PRIMAIRE IBNOU TOFAIL","01625R","maths_chain2",TRUE,0.754853543907605
"Y3P_1787","Maths",5,1,"ECOLE IBRAHIM ROUDANI","23361S","maths_chain2",TRUE,-0.0651581191218083
"Y3P_1795","Maths",5,1,"ECOLE MOUAD BEN JABAL","25822S","maths_chain2",TRUE,0.53684969213265
"Y3P_1809","Maths",5,0,"ABI BAKR ESSADDIK","01727B","maths_chain2",TRUE,-0.987246089057543
"Y3P_1825","Maths",5,1,"ECOLE PRIMAIRE MUSTAPHA EL MAANI","14033C","maths_chain2",TRUE,0.226646953301278
"Y3P_1832","Maths",5,1,"LISSANE EDDINE IBN ALKHATIB","27199N","maths_chain2",TRUE,0.70237125430195
"Y3P_1844","Maths",5,0,"ABI BAKR ESSADDIK","01727B","maths_chain2",TRUE,-0.415608129987501
"Y3P_1847","Maths",5,0,"OUM EL BANINE","26368K","maths_chain2",TRUE,-0.32105172343595
"Y3P_1850","Maths",5,1,"ENNAHDA","18163S","maths_chain2",TRUE,0.226646953301278
"Y3P_1859","Maths",5,0,"AHMED BOUKMAKH","26501E","maths_chain2",TRUE,0.648611734493328
"Y3P_1866","Maths",5,1,"ABDERRAHMANE HJIRA","24457H","maths_chain2",TRUE,-0.415608129987501
"Y3P_1889","Maths",5,0,"ECOLE PRIMAIRE  ALI BNOU ABITALEB","25998H","maths_chain2",TRUE,-0.321051723435952
"Y3P_1900","Maths",5,1,"IBN BATTOUTA","08086N","maths_chain2",TRUE,0.593474665809634
"Y3P_1914","Maths",5,0,"MOHAMED ZERKTOUNI","18165U","maths_chain2",TRUE,-0.415608129987501
"Y3P_1918","Maths",5,0,"CENTRALE EL AOUNATE","08101E","maths_chain2",TRUE,-0.415608129987501
"Y3P_1927","Maths",5,0,"OULED SIDI ABDENNEBI","01738N","maths_chain2",TRUE,0.3567626749185
"Y3P_1932","Maths",5,0,"OULED SIDI ABDENNEBI","01738N","maths_chain2",TRUE,0.0866786789782128
"Y3P_1933","Maths",5,0,"OULED SIDI ABDENNEBI","01738N","maths_chain2",TRUE,0.0866786789782115
"Y3P_1939","Maths",5,0,"CENTRALE EL AOUNATE","08101E","maths_chain2",TRUE,-0.321051723435951
"Y3P_1946","Maths",5,0,"AHMED BOUKMAKH","26501E","maths_chain2",TRUE,0.70237125430195
"Y3P_195","Maths",5,1,"ECOLE PRIMAIRE MUSTAPHA EL MAANI","14033C","maths_chain2",TRUE,-0.146310103433408
"Y3P_1953","Maths",5,0,"CENTRALE EL AOUNATE","08101E","maths_chain2",TRUE,-0.856857441499207
"Y3P_1957","Maths",5,1,"ECOLE PRIMAIRE MED BELHASSAN AL OUAZZANI","01633Z","maths_chain2",TRUE,-0.856857441499207
"Y3P_1972","Maths",5,1,"ECOLE PRIMAIRE MED BELHASSAN AL OUAZZANI","01633Z","maths_chain2",TRUE,0.0866786789782126
"Y3P_1974","Maths",5,1,"ECOLE PRIMAIRE MED BELHASSAN AL OUAZZANI","01633Z","maths_chain2",TRUE,0.418635931579502
"Y3P_1980","Maths",5,1,"ECOLE PRIMAIRE MED BELHASSAN AL OUAZZANI","01633Z","maths_chain2",TRUE,-0.415608129987501
"Y3P_1986","Maths",5,0,"OULED SIDI ABDENNEBI","01738N","maths_chain2",TRUE,0.158008853275082
"Y3P_1996","Maths",5,1,"ECOLE PRIMAIRE MUSTAPHA EL MAANI","14033C","maths_chain2",TRUE,-1.28010727746208
"Y3P_2000","Maths",5,1,"ECOLE ABDELKRIM EL KHATIB","25823T","maths_chain2",TRUE,0.292828499680343
"Y3P_2002","Maths",5,1,"ECOLE ABDELKRIM EL KHATIB","25823T","maths_chain2",TRUE,0.226646953301279
"Y3P_2030","Maths",5,1,"ENNAHDA","18163S","maths_chain2",TRUE,0.292828499680345
"Y3P_2031","Maths",5,1,"LISSANE EDDINE IBN ALKHATIB","27199N","maths_chain2",TRUE,0.292828499680344
"Y3P_2033","Maths",5,1,"LISSANE EDDINE IBN ALKHATIB","27199N","maths_chain2",TRUE,-0.622085437039242
"Y3P_2038","Maths",5,1,"ENNAHDA","18163S","maths_chain2",TRUE,0.754853543907611
"Y3P_2070","Maths",5,1,"ECOLE PRIMAIRE MOHAMED ZARKTOUNI","24698V","maths_chain2",TRUE,-0.146310103433407
"Y3P_2075","Maths",5,0,"ECOLE PRIMAIRE AHL LOUGHLAM CHARKIA","01722W","maths_chain2",TRUE,0.806150068880979
"Y3P_2077","Maths",5,1,"ECOLE PRIMAIRE MOHAMED ZARKTOUNI","24698V","maths_chain2",TRUE,0.158008853275081
"Y3P_2081","Maths",5,1,"ECOLE PRIMAIRE MOHAMED ZARKTOUNI","24698V","maths_chain2",TRUE,0.15800885327508
"Y3P_2085","Maths",5,1,"ECOLE PRIMAIRE MOHAMED ZARKTOUNI","24698V","maths_chain2",TRUE,0.418635931579502
"Y3P_2087","Maths",5,1,"ECOLE PRIMAIRE MOHAMED ZARKTOUNI","24698V","maths_chain2",TRUE,0.292828499680343
"Y3P_2096","Maths",5,0,"ECOLE PRIMAIRE AHL LOUGHLAM CHARKIA","01722W","maths_chain2",TRUE,0.754853543907607
"Y3P_2105","Maths",5,0,"ECOLE PRIMAIRE AHL LOUGHLAM CHARKIA","01722W","maths_chain2",TRUE,-0.622085437039242
"Y3P_2106","Maths",5,1,"AL FARABI","27200P","maths_chain2",TRUE,-0.515723260829084
"Y3P_2109","Maths",5,0,"ECOLE PRIMAIRE AHL LOUGHLAM CHARKIA","01722W","maths_chain2",TRUE,-0.515723260829084
"Y3P_2114","Maths",5,1,"ECOLE IBRAHIM ROUDANI","23361S","maths_chain2",TRUE,-0.231458060142169
"Y3P_2117","Maths",5,1,"ECOLE IBRAHIM ROUDANI","23361S","maths_chain2",TRUE,-1.28010727746208
"Y3P_2131","Maths",5,0,"E ERRAHMA","20901T","maths_chain2",TRUE,0.593474665809634
"Y3P_2132","Maths",5,0,"E ERRAHMA","20901T","maths_chain2",TRUE,-0.515723260829084
"Y3P_2143","Maths",5,0,"E 11 JANVIER","26108C","maths_chain2",TRUE,0.702371254301951
"Y3P_2166","Maths",5,0,"E DRISS BENZAKRI","25969B","maths_chain2",TRUE,-0.622085437039242
"Y3P_2167","Maths",5,0,"E DRISS BENZAKRI","25969B","maths_chain2",TRUE,-0.23145806014217
"Y3P_2189","Maths",5,1,"ECOLE MOUAD BEN JABAL","25822S","maths_chain2",TRUE,0.418635931579503
"Y3P_2203","Maths",5,0,"EL FALAH","18168X","maths_chain2",TRUE,-0.856857441499207
"Y3P_2210","Maths",5,1,"ECOLE PRIMAIRE ENNOUR","26477D","maths_chain2",TRUE,0.478615043457718
"Y3P_2220","Maths",5,0,"OUM EL BANINE","26368K","maths_chain2",TRUE,-0.622085437039242
"Y3P_2243","Maths",5,0,"ECOLE PRIMAIRE  ALI BNOU ABITALEB","25998H","maths_chain2",TRUE,0.158008853275081
"Y3P_2247","Maths",5,0,"E OUKBA BNOU NAFII","25341U","maths_chain2",TRUE,0.418635931579501
"Y3P_2250","Maths",5,0,"ECOLE PRIMAIRE AHL LOUGHLAM CHARKIA","01722W","maths_chain2",TRUE,-0.622085437039242
"Y3P_2264","Maths",5,0,"ABI BAKR ESSADDIK","01727B","maths_chain2",TRUE,-0.735490372795395
"Y3P_2269","Maths",5,0,"AHMED BOUKMAKH","26501E","maths_chain2",TRUE,0.418635931579503
"Y3P_2272","Maths",5,1,"ECOLE OMAR BNOU ALKHATTAB","14019M","maths_chain2",TRUE,0.593474665809632
"Y3P_2280","Maths",5,1,"IBN BATTOUTA","08086N","maths_chain2",TRUE,0.0866786789782119
"Y3P_2282","Maths",5,1,"IBN BATTOUTA","08086N","maths_chain2",TRUE,0.754853543907611
"Y3P_2288","Maths",5,0,"ECOLE PRIMAIRE ERHAMNA","01621L","maths_chain2",TRUE,0.292828499680344
"Y3P_2295","Maths",5,0,"CENTRALE EL AOUNATE","08101E","maths_chain2",TRUE,-0.987246089057543
"Y3P_2304","Maths",5,0,"AHMED BOUKMAKH","26501E","maths_chain2",TRUE,0.648611734493328
"Y3P_231","Maths",5,0,"E HOMMANE EL FETOUAKI","26461L","maths_chain2",TRUE,-1.44549451941188
"Y3P_2310","Maths",5,1,"IBN BATTOUTA","08086N","maths_chain2",TRUE,-0.415608129987501
"Y3P_2314","Maths",5,1,"ABDERRAHMANE HJIRA","24457H","maths_chain2",TRUE,-0.321051723435951
"Y3P_2316","Maths",5,1,"ABDERRAHMANE HJIRA","24457H","maths_chain2",TRUE,-0.515723260829084
"Y3P_232","Maths",5,0,"E HOMMANE EL FETOUAKI","26461L","maths_chain2",TRUE,-1.44549451941188
"Y3P_2320","Maths",5,0,"ECOLE PRIMAIRE SOUALEM","14375Z","maths_chain2",TRUE,-0.515723260829084
"Y3P_2336","Maths",5,0,"ECOLE PRIMAIRE SOUALEM","14375Z","maths_chain2",TRUE,-0.231458060142169
"Y3P_2359","Maths",5,0,"ECOLE PRIMAIRE ERHAMNA","01621L","maths_chain2",TRUE,-0.0651581191218074
"Y3P_2362","Maths",5,0,"ECOLE PRIMAIRE ERHAMNA","01621L","maths_chain2",TRUE,-0.735490372795395
"Y3P_2370","Maths",5,1,"IBNOU MISSKAWAIHE","27772L","maths_chain2",TRUE,0.536849692132649
"Y3P_2373","Maths",5,1,"ECOLE ABDELKRIM EL KHATIB","25823T","maths_chain2",TRUE,0.158008853275081
"Y3P_2376","Maths",5,1,"ECOLE OMAR BNOU ALKHATTAB","14019M","maths_chain2",TRUE,0.418635931579502
"Y3P_2380","Maths",5,0,"E 11 JANVIER","26108C","maths_chain2",TRUE,0.0866786789782122
"Y3P_2391","Maths",5,1,"ECOLE SIDI ALI","08138V","maths_chain2",TRUE,0.356762674918498
"Y3P_2405","Maths",5,0,"ECOLE PRIMAIRE  EL KODS","01788T","maths_chain2",TRUE,0.0123902958534431
"Y3P_2414","Maths",5,1,"IBN BATTOUTA","08086N","maths_chain2",TRUE,-0.231458060142169
"Y3P_2420","Maths",5,0,"ECOLE PRIMAIRE ELMARWA","27527V","maths_chain2",TRUE,-0.987246089057542
"Y3P_2437","Maths",5,1,"ECOLE SIDI ALI","08138V","maths_chain2",TRUE,0.593474665809633
"Y3P_2439","Maths",5,0,"E DRISS BENZAKRI","25969B","maths_chain2",TRUE,-0.321051723435951
"Y3P_2443","Maths",5,0,"E OUKBA BNOU NAFII","25341U","maths_chain2",TRUE,-0.856857441499207
"Y3P_2449","Maths",5,0,"E OUKBA BNOU NAFII","25341U","maths_chain2",TRUE,-0.146310103433406
"Y3P_2450","Maths",5,1,"ECOLE MOUAD BEN JABAL","25822S","maths_chain2",TRUE,-0.321051723435951
"Y3P_2453","Maths",5,0,"E OUKBA BNOU NAFII","25341U","maths_chain2",TRUE,-0.735490372795394
"Y3P_2454","Maths",5,0,"E OUKBA BNOU NAFII","25341U","maths_chain2",TRUE,-0.735490372795395
"Y3P_2459","Maths",5,0,"ECOLE PRIMAIRE OUED AL MAKHAZINE","01623N","maths_chain2",TRUE,-0.622085437039242
"Y3P_2489","Maths",5,1,"AL FARABI","27200P","maths_chain2",TRUE,0.418635931579502
"Y3P_249","Maths",5,0,"OULED SIDI ABDENNEBI","01738N","maths_chain2",TRUE,-1.12787028635287
"Y3P_2495","Maths",5,1,"EL MAKKI ENNACIRI","27094Z","maths_chain2",TRUE,0.593474665809632
"Y3P_2496","Maths",5,1,"IBNOU MISSKAWAIHE","27772L","maths_chain2",TRUE,0.292828499680344
"Y3P_2501","Maths",5,1,"ECOLE PRIMAIRE MUSTAPHA EL MAANI","14033C","maths_chain2",TRUE,0.012390295853441
"Y3P_2505","Maths",5,0,"ECOLE PRIMAIRE  ALI BNOU ABITALEB","25998H","maths_chain2",TRUE,-0.735490372795395
"Y3P_2508","Maths",5,0,"ECOLE PRIMAIRE IBNOU TOFAIL","01625R","maths_chain2",TRUE,0.478615043457718
"Y3P_2523","Maths",5,1,"ECOLE IBN TOUFAIL","27147G","maths_chain2",TRUE,0.0123902958534415
"Y3P_2544","Maths",5,1,"AL FARABI","27200P","maths_chain2",TRUE,0.754853543907612
"Y3P_2552","Maths",5,0,"E 11 JANVIER","26108C","maths_chain2",TRUE,-0.856857441499207
"Y3P_2577","Maths",5,0,"E ERRAHMA","20901T","maths_chain2",TRUE,0.593474665809634
"Y3P_2587","Maths",5,1,"ECOLE IBRAHIM ROUDANI","23361S","maths_chain2",TRUE,0.702371254301952
"Y3P_2591","Maths",5,0,"E DRISS BENZAKRI","25969B","maths_chain2",TRUE,-1.12787028635287
"Y3P_2595","Maths",5,1,"ECOLE PRIMAIRE MED BELHASSAN AL OUAZZANI","01633Z","maths_chain2",TRUE,0.356762674918498
"Y3P_2612","Maths",5,0,"OUM EL BANINE","26368K","maths_chain2",TRUE,-0.231458060142169
"Y3P_2629","Maths",5,0,"MOHAMED ZERKTOUNI","18165U","maths_chain2",TRUE,-1.28010727746209
"Y3P_2662","Maths",5,0,"ECOLE PRIMAIRE SOUALEM","14375Z","maths_chain2",TRUE,-1.28010727746208
"Y3P_2666","Maths",5,1,"LISSANE EDDINE IBN ALKHATIB","27199N","maths_chain2",TRUE,0.418635931579502
"Y3P_2670","Maths",5,0,"E HOMMANE EL FETOUAKI","26461L","maths_chain2",TRUE,-0.515723260829085
"Y3P_2673","Maths",5,1,"ECOLE PRIMAIRE IBN AL HAYTAM","24791W","maths_chain2",TRUE,0.648611734493326
"Y3P_2678","Maths",5,0,"E DRISS BENZAKRI","25969B","maths_chain2",TRUE,0.702371254301951
"Y3P_2680","Maths",5,0,"MOHAMED ZERKTOUNI","18165U","maths_chain2",TRUE,-0.515723260829085
"Y3P_2683","Maths",5,1,"AL FARABI","27200P","maths_chain2",TRUE,-0.515723260829084
"Y3P_2691","Maths",5,0,"ECOLE PRIMAIRE IBNOU TOFAIL","01625R","maths_chain2",TRUE,-0.415608129987501
"Y3P_2699","Maths",5,0,"OUM EL BANINE","26368K","maths_chain2",TRUE,-0.735490372795396
"Y3P_27","Maths",5,0,"ECOLE PRIMAIRE ELMARWA","27527V","maths_chain2",TRUE,-0.622085437039242
"Y3P_2709","Maths",5,1,"ECOLE PRIMAIRE IBN AL HAYTAM","24791W","maths_chain2",TRUE,0.702371254301952
"Y3P_271","Maths",5,1,"ECOLE PRIMAIRE ENNOUR","26477D","maths_chain2",TRUE,0.0866786789782123
"Y3P_2711","Maths",5,0,"ECOLE PRIMAIRE OUED AL MAKHAZINE","01623N","maths_chain2",TRUE,-0.735490372795394
"Y3P_2727","Maths",5,0,"AHMED BOUKMAKH","26501E","maths_chain2",TRUE,-0.065158119121808
"Y3P_2729","Maths",5,1,"ECOLE PRIMAIRE ENNOUR","26477D","maths_chain2",TRUE,0.648611734493325
"Y3P_2730","Maths",5,1,"ECOLE IBRAHIM ROUDANI","23361S","maths_chain2",TRUE,-0.321051723435951
"Y3P_2733","Maths",5,1,"ECOLE PRIMAIRE ENNOUR","26477D","maths_chain2",TRUE,0.648611734493325
"Y3P_2748","Maths",5,1,"ABDERRAHMANE HJIRA","24457H","maths_chain2",TRUE,0.593474665809634
"Y3P_2765","Maths",5,0,"ECOLE PRIMAIRE ELMARWA","27527V","maths_chain2",TRUE,0.0866786789782123
"Y3P_2786","Maths",5,0,"ECOLE PRIMAIRE SOUALEM","14375Z","maths_chain2",TRUE,0.226646953301278
"Y3P_2787","Maths",5,0,"ECOLE PRIMAIRE SOUALEM","14375Z","maths_chain2",TRUE,-0.856857441499208
"Y3P_2791","Maths",5,1,"ECOLE PRIMAIRE IBN AL HAYTAM","24791W","maths_chain2",TRUE,-0.4156081299875
"Y3P_2807","Maths",5,0,"OUM EL BANINE","26368K","maths_chain2",TRUE,-0.515723260829084
"Y3P_2852","Maths",5,1,"ECOLE ABDELKRIM EL KHATIB","25823T","maths_chain2",TRUE,0.356762674918499
"Y3P_2869","Maths",5,1,"ECOLE PRIMAIRE MUSTAPHA EL MAANI","14033C","maths_chain2",TRUE,0.418635931579501
"Y3P_2871","Maths",5,0,"E 11 JANVIER","26108C","maths_chain2",TRUE,-0.515723260829084
"Y3P_2921","Maths",5,0,"E 11 JANVIER","26108C","maths_chain2",TRUE,-0.856857441499207
"Y3P_2936","Maths",5,1,"ECOLE PRIMAIRE IBN AL HAYTAM","24791W","maths_chain2",TRUE,0.292828499680344
"Y3P_2986","Maths",5,0,"MOHAMED ZERKTOUNI","18165U","maths_chain2",TRUE,0.418635931579502
"Y3P_304","Maths",5,0,"EL FALAH","18168X","maths_chain2",TRUE,-0.231458060142169
"Y3P_311","Maths",5,0,"ECOLE PRIMAIRE  EL KODS","01788T","maths_chain2",TRUE,-0.515723260829084
"Y3P_33","Maths",5,1,"ECOLE SIDI ALI","08138V","maths_chain2",TRUE,-0.735490372795395
"Y3P_358","Maths",5,0,"ECOLE PRIMAIRE OUED AL MAKHAZINE","01623N","maths_chain2",TRUE,-0.146310103433407
"Y3P_372","Maths",5,1,"EL MAKKI ENNACIRI","27094Z","maths_chain2",TRUE,-0.735490372795395
"Y3P_411","Maths",5,1,"IBNOU MISSKAWAIHE","27772L","maths_chain2",TRUE,-0.515723260829084
"Y3P_437","Maths",5,0,"E ERRAHMA","20901T","maths_chain2",TRUE,-1.44549451941188
"Y3P_439","Maths",5,0,"E HOMMANE EL FETOUAKI","26461L","maths_chain2",TRUE,0.418635931579502
"Y3P_451","Maths",5,1,"ENNAHDA","18163S","maths_chain2",TRUE,0.418635931579503
"Y3P_478","Maths",5,0,"ABI BAKR ESSADDIK","01727B","maths_chain2",TRUE,-1.44549451941188
"Y3P_482","Maths",5,1,"ECOLE SIDI ALI","08138V","maths_chain2",TRUE,-0.987246089057542
"Y3P_485","Maths",5,0,"ECOLE PRIMAIRE ELMARWA","27527V","maths_chain2",TRUE,-0.321051723435951
"Y3P_499","Maths",5,1,"ECOLE ABDELKRIM EL KHATIB","25823T","maths_chain2",TRUE,0.702371254301947
"Y3P_524","Maths",5,1,"ECOLE MOUAD BEN JABAL","25822S","maths_chain2",TRUE,0.418635931579503
"Y3P_525","Maths",5,1,"ECOLE IBN TOUFAIL","27147G","maths_chain2",TRUE,0.158008853275081
"Y3P_54","Maths",5,0,"ABI BAKR ESSADDIK","01727B","maths_chain2",TRUE,-1.12787028635287
"Y3P_544","Maths",5,1,"EL MAKKI ENNACIRI","27094Z","maths_chain2",TRUE,0.0866786789782114
"Y3P_575","Maths",5,0,"CENTRALE EL AOUNATE","08101E","maths_chain2",TRUE,0.292828499680343
"Y3P_629","Maths",5,1,"EL MAKKI ENNACIRI","27094Z","maths_chain2",TRUE,0.536849692132648
"Y3P_635","Maths",5,0,"ECOLE PRIMAIRE OUED AL MAKHAZINE","01623N","maths_chain2",TRUE,-0.515723260829085
"Y3P_675","Maths",5,1,"LISSANE EDDINE IBN ALKHATIB","27199N","maths_chain2",TRUE,0.0123902958534412
"Y3P_697","Maths",5,0,"EL FALAH","18168X","maths_chain2",TRUE,-0.622085437039242
"Y3P_763","Maths",5,1,"ECOLE MOUAD BEN JABAL","25822S","maths_chain2",TRUE,-0.515723260829085
"Y3P_785","Maths",5,0,"ECOLE PRIMAIRE  EL KODS","01788T","maths_chain2",TRUE,0.292828499680343
"Y3P_798","Maths",5,0,"ECOLE PRIMAIRE ERHAMNA","01621L","maths_chain2",TRUE,0.648611734493325
"Y3P_815","Maths",5,0,"MOHAMED ZERKTOUNI","18165U","maths_chain2",TRUE,-0.146310103433407
"Y3P_83","Maths",5,0,"ECOLE PRIMAIRE  EL KODS","01788T","maths_chain2",TRUE,-1.28010727746209
"Y3P_832","Maths",5,0,"EL FALAH","18168X","maths_chain2",TRUE,-1.44549451941188
"Y3P_93","Maths",5,0,"ECOLE PRIMAIRE OUED AL MAKHAZINE","01623N","maths_chain2",TRUE,-0.856857441499207
"Y3P_955","Maths",5,0,"ECOLE PRIMAIRE ERHAMNA","01621L","maths_chain2",TRUE,0.158008853275081
"Y3P_97","Maths",5,0,"ECOLE PRIMAIRE IBNOU TOFAIL","01625R","maths_chain2",TRUE,-0.735490372795395
"Y1_132417","Maths",6,1,"IBNOU MISSKAWAIHE","27772L","maths_chain3",FALSE,1.272746444368
"Y1_14294","Maths",6,1,"ECOLE PRIMAIRE ENNOUR","26477D","maths_chain3",FALSE,1.272746444368
"Y3P_1001","Maths",6,1,"LISSANE EDDINE IBN ALKHATIB","27199N","maths_chain3",FALSE,-1.12547561774935
"Y3P_1010","Maths",6,1,"ECOLE MOUAD BEN JABAL","25822S","maths_chain3",FALSE,1.90567271279668
"Y3P_1012","Maths",6,1,"ECOLE MOUAD BEN JABAL","25822S","maths_chain3",FALSE,0.36789081566923
"Y3P_1015","Maths",6,0,"OULED SIDI ABDENNEBI","01738N","maths_chain3",FALSE,2.11711389299543
"Y3P_1016","Maths",6,1,"EL MAKKI ENNACIRI","27094Z","maths_chain3",FALSE,1.69558998086053
"Y3P_1018","Maths",6,1,"ECOLE PRIMAIRE MUSTAPHA EL MAANI","14033C","maths_chain3",FALSE,-0.761135399668811
"Y3P_1029","Maths",6,1,"ENNAHDA","18163S","maths_chain3",FALSE,1.05669622835382
"Y3P_1040","Maths",6,0,"ECOLE PRIMAIRE AHL LOUGHLAM CHARKIA","01722W","maths_chain3",FALSE,0.835248725872672
"Y3P_1043","Maths",6,0,"ECOLE PRIMAIRE AHL LOUGHLAM CHARKIA","01722W","maths_chain3",FALSE,-0.151036531235034
"Y3P_1044","Maths",6,1,"IBNOU MISSKAWAIHE","27772L","maths_chain3",FALSE,1.272746444368
"Y3P_1045","Maths",6,0,"ECOLE PRIMAIRE AHL LOUGHLAM CHARKIA","01722W","maths_chain3",FALSE,-0.440859668055352
"Y3P_105","Maths",6,1,"ECOLE OMAR BNOU ALKHATTAB","14019M","maths_chain3",FALSE,-0.151036531235034
"Y3P_1050","Maths",6,0,"ECOLE PRIMAIRE AHL LOUGHLAM CHARKIA","01722W","maths_chain3",FALSE,1.90567271279669
"Y3P_1056","Maths",6,0,"OULED SIDI ABDENNEBI","01738N","maths_chain3",FALSE,0.606427472720204
"Y3P_1070","Maths",6,0,"ECOLE PRIMAIRE AHL LOUGHLAM CHARKIA","01722W","maths_chain3",FALSE,-0.440859668055352
"Y3P_1083","Maths",6,0,"E ERRAHMA","20901T","maths_chain3",FALSE,-2.10439501174863
"Y3P_1090","Maths",6,0,"ECOLE PRIMAIRE SOUALEM","14375Z","maths_chain3",FALSE,-0.440859668055352
"Y3P_1100","Maths",6,1,"IBN BATTOUTA","08086N","maths_chain3",FALSE,1.05669622835382
"Y3P_1108","Maths",6,1,"EL MAKKI ENNACIRI","27094Z","maths_chain3",FALSE,1.05669622835382
"Y3P_1118","Maths",6,1,"ECOLE SIDI ALI","08138V","maths_chain3",FALSE,0.606427472720204
"Y3P_1119","Maths",6,1,"ECOLE SIDI ALI","08138V","maths_chain3",FALSE,-0.440859668055352
"Y3P_1126","Maths",6,1,"ECOLE SIDI ALI","08138V","maths_chain3",FALSE,-0.76113539966881
"Y3P_1133","Maths",6,1,"ECOLE ABDELKRIM EL KHATIB","25823T","maths_chain3",FALSE,-0.151036531235034
"Y3P_1140","Maths",6,0,"E HOMMANE EL FETOUAKI","26461L","maths_chain3",FALSE,-0.440859668055352
"Y3P_1142","Maths",6,1,"ECOLE IBN TOUFAIL","27147G","maths_chain3",FALSE,0.606427472720204
"Y3P_1143","Maths",6,1,"ECOLE IBN TOUFAIL","27147G","maths_chain3",FALSE,1.05669622835382
"Y3P_1149","Maths",6,0,"E ERRAHMA","20901T","maths_chain3",FALSE,1.272746444368
"Y3P_1153","Maths",6,0,"EL FALAH","18168X","maths_chain3",FALSE,-0.76113539966881
"Y3P_1175","Maths",6,0,"ECOLE PRIMAIRE SOUALEM","14375Z","maths_chain3",FALSE,-2.10439501174863
"Y3P_1187","Maths",6,0,"ECOLE PRIMAIRE ERHAMNA","01621L","maths_chain3",FALSE,-2.85487220147665
"Y3P_1188","Maths",6,0,"E HOMMANE EL FETOUAKI","26461L","maths_chain3",FALSE,1.90567271279669
"Y3P_1193","Maths",6,0,"CENTRALE EL AOUNATE","08101E","maths_chain3",FALSE,1.272746444368
"Y3P_1204","Maths",6,1,"EL MAKKI ENNACIRI","27094Z","maths_chain3",FALSE,1.05669622835382
"Y3P_1215","Maths",6,0,"ECOLE PRIMAIRE OUED AL MAKHAZINE","01623N","maths_chain3",FALSE,0.835248725872671
"Y3P_1221","Maths",6,1,"ECOLE PRIMAIRE MED BELHASSAN AL OUAZZANI","01633Z","maths_chain3",FALSE,-1.12547561774935
"Y3P_1257","Maths",6,0,"ECOLE PRIMAIRE ELMARWA","27527V","maths_chain3",FALSE,-1.12547561774935
"Y3P_1265","Maths",6,1,"IBNOU MISSKAWAIHE","27772L","maths_chain3",FALSE,2.11711389299543
"Y3P_127","Maths",6,1,"ECOLE PRIMAIRE ENNOUR","26477D","maths_chain3",FALSE,-0.76113539966881
"Y3P_1278","Maths",6,1,"ABDERRAHMANE HJIRA","24457H","maths_chain3",FALSE,3.85622612485221
"Y3P_128","Maths",6,1,"ECOLE PRIMAIRE IBN AL HAYTAM","24791W","maths_chain3",FALSE,2.33178427893756
"Y3P_1286","Maths",6,0,"OUM EL BANINE","26368K","maths_chain3",FALSE,0.36789081566923
"Y3P_1288","Maths",6,0,"OUM EL BANINE","26368K","maths_chain3",FALSE,0.835248725872672
"Y3P_129","Maths",6,0,"EL FALAH","18168X","maths_chain3",FALSE,-1.12547561774935
"Y3P_1290","Maths",6,1,"EL MAKKI ENNACIRI","27094Z","maths_chain3",FALSE,0.606427472720205
"Y3P_13","Maths",6,0,"AHMED BOUKMAKH","26501E","maths_chain3",FALSE,-1.55786109002808
"Y3P_1317","Maths",6,0,"E OUKBA BNOU NAFII","25341U","maths_chain3",FALSE,0.116703976014061
"Y3P_1319","Maths",6,1,"ECOLE OMAR BNOU ALKHATTAB","14019M","maths_chain3",FALSE,1.05669622835382
"Y3P_1320","Maths",6,0,"EL FALAH","18168X","maths_chain3",FALSE,0.606427472720204
"Y3P_1336","Maths",6,0,"E HOMMANE EL FETOUAKI","26461L","maths_chain3",FALSE,-1.12547561774935
"Y3P_1343","Maths",6,0,"E DRISS BENZAKRI","25969B","maths_chain3",FALSE,-1.55786109002808
"Y3P_1344","Maths",6,1,"ENNAHDA","18163S","maths_chain3",FALSE,2.11711389299543
"Y3P_1355","Maths",6,1,"ECOLE PRIMAIRE MOHAMED ZARKTOUNI","24698V","maths_chain3",FALSE,1.48515994369769
"Y3P_1358","Maths",6,1,"ABDERRAHMANE HJIRA","24457H","maths_chain3",FALSE,1.90567271279668
"Y3P_1359","Maths",6,1,"ECOLE PRIMAIRE MOHAMED ZARKTOUNI","24698V","maths_chain3",FALSE,0.116703976014061
"Y3P_1362","Maths",6,1,"ECOLE IBN TOUFAIL","27147G","maths_chain3",FALSE,1.05669622835382
"Y3P_1381","Maths",6,0,"ECOLE PRIMAIRE OUED AL MAKHAZINE","01623N","maths_chain3",FALSE,1.272746444368
"Y3P_1385","Maths",6,0,"AHMED BOUKMAKH","26501E","maths_chain3",FALSE,1.90567271279669
"Y3P_1390","Maths",6,0,"MOHAMED ZERKTOUNI","18165U","maths_chain3",FALSE,-0.76113539966881
"Y3P_1404","Maths",6,1,"ECOLE PRIMAIRE ENNOUR","26477D","maths_chain3",FALSE,0.606427472720205
"Y3P_1410","Maths",6,0,"MOHAMED ZERKTOUNI","18165U","maths_chain3",FALSE,-1.12547561774935
"Y3P_1435","Maths",6,0,"ECOLE PRIMAIRE  ALI BNOU ABITALEB","25998H","maths_chain3",FALSE,-2.10439501174863
"Y3P_1436","Maths",6,0,"ECOLE PRIMAIRE  EL KODS","01788T","maths_chain3",FALSE,-0.440859668055352
"Y3P_1439","Maths",6,0,"E DRISS BENZAKRI","25969B","maths_chain3",FALSE,-0.151036531235034
"Y3P_1445","Maths",6,0,"E ERRAHMA","20901T","maths_chain3",FALSE,-2.10439501174863
"Y3P_1447","Maths",6,1,"ECOLE IBRAHIM ROUDANI","23361S","maths_chain3",FALSE,0.36789081566923
"Y3P_1453","Maths",6,0,"ECOLE PRIMAIRE OUED AL MAKHAZINE","01623N","maths_chain3",FALSE,3.55028659213526
"Y3P_1477","Maths",6,0,"MOHAMED ZERKTOUNI","18165U","maths_chain3",FALSE,-0.440859668055352
"Y3P_1487","Maths",6,1,"ECOLE IBRAHIM ROUDANI","23361S","maths_chain3",FALSE,-1.12547561774935
"Y3P_1492","Maths",6,0,"CENTRALE EL AOUNATE","08101E","maths_chain3",FALSE,-1.12547561774935
"Y3P_1501","Maths",6,0,"ABI BAKR ESSADDIK","01727B","maths_chain3",FALSE,-2.85487220147665
"Y3P_1503","Maths",6,0,"ABI BAKR ESSADDIK","01727B","maths_chain3",FALSE,-0.440859668055352
"Y3P_1505","Maths",6,1,"EL MAKKI ENNACIRI","27094Z","maths_chain3",FALSE,3.27398074814907
"Y3P_1514","Maths",6,0,"ECOLE PRIMAIRE SOUALEM","14375Z","maths_chain3",FALSE,-2.10439501174863
"Y3P_1544","Maths",6,1,"ECOLE IBRAHIM ROUDANI","23361S","maths_chain3",FALSE,0.606427472720204
"Y3P_1548","Maths",6,1,"LISSANE EDDINE IBN ALKHATIB","27199N","maths_chain3",FALSE,-1.12547561774935
"Y3P_1595","Maths",6,0,"ECOLE PRIMAIRE  EL KODS","01788T","maths_chain3",FALSE,-0.151036531235034
"Y3P_1655","Maths",6,0,"ECOLE PRIMAIRE ERHAMNA","01621L","maths_chain3",FALSE,-0.151036531235034
"Y3P_1658","Maths",6,1,"ECOLE OMAR BNOU ALKHATTAB","14019M","maths_chain3",FALSE,0.835248725872671
"Y3P_1662","Maths",6,1,"ABDERRAHMANE HJIRA","24457H","maths_chain3",FALSE,2.33178427893756
"Y3P_167","Maths",6,1,"ECOLE PRIMAIRE IBN AL HAYTAM","24791W","maths_chain3",FALSE,0.116703976014061
"Y3P_1713","Maths",6,0,"EL FALAH","18168X","maths_chain3",FALSE,0.606427472720204
"Y3P_1777","Maths",6,0,"E DRISS BENZAKRI","25969B","maths_chain3",FALSE,-2.85487220147665
"Y3P_1786","Maths",6,0,"OUM EL BANINE","26368K","maths_chain3",FALSE,-2.10439501174863
"Y3P_180","Maths",6,1,"ECOLE IBN TOUFAIL","27147G","maths_chain3",FALSE,-1.55786109002808
"Y3P_186","Maths",6,1,"ABDERRAHMANE HJIRA","24457H","maths_chain3",FALSE,0.606427472720204
"Y3P_190","Maths",6,1,"IBNOU MISSKAWAIHE","27772L","maths_chain3",FALSE,0.36789081566923
"Y3P_191","Maths",6,1,"AL FARABI","27200P","maths_chain3",FALSE,-2.10439501174863
"Y3P_192","Maths",6,1,"ECOLE ABDELKRIM EL KHATIB","25823T","maths_chain3",FALSE,-2.10439501174863
"Y3P_193","Maths",6,1,"ENNAHDA","18163S","maths_chain3",FALSE,0.116703976014061
"Y3P_203","Maths",6,0,"ABI BAKR ESSADDIK","01727B","maths_chain3",FALSE,-1.12547561774935
"Y3P_204","Maths",6,0,"ABI BAKR ESSADDIK","01727B","maths_chain3",FALSE,-0.76113539966881
"Y3P_216","Maths",6,1,"LISSANE EDDINE IBN ALKHATIB","27199N","maths_chain3",FALSE,0.116703976014061
"Y3P_238","Maths",6,1,"IBN BATTOUTA","08086N","maths_chain3",FALSE,-0.440859668055352
"Y3P_243","Maths",6,0,"E OUKBA BNOU NAFII","25341U","maths_chain3",FALSE,-2.10439501174863
"Y3P_245","Maths",6,0,"MOHAMED ZERKTOUNI","18165U","maths_chain3",FALSE,-1.55786109002808
"Y3P_247","Maths",6,1,"ECOLE PRIMAIRE ENNOUR","26477D","maths_chain3",FALSE,-2.10439501174863
"Y3P_258","Maths",6,0,"MOHAMED ZERKTOUNI","18165U","maths_chain3",FALSE,-1.12547561774935
"Y3P_261","Maths",6,1,"ECOLE MOUAD BEN JABAL","25822S","maths_chain3",FALSE,0.606427472720204
"Y3P_267","Maths",6,0,"ECOLE PRIMAIRE OUED AL MAKHAZINE","01623N","maths_chain3",FALSE,0.116703976014061
"Y3P_268","Maths",6,1,"ECOLE OMAR BNOU ALKHATTAB","14019M","maths_chain3",FALSE,1.69558998086053
"Y3P_269","Maths",6,1,"ECOLE PRIMAIRE MOHAMED ZARKTOUNI","24698V","maths_chain3",FALSE,-0.440859668055352
"Y3P_286","Maths",6,0,"ECOLE PRIMAIRE ERHAMNA","01621L","maths_chain3",FALSE,-1.55786109002808
"Y3P_287","Maths",6,1,"ENNAHDA","18163S","maths_chain3",FALSE,-0.151036531235034
"Y3P_302","Maths",6,0,"E OUKBA BNOU NAFII","25341U","maths_chain3",FALSE,2.11711389299543
"Y3P_309","Maths",6,0,"ECOLE PRIMAIRE  EL KODS","01788T","maths_chain3",FALSE,-1.12547561774935
"Y3P_317","Maths",6,1,"ECOLE SIDI ALI","08138V","maths_chain3",FALSE,-1.55786109002808
"Y3P_321","Maths",6,1,"ECOLE ABDELKRIM EL KHATIB","25823T","maths_chain3",FALSE,-1.55786109002808
"Y3P_34","Maths",6,0,"OULED SIDI ABDENNEBI","01738N","maths_chain3",FALSE,1.05669622835382
"Y3P_351","Maths",6,1,"IBNOU MISSKAWAIHE","27772L","maths_chain3",FALSE,0.835248725872671
"Y3P_364","Maths",6,1,"ECOLE ABDELKRIM EL KHATIB","25823T","maths_chain3",FALSE,-0.76113539966881
"Y3P_370","Maths",6,1,"ECOLE PRIMAIRE MOHAMED ZARKTOUNI","24698V","maths_chain3",FALSE,0.116703976014061
"Y3P_374","Maths",6,0,"ECOLE PRIMAIRE ELMARWA","27527V","maths_chain3",FALSE,-1.55786109002808
"Y3P_396","Maths",6,0,"ECOLE PRIMAIRE  ALI BNOU ABITALEB","25998H","maths_chain3",FALSE,-0.440859668055352
"Y3P_405","Maths",6,0,"AHMED BOUKMAKH","26501E","maths_chain3",FALSE,1.4851599436977
"Y3P_409","Maths",6,1,"ECOLE PRIMAIRE MOHAMED ZARKTOUNI","24698V","maths_chain3",FALSE,3.85622612485221
"Y3P_41","Maths",6,0,"OUM EL BANINE","26368K","maths_chain3",FALSE,-2.85487220147665
"Y3P_415","Maths",6,1,"ECOLE IBRAHIM ROUDANI","23361S","maths_chain3",FALSE,-2.10439501174863
"Y3P_418","Maths",6,1,"LISSANE EDDINE IBN ALKHATIB","27199N","maths_chain3",FALSE,-0.151036531235035
"Y3P_425","Maths",6,0,"ECOLE PRIMAIRE ELMARWA","27527V","maths_chain3",FALSE,-2.85487220147665
"Y3P_456","Maths",6,0,"ECOLE PRIMAIRE OUED AL MAKHAZINE","01623N","maths_chain3",FALSE,1.90567271279669
"Y3P_472","Maths",6,0,"ECOLE PRIMAIRE IBNOU TOFAIL","01625R","maths_chain3",FALSE,1.272746444368
"Y3P_502","Maths",6,0,"OUM EL BANINE","26368K","maths_chain3",FALSE,-2.10439501174863
"Y3P_51","Maths",6,0,"ECOLE PRIMAIRE  ALI BNOU ABITALEB","25998H","maths_chain3",FALSE,-1.12547561774935
"Y3P_527","Maths",6,0,"E HOMMANE EL FETOUAKI","26461L","maths_chain3",FALSE,-1.55786109002808
"Y3P_531","Maths",6,0,"CENTRALE EL AOUNATE","08101E","maths_chain3",FALSE,3.01914683112264
"Y3P_558","Maths",6,1,"ECOLE PRIMAIRE MUSTAPHA EL MAANI","14033C","maths_chain3",FALSE,0.36789081566923
"Y3P_581","Maths",6,1,"ECOLE PRIMAIRE MED BELHASSAN AL OUAZZANI","01633Z","maths_chain3",FALSE,0.36789081566923
"Y3P_582","Maths",6,1,"ECOLE PRIMAIRE ENNOUR","26477D","maths_chain3",FALSE,-0.440859668055352
"Y3P_6","Maths",6,1,"AL FARABI","27200P","maths_chain3",FALSE,0.36789081566923
"Y3P_600","Maths",6,0,"ECOLE PRIMAIRE SOUALEM","14375Z","maths_chain3",FALSE,-1.55786109002808
"Y3P_601","Maths",6,0,"ECOLE PRIMAIRE SOUALEM","14375Z","maths_chain3",FALSE,-0.761135399668811
"Y3P_611","Maths",6,1,"ECOLE PRIMAIRE IBN AL HAYTAM","24791W","maths_chain3",FALSE,2.55183728485075
"Y3P_626","Maths",6,1,"ECOLE SIDI ALI","08138V","maths_chain3",FALSE,-0.76113539966881
"Y3P_632","Maths",6,1,"ECOLE MOUAD BEN JABAL","25822S","maths_chain3",FALSE,-2.85487220147665
"Y3P_638","Maths",6,0,"ECOLE PRIMAIRE IBNOU TOFAIL","01625R","maths_chain3",FALSE,1.05669622835382
"Y3P_639","Maths",6,1,"ABDERRAHMANE HJIRA","24457H","maths_chain3",FALSE,2.11711389299543
"Y3P_642","Maths",6,1,"ECOLE PRIMAIRE MED BELHASSAN AL OUAZZANI","01633Z","maths_chain3",FALSE,0.606427472720204
"Y3P_643","Maths",6,1,"ECOLE PRIMAIRE MED BELHASSAN AL OUAZZANI","01633Z","maths_chain3",FALSE,-2.85487220147665
"Y3P_647","Maths",6,0,"E HOMMANE EL FETOUAKI","26461L","maths_chain3",FALSE,1.05669622835382
"Y3P_650","Maths",6,0,"CENTRALE EL AOUNATE","08101E","maths_chain3",FALSE,-2.85487220147665
"Y3P_666","Maths",6,0,"CENTRALE EL AOUNATE","08101E","maths_chain3",FALSE,-0.440859668055352
"Y3P_67","Maths",6,1,"IBN BATTOUTA","08086N","maths_chain3",FALSE,-1.55786109002808
"Y3P_677","Maths",6,1,"AL FARABI","27200P","maths_chain3",FALSE,0.835248725872671
"Y3P_680","Maths",6,0,"E ERRAHMA","20901T","maths_chain3",FALSE,-0.76113539966881
"Y3P_691","Maths",6,0,"E ERRAHMA","20901T","maths_chain3",FALSE,-1.55786109002808
"Y3P_696","Maths",6,1,"ECOLE OMAR BNOU ALKHATTAB","14019M","maths_chain3",FALSE,-0.440859668055351
"Y3P_703","Maths",6,1,"ENNAHDA","18163S","maths_chain3",FALSE,0.835248725872672
"Y3P_715","Maths",6,1,"ECOLE ABDELKRIM EL KHATIB","25823T","maths_chain3",FALSE,0.36789081566923
"Y3P_722","Maths",6,0,"ECOLE PRIMAIRE ELMARWA","27527V","maths_chain3",FALSE,-2.85487220147665
"Y3P_725","Maths",6,0,"AHMED BOUKMAKH","26501E","maths_chain3",FALSE,-0.151036531235034
"Y3P_727","Maths",6,1,"ECOLE PRIMAIRE MED BELHASSAN AL OUAZZANI","01633Z","maths_chain3",FALSE,0.36789081566923
"Y3P_734","Maths",6,1,"AL FARABI","27200P","maths_chain3",FALSE,0.116703976014061
"Y3P_767","Maths",6,1,"ECOLE MOUAD BEN JABAL","25822S","maths_chain3",FALSE,0.835248725872671
"Y3P_775","Maths",6,1,"ECOLE IBN TOUFAIL","27147G","maths_chain3",FALSE,4.20087573844898
"Y3P_784","Maths",6,0,"ECOLE PRIMAIRE  EL KODS","01788T","maths_chain3",FALSE,3.01914683112263
"Y3P_786","Maths",6,0,"ECOLE PRIMAIRE  EL KODS","01788T","maths_chain3",FALSE,-2.10439501174863
"Y3P_794","Maths",6,0,"ECOLE PRIMAIRE IBNOU TOFAIL","01625R","maths_chain3",FALSE,1.05669622835382
"Y3P_795","Maths",6,1,"LISSANE EDDINE IBN ALKHATIB","27199N","maths_chain3",FALSE,3.01914683112263
"Y3P_803","Maths",6,1,"AL FARABI","27200P","maths_chain3",FALSE,0.36789081566923
"Y3P_823","Maths",6,1,"ECOLE PRIMAIRE IBN AL HAYTAM","24791W","maths_chain3",FALSE,0.835248725872672
"Y3P_828","Maths",6,0,"EL FALAH","18168X","maths_chain3",FALSE,2.11711389299543
"Y3P_837","Maths",6,0,"OULED SIDI ABDENNEBI","01738N","maths_chain3",FALSE,1.05669622835382
"Y3P_863","Maths",6,0,"E OUKBA BNOU NAFII","25341U","maths_chain3",FALSE,-1.12547561774935
"Y3P_870","Maths",6,0,"ECOLE PRIMAIRE  ALI BNOU ABITALEB","25998H","maths_chain3",FALSE,-2.85487220147665
"Y3P_874","Maths",6,0,"ECOLE PRIMAIRE  ALI BNOU ABITALEB","25998H","maths_chain3",FALSE,-1.12547561774935
"Y3P_875","Maths",6,0,"AHMED BOUKMAKH","26501E","maths_chain3",FALSE,-0.761135399668811
"Y3P_879","Maths",6,1,"ECOLE IBRAHIM ROUDANI","23361S","maths_chain3",FALSE,1.90567271279669
"Y3P_888","Maths",6,0,"ECOLE PRIMAIRE IBNOU TOFAIL","01625R","maths_chain3",FALSE,1.05669622835382
"Y3P_907","Maths",6,1,"IBN BATTOUTA","08086N","maths_chain3",FALSE,1.05669622835382
"Y3P_911","Maths",6,1,"IBN BATTOUTA","08086N","maths_chain3",FALSE,1.69558998086053
"Y3P_924","Maths",6,0,"ECOLE PRIMAIRE IBNOU TOFAIL","01625R","maths_chain3",FALSE,-0.440859668055351
"Y3P_927","Maths",6,1,"ECOLE PRIMAIRE IBN AL HAYTAM","24791W","maths_chain3",FALSE,2.11711389299543
"Y3P_949","Maths",6,0,"ECOLE PRIMAIRE ERHAMNA","01621L","maths_chain3",FALSE,2.77986816856633
"Y3P_952","Maths",6,0,"ECOLE PRIMAIRE ERHAMNA","01621L","maths_chain3",FALSE,1.05669622835382
"Y3P_956","Maths",6,0,"OULED SIDI ABDENNEBI","01738N","maths_chain3",FALSE,1.90567271279669
"Y3P_967","Maths",6,0,"ECOLE PRIMAIRE ELMARWA","27527V","maths_chain3",FALSE,-2.85487220147665
"Y3P_974","Maths",6,0,"E OUKBA BNOU NAFII","25341U","maths_chain3",FALSE,-0.440859668055352
"Y3P_981","Maths",6,0,"E DRISS BENZAKRI","25969B","maths_chain3",FALSE,-2.10439501174863
"Y3P_982","Maths",6,0,"E DRISS BENZAKRI","25969B","maths_chain3",FALSE,-2.85487220147665
"Y3P_984","Maths",6,1,"ECOLE PRIMAIRE MUSTAPHA EL MAANI","14033C","maths_chain3",FALSE,0.116703976014061
"Y3P_985","Maths",6,1,"ECOLE PRIMAIRE MUSTAPHA EL MAANI","14033C","maths_chain3",FALSE,-1.12547561774935
"Y3P_99","Maths",6,1,"ECOLE PRIMAIRE MUSTAPHA EL MAANI","14033C","maths_chain3",FALSE,-1.55786109002808
"Y3P_991","Maths",6,0,"ABI BAKR ESSADDIK","01727B","maths_chain3",FALSE,-0.76113539966881
